id,ticker,query_used,source_name,author,title,description,url,url_to_image,content,published_at_utc,published_date_ist,fetched_at
298,HDFCBANK.NS,"""HDFC Bank"" OR HDFCBANK",The Times of India,ET Bureau,Rupee ends flat at 95.95 as RBI dollar sales offset pressure,"On Wednesday, the Indian rupee maintained its position at 95.95 against the US dollar, thanks to the central bank's dollar sales which helped stabilize its value. However, ongoing demand from oil firms and importers kept the currency under strain. Market anal…",https://economictimes.indiatimes.com/markets/forex/rupee-closes-unchanged-at-95-95-amid-dollar-sales-by-rbi-faces-import-pressure/articleshow/134297030.cms,"https://img.etimg.com/thumb/msid-134297042,width-1200,height-630,imgsize-93054,overlay-etmarkets/articleshow.jpg","(What's moving Sensex and Nifty Track latest market news, stock tips, Budget 2025, Share Market on Budget 2025 and expert advice, on ETMarkets. Also, ETMarkets.com is now on Telegram. For fastest new… [+330 chars]",2026-09-17T00:53:35Z,2026-09-17,2026-09-22T18:03:32Z
297,HDFCBANK.NS,"""HDFC Bank"" OR HDFCBANK",The Times of India,Sachin Kumar,Can NSE IPO deliver long-term growth for high-risk investors?,"In a bold move, the National Stock Exchange is set to initiate a major offer for sale, aiming to secure additional capital from its existing investors. This organization boasts a fully integrated platform focused on trading and settlement, where transaction f…",https://economictimes.indiatimes.com/markets/ipos/fpos/can-nse-ipo-deliver-long-term-growth-for-high-risk-investors/articleshow/134297090.cms,"https://img.etimg.com/thumb/msid-134297103,width-1200,height-630,imgsize-359246,overlay-etmarkets/articleshow.jpg","(What's moving Sensex and Nifty Track latest market news, stock tips, Budget 2025, Share Market on Budget 2025 and expert advice, on ETMarkets. Also, ETMarkets.com is now on Telegram. For fastest new… [+330 chars]",2026-09-17T01:13:36Z,2026-09-17,2026-09-22T18:03:32Z
296,HDFCBANK.NS,"""HDFC Bank"" OR HDFCBANK",The Times of India,ET Bureau,Kamlesh Chandra Varshney reappointed as Sebi whole-time member,"Sebi has announced the continued presence of Kamlesh Chandra Varshney as a whole-time member following approval from the Appointments Committee of the Cabinet. His new term lasts until August 4, 2029, unless specified otherwise. Varshney originally took offic…",https://economictimes.indiatimes.com/markets/stocks/news/kamlesh-chandra-varshney-reappointed-as-sebi-whole-time-member/articleshow/134297428.cms,"https://img.etimg.com/thumb/msid-134297452,width-1200,height-630,imgsize-3974936,overlay-etmarkets/articleshow.jpg","(What's moving Sensex and Nifty Track latest market news, stock tips, Budget 2025, Share Market on Budget 2025 and expert advice, on ETMarkets. Also, ETMarkets.com is now on Telegram. For fastest new… [+330 chars]",2026-09-17T01:43:56Z,2026-09-17,2026-09-22T18:03:32Z
295,HDFCBANK.NS,"""HDFC Bank"" OR HDFCBANK",PRNewswire,,Robbins LLP Urges HDB Stockholders to Contact the Firm for Information About the Class Action Against HDFC Bank Limited,"SAN DIEGO, Sept. 16, 2026 /PRNewswire/ -- Shareholder rights law firm Robbins LLP reminds investors that a class action was filed on behalf of all persons and entities who purchased or otherwise acquired HDFC Bank Limited (NYSE: HDB) securities between July 1…",https://www.prnewswire.com/news-releases/robbins-llp-urges-hdb-stockholders-to-contact-the-firm-for-information-about-the-class-action-against-hdfc-bank-limited-302881213.html,https://mmx.prnewswire.com/media/MS559099/Robbins-LLP-Logo.jpg?id=OA2954163&p=facebook,"SAN DIEGO, Sept. 16, 2026 /PRNewswire/ -- Shareholder rights law firm Robbins LLP reminds investors that a class action was filed on behalf of all persons and entities who purchased or otherwise acqu… [+5073 chars]",2026-09-17T02:02:00Z,2026-09-17,2026-09-22T18:03:32Z
294,HDFCBANK.NS,"""HDFC Bank"" OR HDFCBANK",The Times of India,Bloomberg,India supplies Wall Street with CEOs but has a shortage at home,"India’s biggest private banks are finding it increasingly difficult to identify executives with the breadth of experience needed to lead large, complex institutions. HDFC Bank and Kotak Mahindra Bank’s CEO searches have highlighted a surprisingly narrow talen…",https://economictimes.indiatimes.com/industry/banking/finance/banking/india-supplies-wall-street-with-ceos-but-has-a-shortage-at-home/articleshow/134298107.cms,"https://img.etimg.com/thumb/msid-134299200,width-1200,height-630,imgsize-67862,overlay-economictimes/articleshow.jpg","Indian-born bankers have led global financial giants from Deutsche Bank AG and Citigroup Inc. to Barclays Plc. Yet at home, the countrys lenders can face a string of challenges finding executives for… [+6961 chars]",2026-09-17T02:02:37Z,2026-09-17,2026-09-22T18:03:32Z
293,HDFCBANK.NS,"""HDFC Bank"" OR HDFCBANK",Livemint,list.metadata.agency,India supplies Wall Street with CEOs but has a shortage at home,"Indians have led Deutsche Bank and Citigroup to Barclays yet at home, the likes of HDFC Bank to Kotak Mahindra Bank can face a string of challenges finding CEOs.",https://www.livemint.com/industry/banking/india-supplies-wall-street-with-ceos-but-has-a-shortage-at-home-11789615427298.html,https://www.livemint.com/lm-img/img/2026/09/17/1600x900/logo/Sashidhar-Jagdishan_1789616273649_uvnG_1789616273859_Jk5j_f3a0594a-28c5-4765-b569-1748d12a13a2_IBQh.JPG,"Indian-born bankers have led global financial giants from Deutsche Bank AG and Citigroup Inc. to Barclays Plc. Yet at home, the countrys lenders can face a string of challenges finding executives for… [+6852 chars]",2026-09-17T03:40:53Z,2026-09-17,2026-09-22T18:03:32Z
292,HDFCBANK.NS,"""HDFC Bank"" OR HDFCBANK",The Times of India,Debaroti Adhikary,Reliance Industries shares in focus as govt slashes windfall tax on fuel exports; stock down 21% in 2026 so far,"Reliance Industries will remain in focus after the government cut windfall taxes on petrol, diesel and ATF exports. The company, a major exporter of ATF and diesel, is also raising Rs 12,500 crore through a five-year bond issue amid continued volatility in oi…",https://economictimes.indiatimes.com/markets/stocks/news/reliance-industries-shares-in-focus-as-govt-slashes-windfall-tax-on-fuel-exports-stock-down-21-in-2026-so-far/articleshow/134301211.cms,"https://img.etimg.com/thumb/msid-134301262,width-1200,height-630,imgsize-2025278,overlay-etmarkets/articleshow.jpg","Shares of Mukesh Ambani-led Reliance Industries (RIL) will remain in focus on Thursday after the government slashed windfall tax on petroleum exports, reducing levies on petrol, diesel and aviation t… [+3677 chars]",2026-09-17T04:02:15Z,2026-09-17,2026-09-22T18:03:32Z
291,HDFCBANK.NS,"""HDFC Bank"" OR HDFCBANK",The Times of India,Nikhil Agarwal,HDFC Bank is winning the mutual fund vote over ICICI Bank. Can the shift last?,"HDFC Bank’s stock has fallen 27% in 2026, while ICICI Bank has gained 1.6%. Yet mutual funds have increasingly favoured HDFC Bank, adding to the laggard while trimming ICICI Bank. By August-end, ICICI Bank remained the larger mutual-fund holding, but the rece…",https://economictimes.indiatimes.com/markets/stocks/news/hdfc-bank-is-winning-the-mutual-fund-vote-over-icici-bank-can-the-shift-last/articleshow/134301441.cms,"https://img.etimg.com/thumb/msid-134301487,width-1200,height-630,imgsize-2092361,overlay-etmarkets/articleshow.jpg","HDFC Banks stock has fallen 27% in 2026, making it one of the worst performers on the Nifty, while ICICI Bank has gained 1.6%. Yet mutual funds appear to be moving in the opposite direction, adding t… [+6004 chars]",2026-09-17T04:14:37Z,2026-09-17,2026-09-22T18:03:32Z
290,HDFCBANK.NS,"""HDFC Bank"" OR HDFCBANK",BusinessLine,Anupama Ghosh,"Fed rate hike, FII selling weigh on Nifty; IT drags, FMCG leads",The cautious opening follows the US Federal Reserve's decision to raise its benchmark interest rate by 25 basis points to a 3.75%–4% target range,https://www.thehindubusinessline.com/markets/fed-rate-hike-fii-selling-weigh-on-nifty-it-drags-fmcg-leads/article71475254.ece,https://bl-i.thgim.com/public/incoming/7dfhpa/article71475283.ece/alternates/LANDSCAPE_1200/FPIs-are-back_-GFGGEEU3J.4.jpg.jpg,"Markets opened cautiously on Thursday, September 17, with the Nifty 50 trading at 23,250.55, up 32.95 points (0.14 per cent) from its previous close of 23,217.60, after opening at 23,195.25. The Sens… [+4218 chars]",2026-09-17T04:17:32Z,2026-09-17,2026-09-22T18:03:32Z
289,HDFCBANK.NS,"""HDFC Bank"" OR HDFCBANK",The Times of India,Debaroti Adhikary,"Sensex rises 200 points, Nifty above 23,300 despite Fed rate hike. Why bears may be ready to pounce","Sensex and Nifty extended gains despite the US Federal Reserve’s first rate hike in three years, supported by broad-based buying outside the IT sector. Analysts remain cautious as elevated bond yields, FII selling, rupee weakness and geopolitical risks could …",https://economictimes.indiatimes.com/markets/stocks/news/sensex-rises-200-points-nifty-above-23300-despite-fed-rate-hike-why-bears-may-be-ready-to-pounce/articleshow/134303083.cms,"https://img.etimg.com/thumb/msid-134303357,width-1200,height-630,imgsize-2355690,overlay-etmarkets/articleshow.jpg","The Indian stock market extended gains on Thursday, with Sensex and Nifty trading higher, bucking worries after the US Federal Reserves first rate hike in three years, although analysts advise cautio… [+4477 chars]",2026-09-17T06:11:53Z,2026-09-17,2026-09-22T18:03:32Z
288,HDFCBANK.NS,"""HDFC Bank"" OR HDFCBANK",The Times of India,ET Online,"‘Fed’ up with inflation? US rate hike leaves RBI with an October-or-December dilemma, economists say","The US Federal Reserve’s first rate hike since 2023 has added to pressure on India, with the rupee breaching 96 against the dollar and economists increasingly debating when the RBI could follow with a hike of its own. Emkay sees an October move as increasingl…",https://economictimes.indiatimes.com/news/economy/indicators/us-federal-reserve-fed-rate-hike-india-impact-rbi-repo-rate-october-december-policy-rupee-breaches-96-dollar-inflation-economists/articleshow/134303331.cms,"https://img.etimg.com/thumb/msid-134303410,width-1200,height-630,imgsize-200224,overlay-economictimes/articleshow.jpg","The US Federal Reserves return to interest rate hikes is turning up the pressure on India, pushing the rupee past 96 against the dollar and adding a fresh complication to the Reserve Bank of Indias u… [+8704 chars]",2026-09-17T06:15:59Z,2026-09-17,2026-09-22T18:03:32Z
287,HDFCBANK.NS,"""HDFC Bank"" OR HDFCBANK",India Today,Sonu Vivek,"Sensex, Nifty rise after Fed hike, but IT drag and FII selling cap gains","Sensex and Nifty opened higher after the Federal Reserve raised rates by 25 basis points. Gains stayed limited as IT weakness, FII selling and high crude prices kept pressure on sentiment.",https://www.indiatoday.in/business/market/story/sensex-today-nifty-today-rise-after-fed-rate-hike-it-stocks-fii-selling-weigh-2996489-2026-09-17,https://akm-img-a-in.tosshub.com/indiatoday/images/story/202609/stock-market-opening-171555623-16x9_0.jpeg?VersionId=cwBcrk7oEtfyv206081i2NjXY1BOxk7c,"Benchmark indices opened higher on Thursday despite the US Federal Reserve raising interest rates by 25 basis points, with domestic equities attempting to extend the previous session's recovery. Howe… [+4203 chars]",2026-09-17T06:47:53Z,2026-09-17,2026-09-22T18:03:32Z
286,HDFCBANK.NS,"""HDFC Bank"" OR HDFCBANK",BusinessLine,BL Bengaluru Bureau,HDFC Bank shares dip below ₹716; Stock hits day low,"HDFC Bank shares remained in focus on Thursday, with the stock trading lower after opening at ₹717.50 on the NSE.",https://www.thehindubusinessline.com/markets/stock-markets/hdfc-bank-shares-dip-below-716-stock-hits-day-low/article71475627.ece,https://bl-i.thgim.com/public/incoming/jqxdwy/article71427113.ece/alternates/LANDSCAPE_1200/466330969.jpg,"HDFC Bank shares remained in focus on Thursday, with the stock trading lower after opening at 717.50 on the NSE.
The stock ended at 721.50 on Wednesday and moderated between 713.10 and 719.05 during… [+669 chars]",2026-09-17T06:57:13Z,2026-09-17,2026-09-22T18:03:32Z
285,HDFCBANK.NS,"""HDFC Bank"" OR HDFCBANK",The Times of India,Kshitij Anand,"ETMarkets Smart Talk| India less vulnerable to US rate shocks, but expensive midcaps remain at risk: Amar K Ambani","Indian equities are better positioned to withstand global rate shocks due to strong domestic liquidity, but expensive mid- and small-cap stocks remain vulnerable to rising US yields and earnings disappointments, says YES Securities’ Amar K Ambani. He expects …",https://economictimes.indiatimes.com/markets/expert-view/etmarkets-smart-talk-india-less-vulnerable-to-us-rate-shocks-but-expensive-midcaps-remain-at-risk-amar-k-ambani/articleshow/134304584.cms,"https://img.etimg.com/thumb/msid-134304678,width-1200,height-630,imgsize-239855,overlay-etmarkets/articleshow.jpg","Indian equities have become far more resilient to global rate shocks, thanks in large part to the strength of domestic liquidity. But that does not mean the market is immune to higher-for-longer US i… [+9270 chars]",2026-09-17T07:13:01Z,2026-09-17,2026-09-22T18:03:32Z
284,HDFCBANK.NS,"""HDFC Bank"" OR HDFCBANK",Business Standard,SI Reporter,NSE IPO bid details: Offer booked 0.26 times so far on day 1; GMP at 8%,"The NSE opened for subscription today (September 17) and will remain open till Monday, (September 21). The exchange has set a price band of ₹1,700-1,785 per share.",https://www.business-standard.com/markets/news/nse-ipo-bid-details-offer-booked-0-26-times-so-far-on-day-1-gmp-at-8-126091700481_1.html,https://bsmedia.business-standard.com/_media/bs/img/article/2026-09/15/thumb/fitandfill/1200X628/1789443177-3483.jpg,"National Stock Exchange (NSE)s 22,569-crore initial public offering was subscribed 0.26 times as of 12:50 PM on the first day of bidding.
The IPO received bids for 2,34,13,448 shares against 8,86,42… [+2408 chars]",2026-09-17T07:36:39Z,2026-09-17,2026-09-22T18:03:32Z
283,HDFCBANK.NS,"""HDFC Bank"" OR HDFCBANK",Business Standard,Capital Market,"Sensex, Nifty come off the day's high; European shares tread cautiously","The benchmark indices came off the day's high in afternoon trade as investors assessed the US Feds latest policy decision and its impact on global liquidity. The Nifty traded below the 23,300 level amid cautious sentiment over the stronger dollar and further …",https://www.business-standard.com/markets/capital-market-news/sensex-nifty-come-off-the-day-s-high-european-shares-tread-cautiously-126091700548_1.html,https://www.business-standard.com/assets/web-assets/images/Business_Standard_1_685x385.jpg,"The benchmark indices came off the day's high in afternoon trade as investors assessed the US Feds latest policy decision and its impact on global liquidity. The Nifty traded below the 23,300 level a… [+4544 chars]",2026-09-17T08:20:11Z,2026-09-17,2026-09-22T18:03:32Z
282,HDFCBANK.NS,"""HDFC Bank"" OR HDFCBANK",The Times of India,Reuters,RBI withdraws $5.2 billion via first net open market debt sale in 9 years,"The Reserve Bank of India has taken steps to absorb liquidity from the banking sector by selling bonds worth 500 billion rupees. This strategic move included the sale of securities with maturation dates slated between fiscal 2029 and fiscal 2032, marking the …",https://economictimes.indiatimes.com/markets/bonds/rbi-withdraws-5-2-billion-via-first-net-open-market-debt-sale-in-9-years/articleshow/134307114.cms,"https://img.etimg.com/thumb/msid-134307159,width-1200,height-630,imgsize-81600,overlay-etmarkets/articleshow.jpg","(What's moving Sensex and Nifty Track latest market news, stock tips, Budget 2025, Share Market on Budget 2025 and expert advice, on ETMarkets. Also, ETMarkets.com is now on Telegram. For fastest new… [+330 chars]",2026-09-17T09:12:59Z,2026-09-17,2026-09-22T18:03:32Z
281,HDFCBANK.NS,"""HDFC Bank"" OR HDFCBANK",Livemint,Kirti Jha,"Bandhan Small Cap Fund August portfolio: Cyient, P N Gadgil see higher holdings; 4 stocks added, 6 exited","Bandhan Small Cap Fund attracted  ₹2,187 crore in August, the highest inflow among small-cap schemes, as it reshuffled several existing holdings and added four new stocks. Cyient, P N Gadgil Jewellers and Strides Pharma were among the stocks where holdings in…",https://www.livemint.com/money/personal-finance/bandhan-small-cap-fund-august-portfolio-cyient-p-n-gadgil-see-higher-holdings-4-stocks-added-6-exited-11789636919234.html,https://www.livemint.com/lm-img/img/2026/09/17/1600x900/logo/k_1789637358694_o3oe_1789637363363_Bi1y_e8c8626b-bfa2-4228-b39f-61327ba3d824_EN25.png,"Small-cap mutual funds remained popular with investors in August, attracting 7,973 crore, the highest inflow among equity fund categories, according to AMFI data. Bandhan Small Cap Fund led individua… [+4543 chars]",2026-09-17T09:30:47Z,2026-09-17,2026-09-22T18:03:32Z
280,HDFCBANK.NS,"""HDFC Bank"" OR HDFCBANK",Business Standard,Amit Kumar,Fixed deposit rates in mid-Sep up to 8.25%: Top picks across banks,"The highest rate may come with a longer lock-in, making tenure and liquidity important before you invest",https://www.business-standard.com/finance/personal-finance/fixed-deposit-rates-in-mid-sep-up-to-8-25-top-picks-across-banks-126091700674_1.html,https://bsmedia.business-standard.com/_media/bs/img/article/2024-08/30/thumb/fitandfill/1200X628/1725009842-4574.jpg,"The highest rate may come with a longer lock-in, making tenure and liquidity important before you invest
Fixed Deposit, FD(Photo: Shutterstock)
Amit KumarNew Delhi7 min read Last Updated : Sep 17 2… [+9065 chars]",2026-09-17T09:34:43Z,2026-09-17,2026-09-22T18:03:32Z
279,HDFCBANK.NS,"""HDFC Bank"" OR HDFCBANK",Business Standard,Amit Kumar,Senior citizen FD rates in mid-September up to 8.5%: Top rates compared,"Small finance banks offer the highest rates, while select lenders provide extra interest for super senior citizens aged 80 or more",https://www.business-standard.com/finance/personal-finance/senior-citizen-fd-rates-in-mid-september-up-to-8-5-top-rates-compared-126091700706_1.html,https://bsmedia.business-standard.com/_media/bs/img/article/2024-05/06/thumb/fitandfill/1200X628/1715000569-9083.jpg,"Small finance banks offer the highest rates, while select lenders provide extra interest for super senior citizens aged 80 or more
Amit KumarNew Delhi7 min read Last Updated : Sep 17 2026 | 3:23 PM … [+9528 chars]",2026-09-17T09:53:58Z,2026-09-17,2026-09-22T18:03:32Z
278,HDFCBANK.NS,"""HDFC Bank"" OR HDFCBANK",The Times of India,Trending Desk,"Apple iPhone 17 Pro at Rs 69,990: Here's how you can get the Rs 1,34,990 phone under Rs 70,000","iPhone 17 Pro at Rs 69,990: The Apple iPhone 17 Pro 256GB can be bought at an effective Rs 69,990 at Croma, but the price is available only after combining exchange value, an exchange bonus and eligible bank cashback. Here's how the offer works and who can ac…",https://economictimes.indiatimes.com/news/new-updates/apple-iphone-17-pro-at-rs-69990-heres-how-you-can-get-the-rs-134990-phone-under-rs-70000/articleshow/134307735.cms,"https://img.etimg.com/thumb/msid-134308419,width-1200,height-630,imgsize-111565,overlay-economictimes/articleshow.jpg","Apple's iPhone 17 Pro, which launched in India at Rs 1,34,900, is now available at an effective price of Rs 69,990. But there is an important catch. This is not a flat price cut, and buyers cannot si… [+5195 chars]",2026-09-17T10:12:42Z,2026-09-17,2026-09-22T18:03:32Z
277,HDFCBANK.NS,"""HDFC Bank"" OR HDFCBANK",BusinessLine,"Team BL, KS Badri Narayanan","Sensex today | Stock Market Highlights: Nifty, Sensex close flat as high crude price concerns offset value buying","Sensex Today, Nifty 50 | Stock Market Highlights - Find here all the highlights related to Sensex, Nifty, BSE, NSE, share prices and Indian stock markets for 17th September 2026. Follow our NSE IPO Live to know real-time subscription data.",https://www.thehindubusinessline.com/markets/sensex-nifty50-today-stock-market-highlights-17th-september-2026/article71472777.ece,https://bl-i.thgim.com/public/incoming/uujvyr/article71472793.ece/alternates/LANDSCAPE_1200/stock%20market%20graph.jpg,"<li></li>
September 17, 2026 16:05Puravankara expects 2,600 cr revenue from Mumbai redevelopment projects
Puravankara expects 2,600 cr revenue from Mumbai redevelopment projects
Puravankara Ltd pl… [+65277 chars]",2026-09-17T10:43:25Z,2026-09-17,2026-09-22T18:03:32Z
276,HDFCBANK.NS,"""HDFC Bank"" OR HDFCBANK",The Times of India,Anupam Nagar,"Quote of the day by Francois Rochon: ""One of the biggest mistakes investors make is to look at the last few years and assume that’s the new norm""","Francois Rochon cautions investors against assuming recent market conditions will persist indefinitely. His observation highlights the risks of extrapolating short-term trends, stressing the importance of understanding market cycles, valuations, fundamentals …",https://economictimes.indiatimes.com/markets/us-stocks/wall-street-guide/quote-of-the-day-by-francois-rochon-one-of-the-biggest-mistakes-investors-make-is-to-look-at-the-last-few-years-and-assume-thats-the-new-norm/articleshow/134309621.cms,"https://img.etimg.com/thumb/msid-134309670,width-1200,height-630,imgsize-39908,overlay-etmarkets/articleshow.jpg","(What's moving Sensex and Nifty Track latest market news, stock tips, Budget 2025, Share Market on Budget 2025 and expert advice, on ETMarkets. Also, ETMarkets.com is now on Telegram. For fastest new… [+330 chars]",2026-09-17T10:58:42Z,2026-09-17,2026-09-22T18:03:32Z
275,HDFCBANK.NS,"""HDFC Bank"" OR HDFCBANK",The Times of India,Kumar Gaurav,"Market wrap: HDFC Life, Tata Motors PV, BEL, HDFC Bank, ONGC top gainers and losers on Nifty and Sensex on Thursday","Indian equities ended mixed on Thursday, with the Sensex declining marginally while the Nifty gained 0.23%. HDFC Life, Tata Motors PV and SBI Life led Nifty gainers, while ONGC, Titan and HDFC Bank were among the top laggards. Broader markets recovered, with …",https://economictimes.indiatimes.com/markets/stocks/news/market-wrap-hdfc-life-tata-motors-pv-bel-hdfc-bank-ongc-top-gainers-and-losers-on-nifty-and-sensex-on-thursday/articleshow/134310473.cms,"https://img.etimg.com/thumb/msid-134310473,width-1200,height-630,imgsize-146002,overlay-etmarkets/articleshow.jpg","The Indian equity markets ended on a mixed note on Thursday, September 17, with the benchmark indices diverging amid sharp volatility during the closing auction session on the weekly expiry day. The … [+2202 chars]",2026-09-17T11:33:31Z,2026-09-17,2026-09-22T18:03:32Z
274,HDFCBANK.NS,"""HDFC Bank"" OR HDFCBANK",The Times of India,ET Spotlight,Getaway to the UAE: Delhi roadshow charts India’s next leap into global markets,"The Delhi edition of the Gateway to the UAE Delhi Roadshow, hosted by Ajman Free Zone in partnership with The Economic Times and Times of India Digital, brought together business, tax and trade experts to examine opportunities for Indian companies seeking to …",https://economictimes.indiatimes.com/industry/services/property-/-cstruction/getaway-to-the-uae-delhi-roadshow-charts-indias-next-leap-into-global-markets/articleshow/134309985.cms,"https://img.etimg.com/thumb/msid-134310232,width-1200,height-630,imgsize-974031,overlay-economictimes/articleshow.jpg","As Indias export market expands, with total annual exports hitting a record $863.1 billion, more Indian enterprises are looking beyond shipping products overseas towards establishing a physical prese… [+10291 chars]",2026-09-17T11:57:49Z,2026-09-17,2026-09-22T18:03:32Z
273,HDFCBANK.NS,"""HDFC Bank"" OR HDFCBANK",The Times of India,PTI,"Puravankara Ltd eyes Rs 2,600 cr revenue from redevelopment of 3 housing societies in Mumbai","Puravankara Ltd will redevelop three housing societies in Mumbai. The realty firm expects a total revenue of Rs 2,600 crore. These projects are located in Bangur Nagar, Goregaon West, Mumbai. They offer a total developable potential of 1.05 million sq ft. Pur…",https://economictimes.indiatimes.com/markets/digital-real-estate/realty-news/puravankara-ltd-eyes-rs-2600-cr-revenue-from-redevelopment-of-3-housing-societies-in-mumbai/articleshow/134312076.cms,"https://img.etimg.com/thumb/msid-134312105,width-1200,height-630,imgsize-17972,overlay-etmarkets/articleshow.jpg","(What's moving Sensex and Nifty Track latest market news, stock tips, Budget 2025, Share Market on Budget 2025 and expert advice, on ETMarkets. Also, ETMarkets.com is now on Telegram. For fastest new… [+330 chars]",2026-09-17T12:24:57Z,2026-09-17,2026-09-22T18:03:32Z
272,HDFCBANK.NS,"""HDFC Bank"" OR HDFCBANK",The Tribune India,Pti,Stock markets close flat after US Fed rate hike; NSE IPO in focus - The Tribune,Benchmark indices Sensex and Nifty closed nearly flat on Thursday as caution prevailed after the US Federal Reserve increased its interest rates and indicated further tightening in monetary policy.,https://www.tribuneindia.com/news/business/stock-markets-close-flat-after-us-fed-rate-hike-nse-ipo-in-focus/,https://www.tribuneindia.com/sortd-service/imaginary/v22-01/jpg/large/high?url=dGhldHJpYnVuZS1zb3J0ZC1wcm8tcHJvZC1zb3J0ZC9tZWRpYTIwZTUyYzcwLWIyOTQtMTFmMS1iN2M0LWQ5MzYzYTY1OTBjNy5qcGc=,"Benchmark indices Sensex and Nifty closed nearly flat on Thursday as caution prevailed after the US Federal Reserve increased its interest rates and indicated further tightening in monetary policy.
… [+3358 chars]",2026-09-17T14:10:28Z,2026-09-17,2026-09-22T18:03:32Z
271,HDFCBANK.NS,"""HDFC Bank"" OR HDFCBANK",The Times of India,Reuters,CoreWeave launches $3 billion convertible debt sale,"CoreWeave is set to secure $3 billion via convertible debt offerings to significantly enhance its artificial intelligence infrastructure. In conjunction with this, they have initiated an at-the-market stock sale program to generate extra capital. This strateg…",https://economictimes.indiatimes.com/markets/us-stocks/news/coreweave-launches-3-billion-convertible-debt-sale/articleshow/134314906.cms,"https://img.etimg.com/thumb/msid-134313838,width-1200,height-630,imgsize-62797,overlay-etmarkets/articleshow.jpg","(What's moving Sensex and Nifty Track latest market news, stock tips, Budget 2025, Share Market on Budget 2025 and expert advice, on ETMarkets. Also, ETMarkets.com is now on Telegram. For fastest new… [+330 chars]",2026-09-17T14:25:28Z,2026-09-17,2026-09-22T18:03:32Z
270,HDFCBANK.NS,"""HDFC Bank"" OR HDFCBANK",The Times of India,Debaroti Adhikary,Ahead of Market: 10 things that will decide stock market action on Friday,"Indian equities ended mixed on Thursday as Sensex slipped 22 points after sharp volatility during the closing auction session, while Nifty gained 53 points. Mid- and small-caps outperformed, with capital goods, industrial, defence, power and healthcare stocks…",https://economictimes.indiatimes.com/markets/stocks/news/ahead-of-market-10-things-that-will-decide-stock-market-action-on-friday/articleshow/134316208.cms,"https://img.etimg.com/thumb/msid-134316221,width-1200,height-630,imgsize-105340,overlay-etmarkets/articleshow.jpg","The Indian stock market saw divergence in its benchmark indices on Thursday, as the Sensex closed in the red on its weekly expiry day following sharp volatility during the closing auction session, wh… [+4996 chars]",2026-09-17T15:39:44Z,2026-09-17,2026-09-22T18:03:32Z
269,HDFCBANK.NS,"""HDFC Bank"" OR HDFCBANK",Livemint,Sheetal Goel,Stock returns vs earnings: Why strong profit growth may not always make you money,"Good businesses do not always make good investments. Strong earnings growth can be offset by falling valuations, leaving investors with poor returns. Here’s how de-rating happens and the warning signs investors often miss.&nbsp;",https://www.livemint.com/money/personal-finance/stock-returns-vs-earnings-why-strong-profit-growth-may-not-always-make-you-money-11789658045659.html,https://www.livemint.com/lm-img/img/2026/09/17/1600x900/logo/carne_1789661171794_GpcM_1789661175812_yJvE_f8f32db0-098a-4777-a495-c096bcf8f6d1_sgfk.png,"Investors often focus on whether a company can grow its earnings over the next few years. But strong profit growth alone does not guarantee that the stock will generate good returns.
A recent invest… [+3712 chars]",2026-09-17T16:38:13Z,2026-09-17,2026-09-22T18:03:32Z
268,HDFCBANK.NS,"""HDFC Bank"" OR HDFCBANK",PRNewswire,,HDFC Bank Limited (HDB) Shareholders Who Lost Money Have Opportunity to Lead Securities Fraud Lawsuit,"BENSALEM TOWNSHIP, Pa., Sept. 17, 2026 /PRNewswire/ -- The Law Offices of Howard G. Smith announces that investors with substantial losses have opportunity to lead the securities fraud class action lawsuit against HDFC Bank Limited. IF YOU ARE AN INVESTOR WHO…",https://www.prnewswire.com/news-releases/hdfc-bank-limited-hdb-shareholders-who-lost-money-have-opportunity-to-lead-securities-fraud-lawsuit-302882034.html,,"BENSALEM TOWNSHIP, Pa., Sept. 17, 2026 /PRNewswire/ -- The Law Offices of Howard G. Smith announces that investors with substantial losses have opportunity to lead the securities fraud class action l… [+2356 chars]",2026-09-17T17:10:00Z,2026-09-17,2026-09-22T18:03:32Z
267,HDFCBANK.NS,"""HDFC Bank"" OR HDFCBANK",The Times of India,Sharmistha Mukherjee,"India's construction equipment exports to surpass 20,000 units in FY27, driven by global demand","Indian construction equipment exports are set to surpass twenty thousand units this fiscal year. This growth represents a nineteen percent increase from fiscal year twenty twenty-six projections. Demand is strong from Europe, the United States, and Australia.…",https://economictimes.indiatimes.com/news/economy/foreign-trade/indias-construction-equipment-exports-to-surpass-20000-units-in-fy27-driven-by-global-demand/articleshow/134323436.cms,"https://img.etimg.com/thumb/msid-134320688,width-1200,height-630,imgsize-155870,overlay-etmarkets/articleshow.jpg","(What's moving Sensex and Nifty Track latest market news, stock tips, Budget 2025, Share Market on Budget 2025 and expert advice, on ETMarkets. Also, ETMarkets.com is now on Telegram. For fastest new… [+330 chars]",2026-09-17T19:23:43Z,2026-09-18,2026-09-22T18:03:32Z
266,HDFCBANK.NS,"""HDFC Bank"" OR HDFCBANK",PRNewswire,,"HDB ALERT: HAGENS BERMAN, NATIONAL TRIAL ATTORNEYS, Encourages HDFC Bank Limited (NYSE: HDB) Investors to Contact its Legal Team Regarding Securities Fraud Class Action Lawsuit","SAN FRANCISCO, Sept. 17, 2026 /PRNewswire/ -- Hagens Berman, a national law firm noted for its preeminent work in securities class action litigation, notifies investors in HDFC Bank Limited (NYSE: HDB) of a pending securities fraud class action. Class Period:…",https://www.prnewswire.com/news-releases/hdb-alert-hagens-berman-national-trial-attorneys-encourages-hdfc-bank-limited-nyse-hdb-investors-to-contact-its-legal-team-regarding-securities-fraud-class-action-lawsuit-302882631.html,https://mmx.prnewswire.com/media/MS1117217/Hagens-Berman-Sobol-Shapiro-LLP-Logo.jpg?id=OA2956404&p=facebook,"SAN FRANCISCO, Sept. 17, 2026 /PRNewswire/ -- Hagens Berman, a national law firm noted for its preeminent work in securities class action litigation, notifies investors in HDFC Bank Limited (NYSE: HD… [+4516 chars]",2026-09-17T22:26:00Z,2026-09-18,2026-09-22T18:03:32Z
265,HDFCBANK.NS,"""HDFC Bank"" OR HDFCBANK",The Times of India,ET Bureau,"Rupee edges up on RBI support, softer oil prices","The Indian rupee strengthened slightly on Thursday after central bank interventions. Oil prices retreated, which also supported bond yields during the trading day. State-run banks actively sold dollars at weaker levels, influencing the currency's movement. Th…",https://economictimes.indiatimes.com/markets/forex/rupee-edges-up-on-rbi-support-softer-oil-prices/articleshow/134323382.cms,"https://img.etimg.com/thumb/msid-134323389,width-1200,height-630,imgsize-5326611,overlay-etmarkets/articleshow.jpg","(What's moving Sensex and Nifty Track latest market news, stock tips, Budget 2025, Share Market on Budget 2025 and expert advice, on ETMarkets. Also, ETMarkets.com is now on Telegram. For fastest new… [+330 chars]",2026-09-18T00:01:47Z,2026-09-18,2026-09-22T18:03:32Z
264,HDFCBANK.NS,"""HDFC Bank"" OR HDFCBANK",The Times of India,ET Bureau,Six companies debut on bourses; four deliver premium listings,"On Thursday, six companies entered the stock market. LCC Projects and Karamtara Engineering opened with premiums over their respective issue prices. Meanwhile, Rentomojo and Steamhouse India experienced positive gains on the NSE. The Asset Reconstruction Comp…",https://economictimes.indiatimes.com/markets/stocks/news/six-companies-debut-on-bourses-four-deliver-premium-listings/articleshow/134323853.cms,"https://img.etimg.com/thumb/msid-134323931,width-1200,height-630,imgsize-807871,overlay-etmarkets/articleshow.jpg","(What's moving Sensex and Nifty Track latest market news, stock tips, Budget 2025, Share Market on Budget 2025 and expert advice, on ETMarkets. Also, ETMarkets.com is now on Telegram. For fastest new… [+330 chars]",2026-09-18T02:15:40Z,2026-09-18,2026-09-22T18:03:32Z
263,HDFCBANK.NS,"""HDFC Bank"" OR HDFCBANK",The Times of India,Reuters,BOJ raises interest rates to 31-year high in widely expected move,"In a significant policy shift, the Bank of Japan has raised interest rates to a 31-year high of 1.25 percent, a widely anticipated decision aimed at curbing inflation. The board's vote was split seven to two, with Toichiro Asada and Ayano Sato expressing diss…",https://economictimes.indiatimes.com/markets/us-stocks/news/boj-raises-interest-rates-to-31-year-high-in-widely-expected-move/articleshow/134324577.cms,"https://img.etimg.com/thumb/msid-134324704,width-1200,height-630,imgsize-140448,overlay-etmarkets/articleshow.jpg","(What's moving Sensex and Nifty Track latest market news, stock tips, Budget 2025, Share Market on Budget 2025 and expert advice, on ETMarkets. Also, ETMarkets.com is now on Telegram. For fastest new… [+330 chars]",2026-09-18T03:04:31Z,2026-09-18,2026-09-22T18:03:32Z
262,HDFCBANK.NS,"""HDFC Bank"" OR HDFCBANK",CNA,,"Apple Pay eyes India rollout with Axis Bank, sources say","MUMBAI, Sept 18 : Apple is poised to launch Apple Pay in India next month with Axis Bank's credit cards, three sources familiar with the matter said, as it works to expand support among the country's lenders.The launch, starting with a single major banking pa…",https://www.channelnewsasia.com/business/apple-pay-eyes-india-rollout-axis-bank-sources-say-6393986,"https://dam.mediacorp.sg/image/upload/s--OjHm12vB--/c_fill,g_auto,h_676,w_1200/fl_relative,g_south_east,l_mediacorp:cna:watermark:2024-04:reuters_1,w_0.1/f_auto,q_auto/v1/one-cms/core/2026-09-18T045941Z_2_LYNXMPEM8H0AV_RTROPTP_3_FINTECH-APPLE.JPG?itok=hG3OCCv1","MUMBAI, Sept 18 : Apple is poised to launch Apple Pay in India next month with Axis Bank's credit cards, three sources familiar with the matter said, as it works to expand support among the country's… [+1737 chars]",2026-09-18T04:58:37Z,2026-09-18,2026-09-22T18:03:32Z
261,HDFCBANK.NS,"""HDFC Bank"" OR HDFCBANK",The Times of India,Reuters,Apple Pay set for India launch next month with Axis Bank credit cards: Report,"Apple is set to launch Apple Pay in India next month, debuting with Axis Bank's credit card integration. Talks with prominent banks like HDFC and ICICI are underway to expand the service. This innovative payment solution enables iPhone users to effortlessly m…",https://economictimes.indiatimes.com/industry/banking/finance/apple-pay-set-for-india-launch-next-month-with-axis-bank-credit-cards-sources/articleshow/134326330.cms,"https://img.etimg.com/thumb/msid-134326371,width-1200,height-630,imgsize-62150,overlay-economictimes/articleshow.jpg","MUMBAI: Apple is poised to launch Apple Pay in India next month with Axis Bank's credit cards, three sources familiar with the matter said, as it works to expand support among the country's lenders.T… [+1919 chars]",2026-09-18T05:01:39Z,2026-09-18,2026-09-22T18:03:32Z
260,HDFCBANK.NS,"""HDFC Bank"" OR HDFCBANK",The Times of India,Debaroti Adhikary,"Sensex rises 200 points, Nifty above 23,300 as oil prices cool down. What lies ahead?","Sensex and Nifty traded higher as crude oil prices eased to around $104 per barrel, while mid- and small-cap indices outperformed. Buying was broad-based outside the IT sector, with analysts identifying opportunities in select large-cap stocks despite elevate…",https://economictimes.indiatimes.com/markets/stocks/news/sensex-rises-200-points-nifty-above-23300-as-oil-prices-cool-down-what-lies-ahead/articleshow/134326491.cms,"https://img.etimg.com/thumb/msid-134326595,width-1200,height-630,imgsize-2128125,overlay-etmarkets/articleshow.jpg","The Indian stock market traded higher on Friday morning, with benchmark indices Sensex and Nifty recording gains as oil prices slightly cooled down to $104 per barrel after a sharp rally earlier.Sens… [+3138 chars]",2026-09-18T05:11:23Z,2026-09-18,2026-09-22T18:03:32Z
259,HDFCBANK.NS,"""HDFC Bank"" OR HDFCBANK",BusinessLine,BL Bengaluru Bureau,HDFC Bank shares gain over 1%,"HDFC Bank shares rose over 1%, delivering 1.87% weekly returns despite recent trading challenges and a YTD decline of 27.21%.",https://www.thehindubusinessline.com/markets/stock-markets/hdfc-bank-shares-gain-over-1/article71479467.ece,https://bl-i.thgim.com/public/incoming/cxv16e/article71479493.ece/alternates/LANDSCAPE_1200/2026-04-18T135236Z_682514092_RC2V5FA2LG9I_RTRMADP_3_HDFC-BANK-RESULTS.JPG,"HDFC Bank shares gained traction on Friday, rising over 1 per cent to an intraday high of 722.85 from the previous close of 713. The stock was trading near the days high at 721 at 10.32 am, after ope… [+1119 chars]",2026-09-18T05:28:20Z,2026-09-18,2026-09-22T18:03:32Z
258,HDFCBANK.NS,"""HDFC Bank"" OR HDFCBANK",Business Standard,Amit Kumar,Car loan rates start at 7.35% in mid-Sept: Top offers and EMIs compared,"Loan costs vary widely across lenders, with differences in interest rates, EMIs and processing fees affecting the total cost of buying a car",https://www.business-standard.com/finance/personal-finance/car-loan-rates-start-at-7-35-in-mid-sept-top-offers-and-emis-compared-126091800320_1.html,https://bsmedia.business-standard.com/_media/bs/img/article/2023-08/17/thumb/fitandfill/1200X628/1692269841-7892.jpg,"Loan costs vary widely across lenders, with differences in interest rates, EMIs and processing fees affecting the total cost of buying a car
Amit KumarNew Delhi4 min read Last Updated : Sep 18 2026 … [+4963 chars]",2026-09-18T05:44:37Z,2026-09-18,2026-09-22T18:03:32Z
257,HDFCBANK.NS,"""HDFC Bank"" OR HDFCBANK",Business Standard,SI Reporter,NSE IPO crosses halfway mark on 2nd day of bidding; check GMP & reviews,"The NSE opened for subscription on Thursday and will remain open till Monday, September 21. The exchange has set a price band of ₹1,700-1,785 per share.",https://www.business-standard.com/markets/news/nse-ipo-crosses-halfway-mark-on-2nd-day-of-bidding-check-gmp-reviews-126091800324_1.html,https://bsmedia.business-standard.com/_media/bs/img/article/2026-09/08/thumb/fitandfill/1200X628/1788887342-8272.jpg,"National Stock Exchanges initial public offering was subscribed 0.52 times as of 10:58 AM on Friday, the second day of bidding. The IPO received bids for 4.62 crore shares against 8.86 crore shares o… [+3090 chars]",2026-09-18T05:46:28Z,2026-09-18,2026-09-22T18:03:32Z
256,HDFCBANK.NS,"""HDFC Bank"" OR HDFCBANK",NewsX,Khalid Qasid,"Stock Market Today: Sensex Gains 200 Points, Nifty Crosses 23,300 As Crude Prices Ease","Stock Market Today: Sensex and Nifty opened higher as crude oil prices eased, with Realty gaining and IT stocks dragging amid global market cues.",https://www.newsx.com/business/stock-market-today-sensex-gains-200-points-nifty-crosses-23300-as-crude-prices-ease-273200/,https://www.newsx.com/wp-content/uploads/2026/09/stock-market-today-16.jpg,"116Stock market today: Indian equity markets opened higher on Friday, with the Sensex gaining over 200 points and the Nifty crossing 23,300, as softer crude oil prices and gains across Asian markets … [+3268 chars]",2026-09-18T06:03:15Z,2026-09-18,2026-09-22T18:03:32Z
255,HDFCBANK.NS,"""HDFC Bank"" OR HDFCBANK",BusinessLine,Reuters,"Apple Pay eyes India rollout with Axis Bank in October, sources say","Apple Pay is set to launch in India with Axis Bank next month, expanding its payment services in the region.",https://www.thehindubusinessline.com/info-tech/apple-pay-eyes-india-rollout-with-axis-bank-in-october-sources-say/article71479538.ece,https://bl-i.thgim.com/public/incoming/8ql40r/article71479550.ece/alternates/LANDSCAPE_1200/2026-09-03T091939Z_1783220518_RC2LEGASRBHD_RTRMADP_3_BRITAIN-COURT-APPLE.JPG,"Apple is poised to launch Apple Pay in India next month with Axis Bank's credit cards, three sources familiar with the matter said, as it works to expand support among the country's lenders.
The lau… [+1830 chars]",2026-09-18T06:10:06Z,2026-09-18,2026-09-22T18:03:32Z
254,HDFCBANK.NS,"""HDFC Bank"" OR HDFCBANK",BusinessLine,Madhu Balaji,"Sensex, Nifty gain as lower oil prices and global cues offset IT, Tata stocks drag","Equity benchmarks traded with marginal gains in the afternoon session on Friday, with lower oil prices and positive global market trends supporting sentiment despite weakness in IT companies and several Tata Group stocks.",https://www.thehindubusinessline.com/markets/sensex-nifty-gain-as-lower-oil-prices-and-global-cues-offset-it-tata-stocks-drag/article71479688.ece,https://bl-i.thgim.com/public/incoming/njo9n0/article71479705.ece/alternates/LANDSCAPE_1200/PO20_Stockmarket_eyeglasses.jpg,"Equity benchmarks traded with marginal gains in the afternoon session on Friday, with lower oil prices and positive global market trends supporting sentiment despite weakness in IT companies and seve… [+1963 chars]",2026-09-18T07:05:12Z,2026-09-18,2026-09-22T18:03:32Z
253,HDFCBANK.NS,"""HDFC Bank"" OR HDFCBANK",Business Standard,Reuters,"Apple Pay eyes India rollout, starting with Axis Bank credit cards","The launch, starting ‌with a single major banking partner, would help the US company offer its payment service in the world's most populous country",https://www.business-standard.com/companies/news/apple-pay-eyes-india-rollout-starting-with-axis-bank-credit-cards-126091800279_1.html,https://bsmedia.business-standard.com/_media/bs/img/article/2026-09/01/thumb/fitandfill/1200X628/1788233468-3945.jpg,"Apple is poised to launch Apple Pay in India next month with Axis Bank's credit cards, three sources familiar with the matter said, as it works to expand support among the country's lenders.
The lau… [+1870 chars]",2026-09-18T07:09:39Z,2026-09-18,2026-09-22T18:03:32Z
252,HDFCBANK.NS,"""HDFC Bank"" OR HDFCBANK",Business Standard,Amit Kumar,Home loan rates in Sep start at 7%: Top lenders and terms compared,"Home loan rates vary by lender and loan size, with some banks offering different rates across borrowing slabs",https://www.business-standard.com/finance/personal-finance/home-loan-rates-in-sep-start-at-7-top-lenders-and-terms-compared-126091800489_1.html,https://bsmedia.business-standard.com/_media/bs/img/article/2025-11/26/thumb/fitandfill/1200X628/1764173401-8833.jpg,"Home loan rates vary by lender and loan size, with some banks offering different rates across borrowing slabs
Amit KumarNew Delhi6 min read Last Updated : Sep 18 2026 | 12:58 PM IST
Home loan rates… [+6934 chars]",2026-09-18T07:27:30Z,2026-09-18,2026-09-22T18:03:32Z
251,HDFCBANK.NS,"""HDFC Bank"" OR HDFCBANK",Business Standard,Capital Market,Benchmarks trade near the day's high; European markets trade lower,"The benchmark indices traded near the day's high in afternoon trade, supported by easing crude oil prices and softer global bond yields. Market sentiment also received a boost after Moodys raised its India FY27 GDP growth forecast to 7%, citing the resilience…",https://www.business-standard.com/markets/capital-market-news/benchmarks-trade-near-the-day-s-high-european-markets-trade-lower-126091800572_1.html,https://www.business-standard.com/assets/web-assets/images/Business_Standard_1_685x385.jpg,"The benchmark indices traded near the day's high in afternoon trade, supported by easing crude oil prices and softer global bond yields. Market sentiment also received a boost after Moodys raised its… [+4285 chars]",2026-09-18T08:34:02Z,2026-09-18,2026-09-22T18:03:32Z
250,HDFCBANK.NS,"""HDFC Bank"" OR HDFCBANK",The Next Web,Alina Maria Stan,"Apple Pay is heading to India next month with Axis Bank first, Reuters reports","Apple Pay is expected to launch in India next month, beginning with credit cards issued by Axis Bank, three people familiar with the plans told Reuters. Apple declined to comment. So, in effect, did everybody else. The service will widen to other lenders thro…",https://thenextweb.com/news/apple-pay-india-launch-axis-bank,https://media.thenextweb.com/2026/09/Apple-Pay.jpg,"Apple Pay is expected to launch in India next month, beginning with credit cards issued by Axis Bank, three people familiar with the plans told Reuters. Apple declined to comment. So, in effect, did … [+2489 chars]",2026-09-18T09:11:24Z,2026-09-18,2026-09-22T18:03:32Z
249,HDFCBANK.NS,"""HDFC Bank"" OR HDFCBANK",The Times of India,Debaroti Adhikary,"CAS chaos continues: Sensex indicative price tumbles nearly 1,000 points in seconds, closes in red but Nifty ends above 23,300","Indian stock markets showed divergence as Sensex closed lower and Nifty ended higher.  Sharp swings occurred during the closing auction session, impacting both indices significantly.  Broader markets, including smallcap and midcap indices, significantly outpe…",https://economictimes.indiatimes.com/markets/stocks/news/cas-chaos-continues-sensex-indicative-price-tumbles-nearly-1000-points-closes-in-red-but-nifty-ends-above-23300/articleshow/134332368.cms,"https://img.etimg.com/thumb/msid-134332409,width-1200,height-630,imgsize-190328,overlay-etmarkets/articleshow.jpg","The Indian stock market saw divergence in its benchmark indices for the second consecutive session, with Sensex closing in the red and Nifty in the green following sharp swings during the closing auc… [+2036 chars]",2026-09-18T10:25:20Z,2026-09-18,2026-09-22T18:03:32Z
248,HDFCBANK.NS,"""HDFC Bank"" OR HDFCBANK",BusinessLine,"Team BL, KS Badri Narayanan",Sensex today | Stock Market Highlights: Sensex slips but Nifty gains 75 points by closing as easing crude offers relief,"Sensex, Nifty, Share Prices Highlights: Indian benchmark indices ended mixed on Friday, with the Nifty 50 gaining over 75 points while the Sensex closed marginally lower, as easing crude oil prices provided some relief to domestic equities.",https://www.thehindubusinessline.com/markets/sensex-nifty50-today-stock-market-highlights-18th-september-2026/article71477821.ece,https://bl-i.thgim.com/public/incoming/fsw9oo/article71477827.ece/alternates/LANDSCAPE_1200/stock%20market%20graph.jpg,"<li></li>
September 18, 2026 16:05Rupee slips 0.3% on-week, traders reckon line in sand near 96/$ will hold
Rupee slips 0.3% on-week, traders reckon line in sand near 96/$ will hold
The rupee ende… [+59238 chars]",2026-09-18T10:48:57Z,2026-09-18,2026-09-22T18:03:32Z
247,HDFCBANK.NS,"""HDFC Bank"" OR HDFCBANK",BusinessLine,Madhu Balaji,"Sensex, Nifty extend losses to 6th week, crude moderation offers little relief, IT & Tata group stocks weigh","On a weekly basis, the BSE Sensex declined 0.65%, while the NSE Nifty 50 slipped 0.2%, largely due to Tuesday’s fall",https://www.thehindubusinessline.com/markets/sensex-nifty-extend-losses-to-6th-week-crude-moderation-offers-little-relief-it-tata-group-stocks-weigh/article71480356.ece,https://bl-i.thgim.com/public/incoming/fsw9oo/article71477827.ece/alternates/LANDSCAPE_1200/stock%20market%20graph.jpg,"Equity markets ended their sixth straight week of decline on Friday, the longest losing streak since 2020, as crude prices above $100 per barrel and tighter global monetary policy weighed on sentimen… [+2910 chars]",2026-09-18T10:52:57Z,2026-09-18,2026-09-22T18:03:32Z
246,HDFCBANK.NS,"""HDFC Bank"" OR HDFCBANK",Livemint,Sneha Biswas,Apple Pay to come to India soon with Axis Bank? How will it work for iPhone users? Here's what we know,Apple is reportedly all set to launch Apple Pay in India next month with Axis Bank's credit cards. It is said that the company is also in talks with HDFC Bank and ICICI Bank.,https://www.livemint.com/money/apple-pay-to-come-to-india-soon-with-axis-bank-how-will-it-work-for-iphone-users-heres-what-we-know-11789725870106.html,https://www.livemint.com/lm-img/img/2026/09/18/1600x900/logo/21535_1789731793662_HVnY_1789731797579_OEET_d1159eeb-92a2-4f93-8b59-8f66211f17a0_89re.jpg,"Apple is reported to launch Apple Pay in India this year. If true, Apple users will be able to access it with Axis Bank's credit cards, Reuters reported.
Apple Pay to launch in India with Axis Bank:… [+2956 chars]",2026-09-18T11:55:23Z,2026-09-18,2026-09-22T18:03:32Z
245,HDFCBANK.NS,"""HDFC Bank"" OR HDFCBANK",Business Standard,Capital Market,"Nifty settles above 23,300 as Moody's GDP upgrade, easing oil support sentiment","The key equity benchmarks ended mixed on Friday, as easing crude oil prices and softer global bond yields supported investor sentiment. Market sentiment was also aided by Moody's upward revision of India's FY27 GDP growth forecast to 7% from 6%, citing strong…",https://www.business-standard.com/markets/capital-market-news/nifty-settles-above-23-300-as-moody-s-gdp-upgrade-easing-oil-support-sentiment-126091800939_1.html,https://www.business-standard.com/assets/web-assets/images/Business_Standard_1_685x385.jpg,"The key equity benchmarks ended mixed on Friday, as easing crude oil prices and softer global bond yields supported investor sentiment. Market sentiment was also aided by Moody's upward revision of I… [+8459 chars]",2026-09-18T12:01:09Z,2026-09-18,2026-09-22T18:03:32Z
244,HDFCBANK.NS,"""HDFC Bank"" OR HDFCBANK",The Times of India,Reuters,"Fed hike, RBI moves hand India bonds a fifth weekly loss","Indian government bonds have fallen for five consecutive weeks.  A Federal Reserve rate hike and RBI liquidity measures emboldened bond market bears.  Global yields reached multi-decade peaks, and the Fed raised rates by twenty-five basis points.  The Reserve…",https://economictimes.indiatimes.com/markets/bonds/fed-hike-rbi-moves-hand-india-bonds-a-fifth-weekly-loss/articleshow/134335309.cms,"https://img.etimg.com/thumb/msid-134335374,width-1200,height-630,imgsize-121016,overlay-etmarkets/articleshow.jpg","(What's moving Sensex and Nifty Track latest market news, stock tips, Budget 2025, Share Market on Budget 2025 and expert advice, on ETMarkets. Also, ETMarkets.com is now on Telegram. For fastest new… [+330 chars]",2026-09-18T12:23:29Z,2026-09-18,2026-09-22T18:03:32Z
243,HDFCBANK.NS,"""HDFC Bank"" OR HDFCBANK",Macdailynews.com,MacDailyNews,Apple poised to launch Apple Pay in India,"Apple is preparing to launch Apple Pay in India as soon as next month, beginning with Axis Bank credit cards…
The post Apple poised to launch Apple Pay in India appeared first on MacDailyNews.",https://macdailynews.com/2026/09/18/apple-poised-to-launch-apple-pay-in-india/,https://macdailynews.com/wp-content/uploads/2022/02/220225_apple_pay.png,"Apple Pay
Apple is preparing to launch Apple Pay in India as soon as next month, beginning with Axis Bank credit cards, according to Reuters‘ Ashwin Manikandan and Gopika Gopakumar.
Three people fa… [+2623 chars]",2026-09-18T13:15:13Z,2026-09-18,2026-09-22T18:03:32Z
242,HDFCBANK.NS,"""HDFC Bank"" OR HDFCBANK",BusinessLine,,"The Latest Home Loan Interest Rates: Sep 18, 2026","The Latest Home Loan Interest Rates: Sep 18, 2026",https://www.thehindubusinessline.com/money-and-banking/the-latest-home-loan-interest-rates-sep-18-2026/article64808517.ece,https://www.thehindubusinessline.com/theme/images/og-image.png,"What are the various fixed and floating interest rates on offer for home loans today? Let's take a comprehensive look at interest rates across banks and housing finance companies.
<table><tr><td>Ins… [+4865 chars]",2026-09-18T13:30:15Z,2026-09-18,2026-09-22T18:03:32Z
241,HDFCBANK.NS,"""HDFC Bank"" OR HDFCBANK",Business Standard,Pravin Palande,Screaming buys: Largecap cos trading closer to their 52-week lows,At a time when global funds are paying massive premiums to AI and related technology companies - often at 50x PE multiples - India is offering many comparable firms lower single-digit PE multiples,https://www.business-standard.com/markets/news/screaming-buys-largecap-cos-trading-closer-to-their-52-week-lows-126091801111_1.html,https://bsmedia.business-standard.com/_media/bs/img/article/2025-06/18/thumb/fitandfill/1200X628/1750267119-662.jpg,"At a time when global funds are paying massive premiums to AI and related technology companies - often at 50x PE multiples - India is offering many comparable firms lower single-digit PE multiples
P… [+4761 chars]",2026-09-18T16:28:42Z,2026-09-18,2026-09-22T18:03:32Z
240,HDFCBANK.NS,"""HDFC Bank"" OR HDFCBANK",PRNewswire,,HDFC Bank Limited (HDB) Shareholders Who Lost Money Have Opportunity to Lead Securities Fraud Lawsuit,"LOS ANGELES, Sept. 18, 2026 /PRNewswire/ -- Glancy Prongay Wolke & Rotter LLP announces that investors with losses have opportunity to lead the securities fraud class action lawsuit against HDFC Bank Limited. IF YOU SUFFERED A LOSS ON YOUR HDFC BANK LIMITED I…",https://www.prnewswire.com/news-releases/hdfc-bank-limited-hdb-shareholders-who-lost-money-have-opportunity-to-lead-securities-fraud-lawsuit-302882451.html,https://mmx.prnewswire.com/media/MS1790178/Glancy-Logo.jpg?id=OA2953961&p=facebook,"LOS ANGELES, Sept. 18, 2026 /PRNewswire/ -- Glancy Prongay Wolke &amp; Rotter LLP announces that investors with losses have opportunity to lead the securities fraud class action lawsuit against HDFC … [+3083 chars]",2026-09-18T17:05:00Z,2026-09-18,2026-09-22T18:03:32Z
239,HDFCBANK.NS,"""HDFC Bank"" OR HDFCBANK",The Times of India,Bloomberg,"Investor sentiment plunges to 16-month low, AAII survey shows","Investor sentiment fell to its lowest level since May 2025, according to the latest AAII survey. Bearish investors rose to 53.3%, while bullish sentiment dropped to 28.8%. The bull-bear spread fell to -24.5%, as elevated oil prices, a Fed rate hike and market…",https://economictimes.indiatimes.com/markets/us-stocks/news/investor-sentiment-plunges-to-16-month-low-aaii-survey-shows/articleshow/134342784.cms,"https://img.etimg.com/thumb/msid-134342815,width-1200,height-630,imgsize-92302,overlay-etmarkets/articleshow.jpg","(What's moving Sensex and Nifty Track latest market news, stock tips, Budget 2025, Share Market on Budget 2025 and expert advice, on ETMarkets. Also, ETMarkets.com is now on Telegram. For fastest new… [+330 chars]",2026-09-18T18:48:28Z,2026-09-19,2026-09-22T18:03:32Z
238,HDFCBANK.NS,"""HDFC Bank"" OR HDFCBANK",The Times of India,Sneha Kulkarni,"Saturday bank holiday: Are HDFC Bank, ICICI Bank, SBI open or closed today on September 19, 2026?","Several September holidays will cause regional bank branch closures.  Many essential banking tasks still require a physical visit to the branch. Banks remain closed on the second and fourth Saturdays of every month, in addition to Sundays and designated regio…",https://economictimes.indiatimes.com/wealth/save/saturday-bank-holiday-today-on-september-19-2026-are-hdfc-bank-icici-bank-sbi-open-or-closed/articleshow/134334073.cms,"https://img.etimg.com/thumb/width-1200,height-900,imgsize-1049914,resizemode-75,msid-134334073/wealth/save/saturday-bank-holiday-today-on-september-19-2026-are-hdfc-bank-icici-bank-sbi-open-or-closed.jpg",The Reserve Bank of India (RBI) releases a monthly list of state-wise bank holidays to ensure customers dont feel inconvenience and can plan their banking tasks accordingly. If youre planning to visi… [+2357 chars],2026-09-19T01:35:00Z,2026-09-19,2026-09-22T18:03:32Z
237,HDFCBANK.NS,"""HDFC Bank"" OR HDFCBANK",PRNewswire,,"HDFC Bank Shareholder Alert: ClaimsFiler Reminds Investors With Losses In Excess Of $100,000 Of Lead Plaintiff Deadline In Class Action Lawsuit Against HDFC Bank Limited - HDB","NEW ORLEANS, Sept. 18, 2026 /PRNewswire/ -- ClaimsFiler, a FREE shareholder information service, reminds investors that they have until October 13, 2026 to file lead plaintiff applications in a securities class action lawsuit against HDFC Bank Limited (""HDFC""…",https://www.prnewswire.com/news-releases/hdfc-bank-shareholder-alert-claimsfiler-reminds-investors-with-losses-in-excess-of-100-000-of-lead-plaintiff-deadline-in-class-action-lawsuit-against-hdfc-bank-limited---hdb-302883666.html,https://mmx.prnewswire.com/media/MS655167/2025-PR-CF.jpg?id=OA2958380&p=facebook,"NEW ORLEANS, Sept. 18, 2026 /PRNewswire/ -- ClaimsFiler, a FREE shareholder information service, reminds investors that they have until October 13, 2026 to file lead plaintiff applications in a secur… [+2447 chars]",2026-09-19T02:00:00Z,2026-09-19,2026-09-22T18:03:32Z
236,HDFCBANK.NS,"""HDFC Bank"" OR HDFCBANK",Livemint,Shivam Shukla,"Bank holiday today: Check if SBI, HDFC, ICICI branches are open or closed on Saturday, September 19","Bank holiday today, September 19, 2026: SBI, HDFC Bank and ICICI Bank branches are generally open as it is the third Saturday. Check state-wise RBI holidays before visiting.",https://www.livemint.com/money/personal-finance/bank-holiday-today-check-if-sbi-hdfc-icici-branches-are-open-or-closed-on-saturday-september-19-11789782892700.html,https://www.livemint.com/lm-img/img/2026/09/19/1600x900/logo/947ec76a-1db3-45fd-aa6f-61aa362a8731_1789783396262_q0Fb_1789783405871_LfGl_5fea9cd8-4388-431b-96c3-37e2d7e04fc9_7w1X.png,"Bank customers planning to visit a branch today, Saturday, 19 September 2026, should note that branches are open. This is because 19 September falls on the third Saturday of the month, and bank branc… [+2411 chars]",2026-09-19T02:13:20Z,2026-09-19,2026-09-22T18:03:32Z
235,HDFCBANK.NS,"""HDFC Bank"" OR HDFCBANK",The Times of India,Shilpy Sinha,"SP Group seeks 3-6 months to repay Rs 3,500 crore bond",Shapoorji Pallonji Group is negotiating with lenders for a bond repayment extension.  The group seeks three to six months to continue its debt refinancing plans.  Proceeds from July financing were expected to cover the maturity.  SP Group's dollar bond has ga…,https://economictimes.indiatimes.com/markets/bonds/sp-group-seeks-3-6-months-to-repay-rs-3500-crore-bond/articleshow/134347411.cms,"https://img.etimg.com/thumb/msid-134347416,width-1200,height-630,imgsize-20354,overlay-etmarkets/articleshow.jpg","(What's moving Sensex and Nifty Track latest market news, stock tips, Budget 2025, Share Market on Budget 2025 and expert advice, on ETMarkets. Also, ETMarkets.com is now on Telegram. For fastest new… [+330 chars]",2026-09-19T03:59:48Z,2026-09-19,2026-09-22T18:03:32Z
234,HDFCBANK.NS,"""HDFC Bank"" OR HDFCBANK",The Times of India,ET Bureau,MCX glitch leaves traders unable to view positions,"On Friday, traders faced significant challenges due to a delay in end-of-day trade files from MCX, which hindered their ability to see positions and average prices on brokerage platforms. This situation led to an outcry on social media as traders were unable …",https://economictimes.indiatimes.com/markets/commodities/news/mcx-glitch-leaves-traders-unable-to-view-positions/articleshow/134347438.cms,"https://img.etimg.com/thumb/msid-134347563,width-1200,height-630,imgsize-1917418,overlay-etmarkets/articleshow.jpg","(What's moving Sensex and Nifty Track latest market news, stock tips, Budget 2025, Share Market on Budget 2025 and expert advice, on ETMarkets. Also, ETMarkets.com is now on Telegram. For fastest new… [+330 chars]",2026-09-19T04:04:16Z,2026-09-19,2026-09-22T18:03:32Z
233,HDFCBANK.NS,"""HDFC Bank"" OR HDFCBANK",The Times of India,ET Bureau,India's forex reserves drop by $4.9 billion,"India's foreign exchange reserves faced a considerable downturn last week, plunging by $4.9 billion to a total of $780.7 billion. This decrease was influenced by lower valuations of gold reserves and a drop in foreign currency assets. To counteract rupee depr…",https://economictimes.indiatimes.com/markets/forex/forex-news/indias-forex-reserves-drop-by-4-9-billion/articleshow/134347449.cms,"https://img.etimg.com/thumb/msid-134347584,width-1200,height-630,imgsize-2227586,overlay-etmarkets/articleshow.jpg","(What's moving Sensex and Nifty Track latest market news, stock tips, Budget 2025, Share Market on Budget 2025 and expert advice, on ETMarkets. Also, ETMarkets.com is now on Telegram. For fastest new… [+330 chars]",2026-09-19T04:07:15Z,2026-09-19,2026-09-22T18:03:32Z
232,HDFCBANK.NS,"""HDFC Bank"" OR HDFCBANK",The Times of India,ET Bureau,"Rupee snaps losing streak on RBI support, oil retreat","On Friday, the Indian rupee managed to break its losing streak, thanks to active dollar sales by the Reserve Bank of India and a decrease in oil prices. The currency closed at 95.87, reflecting a minor uptick from its previous closing value. Nevertheless, the…",https://economictimes.indiatimes.com/markets/forex/forex-news/rupee-snaps-losing-streak-on-rbi-support-oil-retreat/articleshow/134347574.cms,"https://img.etimg.com/thumb/msid-134347630,width-1200,height-630,imgsize-2277665,overlay-etmarkets/articleshow.jpg","(What's moving Sensex and Nifty Track latest market news, stock tips, Budget 2025, Share Market on Budget 2025 and expert advice, on ETMarkets. Also, ETMarkets.com is now on Telegram. For fastest new… [+330 chars]",2026-09-19T04:11:56Z,2026-09-19,2026-09-22T18:03:32Z
231,HDFCBANK.NS,"""HDFC Bank"" OR HDFCBANK",The Times of India,ET CONTRIBUTORS,Crude Oil Above $100: Can Saudi Arabia’s export disruption trigger a new global energy shock?,"Crude oil has crossed $100 a barrel as Saudi Arabia faces disruptions to its alternative export route following attacks on the East-West Pipeline. Prolonged outages could tighten global supplies, raise prices and increase risks for oil-importing economies suc…",https://economictimes.indiatimes.com/markets/commodities/news/crude-oil-above-100-can-saudi-arabias-export-disruption-trigger-a-new-global-energy-shock/articleshow/134349488.cms,"https://img.etimg.com/thumb/msid-134349608,width-1200,height-630,imgsize-2590941,overlay-etmarkets/articleshow.jpg","(What's moving Sensex and Nifty Track latest market news, stock tips, Budget 2025, Share Market on Budget 2025 and expert advice, on ETMarkets. Also, ETMarkets.com is now on Telegram. For fastest new… [+330 chars]",2026-09-19T06:58:34Z,2026-09-19,2026-09-22T18:03:32Z
230,HDFCBANK.NS,"""HDFC Bank"" OR HDFCBANK",News24online.com,Ayushmann Chawla,"Apple Pay India launch likely next month with Axis Bank card: How it will differ from UPI, charges and limits explained","Apple Pay may launch in India next month with Axis Bank credit cards. Here’s how Apple Pay will differ from UPI, including charges, transaction limits and benefits.",https://news24online.com/business/apple-pay-india-launch-likely-next-month-with-axis-bank-card-how-it-will-differ-from-upi-charges-and-limits-explained/928207/,https://news24online.com/wp-content/uploads/2026/09/Apple-Pay-India-UPI.jpg,"Apple Pay could finally launch in India next month, with Axis Bank credit cards reportedly set to be among the first cards supported. Reuters, citing three people familiar with the matter, reports th… [+3185 chars]",2026-09-19T09:30:59Z,2026-09-19,2026-09-22T18:03:32Z
229,HDFCBANK.NS,"""HDFC Bank"" OR HDFCBANK",BusinessLine,Dhuraivel Gunasekaran,A model-driven approach to market cycles,Discover how Baroda BNP Paribas Balanced Advantage Fund uses a counter-cyclical model for effective asset allocation and strong returns.,https://www.thehindubusinessline.com/portfolio/mutual-funds/a-model-driven-approach-to-market-cycles/article71451246.ece,https://bl-i.thgim.com/public/incoming/559ntv/article71484416.ece/alternates/LANDSCAPE_1200/IMG_PO13_Arrow_2_1_S3GH52A0.jpg,Baroda BNP Paribas Balanced Advantage Fund (BBAF) has been one of the top-performing funds in the Balanced Advantage Fund category. It has received a 5-star rating from the bl.portfolio Mutual Fund R… [+5960 chars],2026-09-19T15:23:27Z,2026-09-19,2026-09-22T18:03:32Z
228,HDFCBANK.NS,"""HDFC Bank"" OR HDFCBANK",BusinessLine,& BL Research Bureau,"Nifty, Sensex & FDs: The Great Indian Bull Market Paradox","Nifty and Sensex trailed SBI and Post Office deposits over three years, while 56% of stocks failed to beat the fixed-income hurdle.",https://www.thehindubusinessline.com/portfolio/great-indian-bull-market-paradox-nifty-sensex-fd-returns/article71484146.ece,https://bl-i.thgim.com/public/incoming/1k2w06/article71485636.ece/alternates/LANDSCAPE_1200/IMG_PO15_Bull_stock_2_1_IVDNH2BJ.jpg,"The ongoing bull market, now 2,370 days old, is the longest-running in India, yet it may not feel so for many who entered Dalal Street for the first time in recent years. For years, stock market inve… [+5304 chars]",2026-09-19T16:05:19Z,2026-09-19,2026-09-22T18:03:32Z
227,HDFCBANK.NS,"""HDFC Bank"" OR HDFCBANK",The Times of India,Sagar Malviya and Kala Vijayraghavan,Tata Sons IPO may spotlight some low-key crorepatis,The Reserve Bank of India has rejected Tata Sons’ application to surrender its core investment company registration and remain outside the regulatory framework applicable to upper-layer non-banking finance companies. The decision effectively requires Tata Son…,https://economictimes.indiatimes.com/news/company/corporate-trends/tata-sons-ipo-may-spotlight-some-low-key-crorepatis/articleshow/134359135.cms,"https://img.etimg.com/thumb/msid-134359316,width-1200,height-630,imgsize-159524,overlay-economictimes/articleshow.jpg","Mumbai: In any top company, a handful of shares would typically add up to a tidy but modest sum. But if the corporate is Tata Sons, it could soon be worth a small fortune. And, in the event of a list… [+5742 chars]",2026-09-20T00:00:00Z,2026-09-20,2026-09-22T18:03:32Z
226,HDFCBANK.NS,"""HDFC Bank"" OR HDFCBANK",Livemint,Eshita Gain,"NRIs can transfer money from NRO to NRE account, but what is the annual limit? Check details here","NRIs transferring money in India must choose between NRO and NRE accounts. NRO accounts manage local income, while NRE accounts are for foreign earnings. Check fund transfer rules and limit between the two accounts.",https://www.livemint.com/money/personal-finance/nris-can-transfer-money-from-nro-to-nre-account-but-what-is-the-annual-limit-check-details-here-11789837058774.html,https://www.livemint.com/lm-img/img/2026/09/20/1600x900/logo/nro_1774413507101_1774413517064_1789876336331_Epe6_aa9bcc58-a13a-4461-b7c0-9473fbfa6316_TEcg.png,"If you are a non-resident Indian (NRI), transferring money between bank accounts in India can be an important part of managing finances across countries. The type of account you use matters, particul… [+3292 chars]",2026-09-20T04:01:56Z,2026-09-20,2026-09-22T18:03:32Z
225,HDFCBANK.NS,"""HDFC Bank"" OR HDFCBANK",The Times of India,Debaroti Adhikary,Ahead of Market: 10 things that will decide stock market action on Monday,"Indian equities extended their recovery, with Nifty gaining 0.33% as moderation in crude and global yields supported sentiment. Sensex slipped 0.03%, while broader markets outperformed. Here are 10 key factors that could influence Friday’s market action.",https://economictimes.indiatimes.com/markets/stocks/news/ahead-of-market-10-things-that-will-decide-stock-market-action-on-monday/articleshow/134367341.cms,"https://img.etimg.com/thumb/msid-134367376,width-1200,height-630,imgsize-105340,overlay-etmarkets/articleshow.jpg","The Indian stock market saw divergence in its benchmark indices for the second consecutive session, with Sensex closing in the red and Nifty in the green following sharp swings during the closing auc… [+4828 chars]",2026-09-20T11:18:48Z,2026-09-20,2026-09-22T18:03:32Z
224,HDFCBANK.NS,"""HDFC Bank"" OR HDFCBANK",Livemint,Sounak Mukhopadhyay,RD interest rates: How much can you actually earn? Check what post offices and major banks offer,"Total savings from RD investments vary with monthly contributions and deposit periods, and banks are rated for different timeframes.",https://www.livemint.com/money/rd-interest-rates-how-much-can-you-actually-earn-check-what-post-offices-and-major-banks-offer-11789915365881.html,https://www.livemint.com/lm-img/img/2026/09/20/1600x900/logo/RD_1789916007210_mgrq_1789916019605_OXre_2e5cea1a-3f9d-4d58-b4cf-e1a89d2ae499_hOaG.jpg,"Senior citizens can earn up to 8.50% yearly interest. Yes Bank offers the highest listed rate, followed by Bandhan Bank at 8.35%. IndusInd Bank comes next, with its highest senior-citizen rate at 8.2… [+3712 chars]",2026-09-20T14:54:30Z,2026-09-20,2026-09-22T18:03:32Z
223,HDFCBANK.NS,"""HDFC Bank"" OR HDFCBANK",The Times of India,Reena Zachariah,"India Inc, individuals could soon get to settle fund diversion cases","India's Securities and Exchange Board of India (Sebi) is considering a novel approach to address fund siphoning cases. Offenders would return misappropriated funds along with interest, while also disclosing relevant details. This initiative aims to create a m…",https://economictimes.indiatimes.com/news/company/corporate-trends/india-inc-individuals-could-soon-get-to-settle-fund-diversion-cases/articleshow/134377339.cms,"https://img.etimg.com/thumb/msid-134374939,width-1200,height-630,imgsize-678249,overlay-etmarkets/articleshow.jpg","(What's moving Sensex and Nifty Track latest market news, stock tips, Budget 2025, Share Market on Budget 2025 and expert advice, on ETMarkets. Also, ETMarkets.com is now on Telegram. For fastest new… [+330 chars]",2026-09-20T19:50:02Z,2026-09-21,2026-09-22T18:03:32Z
222,HDFCBANK.NS,"""HDFC Bank"" OR HDFCBANK",PRNewswire,,HDC Deadline: HDB Investors Have Opportunity to Lead HDFC Bank Limited Securities Fraud Lawsuit,"NEW YORK, Sept. 20, 2026 /PRNewswire/ -- Why: Rosen Law Firm, a global investor rights law firm, reminds purchasers of securities of HDFC Bank Limited (NYSE: HDB) between July 17, 2023 to May 26, 2026, inclusive (the ""Class Period""), of the important October …",https://www.prnewswire.com/news-releases/hdc-deadline-hdb-investors-have-opportunity-to-lead-hdfc-bank-limited-securities-fraud-lawsuit-302883704.html,https://mmx.prnewswire.com/media/MS1118010/Rosen-Law-Firm-Logo.jpg?id=OA2958433&p=facebook,"NEW YORK, Sept. 20, 2026 /PRNewswire/ --
Why: Rosen Law Firm, a global investor rights law firm, reminds purchasers of securities of HDFC Bank Limited (NYSE: HDB) between July 17, 2023 to May 26, 20… [+3938 chars]",2026-09-20T21:44:00Z,2026-09-21,2026-09-22T18:03:32Z
221,HDFCBANK.NS,"""HDFC Bank"" OR HDFCBANK",The Times of India,Bloomberg,EM local bonds gain favour as dollar debt lags,Current trends indicate that investors are leaning towards local emerging market debt rather than dollar-denominated bonds. The allure of attractive valuations combined with ongoing carry trades fuels this shift in strategy. Fund inflows and performance metri…,https://economictimes.indiatimes.com/markets/bonds/em-local-bonds-gain-favour-as-dollar-debt-lags/articleshow/134377150.cms,"https://img.etimg.com/thumb/msid-134377154,width-1200,height-630,imgsize-107776,overlay-etmarkets/articleshow.jpg","(What's moving Sensex and Nifty Track latest market news, stock tips, Budget 2025, Share Market on Budget 2025 and expert advice, on ETMarkets. Also, ETMarkets.com is now on Telegram. For fastest new… [+330 chars]",2026-09-20T23:24:23Z,2026-09-21,2026-09-22T18:03:32Z
220,HDFCBANK.NS,"""HDFC Bank"" OR HDFCBANK",The Times of India,Ravindra Sonavane,"IPO rush continues: 20 issues to raise over Rs 4,152 crore this week","Investors can look forward to a bustling week as seven mainboard and thirteen SME IPOs roll out for subscription. Together, these offerings project a hefty fundraising target of approximately ₹4,152 crore. Elevate Campuses' significant ₹2,100 crore IPO is pos…",https://economictimes.indiatimes.com/markets/ipos/fpos/ipo-rush-continues-20-issues-to-raise-over-rs-4152-crore-this-week/articleshow/134377158.cms,"https://img.etimg.com/thumb/msid-134377175,width-1200,height-630,imgsize-57026,overlay-etmarkets/articleshow.jpg","(What's moving Sensex and Nifty Track latest market news, stock tips, Budget 2025, Share Market on Budget 2025 and expert advice, on ETMarkets. Also, ETMarkets.com is now on Telegram. For fastest new… [+330 chars]",2026-09-20T23:35:21Z,2026-09-21,2026-09-22T18:03:32Z
219,HDFCBANK.NS,"""HDFC Bank"" OR HDFCBANK",The Times of India,Bloomberg,Jane Street bets big on leveraged ETF swaps,Jane Street Group has entered the leveraged ETF swap market this year.  They provided about $1.2 billion in swaps during the second quarter.  This move increases competition in a specialized derivatives market.  Clear Street and Marex Group also hold signific…,https://economictimes.indiatimes.com/markets/us-stocks/news/jane-street-bets-big-on-leveraged-etf-swaps/articleshow/134377456.cms,"https://img.etimg.com/thumb/msid-134377469,width-1200,height-630,imgsize-88702,overlay-etmarkets/articleshow.jpg","(What's moving Sensex and Nifty Track latest market news, stock tips, Budget 2025, Share Market on Budget 2025 and expert advice, on ETMarkets. Also, ETMarkets.com is now on Telegram. For fastest new… [+330 chars]",2026-09-21T00:56:38Z,2026-09-21,2026-09-22T18:03:32Z
218,HDFCBANK.NS,"""HDFC Bank"" OR HDFCBANK",Business Standard,SI Reporter,"NSE IPO subscribed 1.47 times on final day so far, retail lags, NIIs lead","The NSE IPO opened for subscription on September 17 and will remain open till Monday, September 21. The exchange has set a price band of ₹1,700-1,785 per share.",https://www.business-standard.com/markets/ipo/nse-ipo-subscribed-1-47-times-on-final-day-so-far-retail-lags-niis-lead-126092100239_1.html,https://bsmedia.business-standard.com/_media/bs/img/article/2026-09/08/thumb/fitandfill/1200X628/1788887342-8272.jpg,National Stock Exchanges initial public offering was subscribed 1.47 times as of 10:41 AM on the final day of bidding. The IPO received bids for 12.99 crore shares against 8.86 crore shares on offer.… [+2068 chars],2026-09-21T05:31:03Z,2026-09-21,2026-09-22T18:03:32Z
217,HDFCBANK.NS,"""HDFC Bank"" OR HDFCBANK",BusinessLine,BL Bengaluru Bureau,"HDFC Bank shares rise over 1%, trading at day’s high","HDFC Bank shares rose over 1 per cent on Monday, with the stock trading at ₹738.55 on the NSE at 11.14 am, against the previous close of ₹731. The stock hit an intraday high of ₹739.70.",https://www.thehindubusinessline.com/markets/hdfc-bank-shares-rise-over-1-trading-at-days-high/article71490301.ece,https://bl-i.thgim.com/public/incoming/sdag6r/article71490342.ece/alternates/LANDSCAPE_1200/2026-08-30T074158Z_637493103_RC2V5FALJDKW_RTRMADP_3_INDIA-HDFC-BANK-CEO.JPG,"HDFC Bank shares rose over 1 per cent on Monday, with the stock trading at 738.55 on the NSE at 11.14 am, against the previous close of 731. The stock hit an intraday high of 739.70. The shares were … [+586 chars]",2026-09-21T06:06:12Z,2026-09-21,2026-09-22T18:03:32Z
216,HDFCBANK.NS,"""HDFC Bank"" OR HDFCBANK",Mashable,Waquar Haider,Apple Pay India Launch Could Happen in October: What We Know So Far,Apple Pay could arrive in India as early as October. The service would enter one of the world's largest digital payments markets.,https://in.mashable.com/tech/114131/apple-pay-india-launch-could-happen-in-october-what-we-know-so-far,https://sm.mashable.com/mashable_in/seo/default/apple-logo-mash_eg5v.jpg,"Apple Pay could be launched in India as soon as October, introducing Apples mobile payments service to one of the biggest digital payments markets in the world. The service, which launched in the US … [+2486 chars]",2026-09-21T06:22:31Z,2026-09-21,2026-09-22T18:03:32Z
215,HDFCBANK.NS,"""HDFC Bank"" OR HDFCBANK",The Times of India,Anupam Nagar,Global Market: SoftBank launches $10 billion bonds to fund OpenAI investment,"SoftBank Group is raising $11 billion through dollar- and euro-denominated bonds to fund its $10 billion investment in OpenAI, replacing bridge financing and adding debt across multiple maturities.",https://economictimes.indiatimes.com/markets/us-stocks/wall-street-guide/global-market-softbank-launches-10-billion-bonds-to-fund-openai-investment/articleshow/134383971.cms,"https://img.etimg.com/thumb/msid-134384046,width-1200,height-630,imgsize-48586,overlay-etmarkets/articleshow.jpg","(What's moving Sensex and Nifty Track latest market news, stock tips, Budget 2025, Share Market on Budget 2025 and expert advice, on ETMarkets. Also, ETMarkets.com is now on Telegram. For fastest new… [+330 chars]",2026-09-21T07:59:45Z,2026-09-21,2026-09-22T18:03:32Z
214,HDFCBANK.NS,"""HDFC Bank"" OR HDFCBANK",The Times of India,ANI,Calcutta HC extends interim order on AITC's three HDFC Bank accounts till January 29,"In a significant ruling, the Calcutta High Court has extended the interim order on three AITC bank accounts, which will stay in effect until January 29, 2027. A Special Officer will oversee these accounts, ensuring essential financial transactions take place …",https://economictimes.indiatimes.com/news/politics-and-nation/calcutta-hc-extends-interim-order-on-aitcs-three-hdfc-bank-accounts-till-january-29/articleshow/134384294.cms,"https://img.etimg.com/thumb/msid-134384293,width-1200,height-630,imgsize-112088,overlay-economictimes/articleshow.jpg","Kolkata (West Bengal): The Calcutta High Court has extended its interim order concerning three HDFC Bank accounts operated by the All India Trinamool Congress (AITC) until January 29, 2027, providing… [+1859 chars]",2026-09-21T08:16:55Z,2026-09-21,2026-09-22T18:03:32Z
213,HDFCBANK.NS,"""HDFC Bank"" OR HDFCBANK",Business Standard,Sweta Kumari,"Apple Pay launch in October: Cards at launch, but UPI could be big question","Apple Pay launch Date in India: Apple Pay could launch in India as early as October with credit card support, entering a market dominated by UPI. Here is an explainer on what is Apple Pay and how it could work",https://www.business-standard.com/technology/tech-news/apple-pay-launch-in-october-cards-at-launch-but-upi-could-be-big-question-126092100604_1.html,https://bsmedia.business-standard.com/_media/bs/img/article/2026-09/21/thumb/fitandfill/1200X628/1789983115-6266.png,"Apple Pay could launch in India as early as October with credit card support, entering a market dominated by UPI. Here is an explainer on what is Apple Pay and how it could work
Apple Pay is expecte… [+7628 chars]",2026-09-21T09:32:18Z,2026-09-21,2026-09-22T18:03:32Z
212,HDFCBANK.NS,"""HDFC Bank"" OR HDFCBANK",BusinessLine,"Team BL, KS Badri Narayanan","Sensex today | Stock Market Highlights: Sensex rises 564 pts, Nifty closes at 23,414; Rupee ends at 95.81 in subdued trade","Sensex, Nifty, Stock Price Highlights: Indian shares edged higher on Monday, ​aided by bargain-buying following recent losses, while elevated crude prices ‌and heightened primary market activity limited the gains.",https://www.thehindubusinessline.com/markets/sensex-nifty50-today-stock-market-highlights-21st-september-2026/article71488721.ece,https://bl-i.thgim.com/public/incoming/wlus8d/article71487917.ece/alternates/LANDSCAPE_1200/PO20_Stockmarket_eyeglasses.jpg,"<li></li>
September 21, 2026 16:05This live blog is closed for the day.
<li></li>
September 21, 2026 16:04Julius Baer appoints Jayesh Kothari as Chief Human Resources Officer as it accelerates gro… [+77950 chars]",2026-09-21T10:38:06Z,2026-09-21,2026-09-22T18:03:32Z
211,HDFCBANK.NS,"""HDFC Bank"" OR HDFCBANK",GSMArena.com,Siddharth,Apple Pay reportedly set to launch in India next month,"According to a new report, Apple could launch its Apple Pay payment service in India as soon as next month. The service is currently available in more than 90 countries worldwide.

In his latest Power On newsletter, Bloomberg’s Mark Gurman claims that Apple w…",https://www.gsmarena.com/apple_pay_reportedly_set_to_launch_in_india_next_month-news-74694.php,https://fdn.gsmarena.com/imgroot/news/26/09/apple-pay-india-october-report/-952x498w6/gsmarena_00.jpg,"According to a new report, Apple could launch its Apple Pay payment service in India as soon as next month. The service is currently available in more than 90 countries worldwide.
In his latest Powe… [+708 chars]",2026-09-21T10:44:02Z,2026-09-21,2026-09-22T18:03:32Z
210,HDFCBANK.NS,"""HDFC Bank"" OR HDFCBANK",BusinessLine,Akshata Gorde,HDFC Securities says 98% of digital transactions insulated from UPI MDR,"HDFC Securities reports over 98% of its transactions are unaffected by the new UPI MDR framework, minimizing cost impacts for customers.",https://www.thehindubusinessline.com/markets/hdfc-securities-says-98-of-digital-transactions-insulated-from-upi-mdr/article71491005.ece,https://bl-i.thgim.com/public/incoming/heyiju/article71491189.ece/alternates/LANDSCAPE_1200/IMG_iStock-1328967589.jp_2_1_RNA0D68S.jpg,"As stockbrokers continue to raise concerns over the additional cost of UPI-based fund transfers, HDFC Securities has said over 98 per cent of transactions on its InvestRight and HDFC SKY platforms wo… [+2591 chars]",2026-09-21T11:07:04Z,2026-09-21,2026-09-22T18:03:32Z
209,HDFCBANK.NS,"""HDFC Bank"" OR HDFCBANK",Business Standard,Capital Market,"Sensex, Nifty gain as falling crude and heavyweight buying lift sentiment","The Nifty opened at 23,330.20 and slipped to an intraday low of 23,314.80 in early trade. The index recovered steadily through the morning session, crossed 23,400 and touched an intraday high of 23,466.80 in mid-afternoon trade. It pared some gains thereafter…",https://www.business-standard.com/markets/capital-market-news/sensex-nifty-gain-as-falling-crude-and-heavyweight-buying-lift-sentiment-126092100824_1.html,https://www.business-standard.com/assets/web-assets/images/Business_Standard_1_685x385.jpg,"The key equity benchmarks ended higher on Monday, supported by easing crude oil prices and renewed buying in heavyweight stocks. The Nifty closed above the 23,400 level. Sectorally, pharma, FMCG and … [+9128 chars]",2026-09-21T11:34:12Z,2026-09-21,2026-09-22T18:03:32Z
208,HDFCBANK.NS,"""HDFC Bank"" OR HDFCBANK",BusinessLine,BL Research Bureau,"Day Trading Guide for September 22, 2026: Intraday supports, resistances for Nifty50 stocks","Day Trading Guide gives you the key intraday supports and resistances to watch out for on the Nifty Futures and other widely traded stocks such as Reliance Industries, Infosys, HDFC Bank, TCS, SBI",https://www.thehindubusinessline.com/portfolio/day-trading-guide/day-trading-guide-for-september-22/article71491357.ece,https://bl-i.thgim.com/public/incoming/qezet7/article71491435.ece/alternates/LANDSCAPE_1200/PO16_Rising_chart.jpg,"Day Trading Guide gives you the key intraday supports and resistances to watch out for on the Nifty Futures and other widely traded stocks such as Reliance Industries, Infosys, HDFC Bank, TCS, SBI. B… [+2335 chars]",2026-09-21T13:17:27Z,2026-09-21,2026-09-22T18:03:32Z
207,HDFCBANK.NS,"""HDFC Bank"" OR HDFCBANK",The Times of India,Reuters,"US stocks: Wall St opens higher as AI stocks advance, oil slides","US stocks opened higher as AI shares rallied, Treasury yields retreated and oil fell to an 11-day low.",https://economictimes.indiatimes.com/markets/us-stocks/wall-street-guide/us-stocks-wall-st-opens-higher-as-ai-stocks-advance-oil-slides/articleshow/134391246.cms,"https://img.etimg.com/thumb/msid-134391317,width-1200,height-630,imgsize-66554,overlay-etmarkets/articleshow.jpg","(What's moving Sensex and Nifty Track latest market news, stock tips, Budget 2025, Share Market on Budget 2025 and expert advice, on ETMarkets. Also, ETMarkets.com is now on Telegram. For fastest new… [+330 chars]",2026-09-21T13:50:07Z,2026-09-21,2026-09-22T18:03:32Z
206,HDFCBANK.NS,"""HDFC Bank"" OR HDFCBANK",The Times of India,ETMarkets.com,Chicago Fed President Goolsbee rejects calls for Fed rate cuts to ease US debt burden,"Chicago Fed President Austan Goolsbee rejected calls for interest-rate cuts to ease the US government’s debt burden, warning that such a move could fuel inflation and raise borrowing costs. He said the debate reinforces the importance of Federal Reserve indep…",https://economictimes.indiatimes.com/markets/us-stocks/wall-street-guide/chicago-fed-president-goolsbee-rejects-calls-for-fed-rate-cuts-to-ease-us-debt-burden/articleshow/134391617.cms,"https://img.etimg.com/thumb/msid-134391617,width-1200,height-630,imgsize-3243203,overlay-etmarkets/articleshow.jpg","(What's moving Sensex and Nifty Track latest market news, stock tips, Budget 2025, Share Market on Budget 2025 and expert advice, on ETMarkets. Also, ETMarkets.com is now on Telegram. For fastest new… [+330 chars]",2026-09-21T14:15:45Z,2026-09-21,2026-09-22T18:03:32Z
205,HDFCBANK.NS,"""HDFC Bank"" OR HDFCBANK",The Times of India,Reuters,"Smart ring maker Oura, shareholders look to raise up to $2.2 billion in US IPO",Smart ring maker Oura plans to raise up to $2.2 billion in its US initial public offering. Eli Lilly and Dragoneer have indicated interest in purchasing shares in the offering. Oura and some existing investors will sell 50 million shares priced between $40 an…,https://economictimes.indiatimes.com/markets/us-stocks/news/smart-ring-maker-oura-shareholders-look-to-raise-up-to-2-2-billion-in-us-ipo/articleshow/134393012.cms,"https://img.etimg.com/thumb/msid-134393036,width-1200,height-630,imgsize-39404,overlay-etmarkets/articleshow.jpg","(What's moving Sensex and Nifty Track latest market news, stock tips, Budget 2025, Share Market on Budget 2025 and expert advice, on ETMarkets. Also, ETMarkets.com is now on Telegram. For fastest new… [+330 chars]",2026-09-21T15:44:45Z,2026-09-21,2026-09-22T18:03:32Z
204,HDFCBANK.NS,"""HDFC Bank"" OR HDFCBANK",Macdailynews.com,MacDailyNews,Apple Pay launch in India is imminent,"Apple Pay’s long-delayed arrival in India is now imminent. India remains one of the largest markets where Apple’s tap-to-pay wallet still…
The post Apple Pay launch in India is imminent appeared first on MacDailyNews.",https://macdailynews.com/2026/09/21/apple-pay-launch-in-india-is-imminent/,https://macdailynews.com/wp-content/uploads/2022/02/220225_apple_pay.png,"Apple Pay
Apple Pays long-delayed arrival in India is now close enough that Bloomberg News‘ Mark Gurman lists it as imminent. India remains one of the largest markets where Apples tap-to-pay system … [+1504 chars]",2026-09-21T16:00:12Z,2026-09-21,2026-09-22T18:03:32Z
203,HDFCBANK.NS,"""HDFC Bank"" OR HDFCBANK",The Times of India,Debaroti Adhikary,Ahead of Market: 10 things that will decide stock market action on Tuesday,"Indian equities gained on Monday as cooling oil prices and positive global cues lifted sentiment. Sensex rose 564 points to 74,859, while Nifty gained 68 points to 23,414. Market capitalisation increased nearly Rs 2 lakh crore, despite mixed market breadth.",https://economictimes.indiatimes.com/markets/stocks/news/ahead-of-market-10-things-that-will-decide-stock-market-action-on-tuesday/articleshow/134393212.cms,"https://img.etimg.com/thumb/msid-134393232,width-1200,height-630,imgsize-110642,overlay-etmarkets/articleshow.jpg","The Indian stock market recorded gains on Monday as cooling oil prices, strong global cues and other factors boosted investor sentiment.Sensex jumped 564 points to close near 74,859, while Nifty 50 g… [+5407 chars]",2026-09-21T16:00:21Z,2026-09-21,2026-09-22T18:03:32Z
202,HDFCBANK.NS,"""HDFC Bank"" OR HDFCBANK",The Times of India,Atmadip Ray,"Rupee gains for third day as crude eases, but volatility persists","The rupee strengthened for a third straight session to 95.8150 against the dollar as Brent crude eased to $101.5 a barrel. However, dollar outflows, importer demand and geopolitical tensions limited gains, with analysts expecting continued volatility amid Mid…",https://economictimes.indiatimes.com/markets/forex/forex-news/rupee-gains-for-third-day-as-crude-eases-but-volatility-persists/articleshow/134393258.cms,"https://img.etimg.com/thumb/msid-134393302,width-1200,height-630,imgsize-59456,overlay-etmarkets/articleshow.jpg","(What's moving Sensex and Nifty Track latest market news, stock tips, Budget 2025, Share Market on Budget 2025 and expert advice, on ETMarkets. Also, ETMarkets.com is now on Telegram. For fastest new… [+330 chars]",2026-09-21T16:04:39Z,2026-09-21,2026-09-22T18:03:32Z
201,HDFCBANK.NS,"""HDFC Bank"" OR HDFCBANK",PRNewswire,,"HDFC Bank Limited (HDB) Investors: Securities Fraud Class Action Filed, Contact Hagens Berman Before October 13, 2026 Lead Plaintiff Deadline","SAN FRANCISCO, Sept. 21, 2026 /PRNewswire/ -- Hagens Berman, a national law firm noted for its preeminent work in securities class action litigation, notifies investors in HDFC Bank Limited (NYSE: HDB) of a pending securities fraud class action. Class Period:…",https://www.prnewswire.com/news-releases/hdfc-bank-limited-hdb-investors-securities-fraud-class-action-filed-contact-hagens-berman-before-october-13-2026-lead-plaintiff-deadline-302884889.html,https://mmx.prnewswire.com/media/MS1117217/Hagens-Berman-Sobol-Shapiro-LLP-Logo.jpg?id=OA2960380&p=facebook,"SAN FRANCISCO, Sept. 21, 2026 /PRNewswire/ -- Hagens Berman, a national law firm noted for its preeminent work in securities class action litigation, notifies investors in HDFC Bank Limited (NYSE: HD… [+4516 chars]",2026-09-21T16:18:00Z,2026-09-21,2026-09-22T18:03:32Z
200,HDFCBANK.NS,"""HDFC Bank"" OR HDFCBANK",Business Standard,Our Bureau,98% transactions to remain unaffected by MDR on UPI: HDFC Securities,"Platinum Jasmine A 2018 Trust sold 2 per cent stake in Lenskart Solutions through a block deal on Monday, worth about ₹2,391 crore",https://www.business-standard.com/markets/news/98-transactions-to-remain-unaffected-by-mdr-on-upi-hdfc-securities-126092101409_1.html,https://bsmedia.business-standard.com/_media/bs/img/article/2026-08/13/thumb/fitandfill/1200X628/1786639499-9369.jpg,"Platinum Jasmine A 2018 Trust sold 2 per cent stake in Lenskart Solutions through a block deal on Monday, worth about 2,391 crore
Our Bureau3 min read Last Updated : Sep 21 2026 | 10:41 PM IST
Over… [+2675 chars]",2026-09-21T17:11:48Z,2026-09-21,2026-09-22T18:03:32Z
199,HDFCBANK.NS,"""HDFC Bank"" OR HDFCBANK",Business Standard,Subrata Panda,How reforms in banking shifted from boosting competition to building scale,"On July 21, 1993, RBI provided in-principle approval to HDFC and Unit Trust of India, or UTI (its lender later became Axis Bank), for starting banking companies",https://www.business-standard.com/specials/news/how-reforms-in-banking-shifted-from-boosting-competition-to-building-scale-126092101432_1.html,https://bsmedia.business-standard.com/_media/bs/img/article/2026-09/21/thumb/fitandfill/1200X628/1790011065-241.jpg,"(From left) Then HDFC Ltd Chairman Deepak Parekh, then HDFC Bank CEO Aditya Puri and then Finance Minister Manmohan Singh at HDFC Banks launch in 1994",2026-09-21T17:26:12Z,2026-09-21,2026-09-22T18:03:32Z
498,ICICIBANK.NS,"""ICICI Bank"" OR ICICIBANK",BusinessLine,"Team BL, KS Badri Narayanan","Sensex today | Stock Market Highlights: Sensex down 555 pts, Nifty ends at 23,635 as crude oil nears $100","Sensex, Nifty, Share Prices Highlights: Indian shares extended losses on Tuesday ​as oil surged toward $100 a barrel on escalating Middle East ‌tensions, while elevated volatility deepened declines in the Nifty ​during the closing auction for the ⁠weekly expi…",https://www.thehindubusinessline.com/markets/sensex-nifty50-today-stock-market-highlights-8th-september-2026/article71441098.ece,https://bl-i.thgim.com/public/incoming/oet1zt/article71018310.ece/alternates/LANDSCAPE_1200/stock%20market%20graph.jpg,"<li></li>
September 8, 2026 16:03This live blog is closed for the day.
<li></li>
September 8, 2026 16:01Rupee endures sharpest fall in over a month as Brent crude barrels towards $100
Rupee endur… [+68016 chars]",2026-09-08T10:35:03Z,2026-09-08,2026-09-22T18:03:34Z
497,ICICIBANK.NS,"""ICICI Bank"" OR ICICIBANK",Business Standard,Capital Market,Benchmarks extend losses as rising crude prices stoke inflation concerns,"The key equity indices ended lower on Tuesday, extending their decline for the second consecutive trading session. Sentiment remained subdued amid rising crude oil prices on concerns over an escalating conflict in the Middle East. India is particularly vulner…",https://www.business-standard.com/markets/capital-market-news/benchmarks-extend-losses-as-rising-crude-prices-stoke-inflation-concerns-126090801019_1.html,https://www.business-standard.com/assets/web-assets/images/Business_Standard_1_685x385.jpg,"The key equity indices ended lower on Tuesday, extending their decline for the second consecutive trading session. Sentiment remained subdued amid rising crude oil prices on concerns over an escalati… [+8145 chars]",2026-09-08T11:22:45Z,2026-09-08,2026-09-22T18:03:34Z
496,ICICIBANK.NS,"""ICICI Bank"" OR ICICIBANK",The Times of India,PTI,House of Hiranandani leases 2.7 lakh sq ft of office space to Accenture in Mumbai Metropolitan Region,Accenture Solutions has leased office space in Mumbai Metropolitan Region. The company secured 2.72 lakh sq ft at House of Hiranandani's commercial project. This significant deal involves a monthly rental of Rs 1.9 crore for ten years. Real estate consultant …,https://economictimes.indiatimes.com/industry/services/property-/-cstruction/house-of-hiranandani-leases-2-7-lakh-sq-ft-of-office-space-to-accenture-in-mmr/articleshow/133922802.cms,"https://img.etimg.com/thumb/msid-133922999,width-1200,height-630,imgsize-126418,overlay-economictimes/articleshow.jpg",New Delhi: Realty firm House of Hiranandani has provided on lease 2.72 lakh sq ft of office space to Accenture Solutions at its commercial project in Mumbai Metropolitan Region (MMR) for a monthly re… [+1727 chars],2026-09-08T11:29:57Z,2026-09-08,2026-09-22T18:03:34Z
495,ICICIBANK.NS,"""ICICI Bank"" OR ICICIBANK",The Times of India,Kumar Gaurav,"Market wrap: BEL, HUL, ICICI Bank, Axis Bank top gainers and losers on Nifty and Sensex on Tuesday","Indian equity markets extended losses on September 8, with Sensex and Nifty falling amid elevated crude prices, rate-hike concerns and heavy IPO activity. Broader markets outperformed, while technical indicators showed continued weakness, though deeply overso…",https://economictimes.indiatimes.com/markets/stocks/news/market-wrap-bel-hul-icici-bank-axis-bank-top-gainers-and-losers-on-nifty-and-sensex-on-tuesday/articleshow/133923188.cms,"https://img.etimg.com/thumb/msid-133923188,width-1200,height-630,imgsize-146002,overlay-etmarkets/articleshow.jpg","Indian equity markets extended their losses on Tuesday, September 8, with the benchmark indices ending lower amid continued pressure from elevated crude oil prices, concerns over a potential US Feder… [+2517 chars]",2026-09-08T11:42:30Z,2026-09-08,2026-09-22T18:03:34Z
494,ICICIBANK.NS,"""ICICI Bank"" OR ICICIBANK",BusinessLine,PTI,House of Hiranandani leases 2.7 lakh sq ft of office space to Accenture in MMR,The Grade-A office space has been leased in the 'Centaurus' commercial tower in Hiranandani Estate township project in Thane,https://www.thehindubusinessline.com/news/real-estate/house-of-hiranandani-leases-27-lakh-sq-ft-of-office-space-to-accenture-in-mmr/article71442516.ece,https://bl-i.thgim.com/public/incoming/kvk2df/article70268392.ece/alternates/LANDSCAPE_1200/hiranandanigtb1_11.jpg,Realty firm House of Hiranandani has provided on lease 2.72 lakh sq ft of office space to Accenture Solutions at its commercial project in Mumbai Metropolitan Region (MMR) for a monthly rent of 1.9 c… [+1544 chars],2026-09-08T12:11:50Z,2026-09-08,2026-09-22T18:03:34Z
493,ICICIBANK.NS,"""ICICI Bank"" OR ICICIBANK",The Times of India,PTI,House of Hiranandani leases 2.7 lakh sq ft of office space to Accenture in Mumbai Metropolitan Region,Accenture Solutions has leased office space in Mumbai Metropolitan Region. The company secured 2.72 lakh sq ft at House of Hiranandani's commercial project. This significant deal involves a monthly rental of Rs 1.9 crore for ten years. Real estate consultant …,https://economictimes.indiatimes.com/markets/digital-real-estate/realty-news/house-of-hiranandani-leases-2-7-lakh-sq-ft-of-office-space-to-accenture-in-mumbai-metropolitan-region/articleshow/133929304.cms,"https://img.etimg.com/thumb/msid-133922999,width-1200,height-630,imgsize-126418,overlay-etmarkets/articleshow.jpg",Realty firm House of Hiranandani has provided on lease 2.72 lakh sq ft of office space to Accenture Solutions at its commercial project in Mumbai Metropolitan Region (MMR) for a monthly rent of Rs 1.… [+1714 chars],2026-09-08T14:15:25Z,2026-09-08,2026-09-22T18:03:34Z
492,ICICIBANK.NS,"""ICICI Bank"" OR ICICIBANK",BusinessLine,Anupama Ghosh,Crude shock sends Nifty to three-month low; Rupee slips,"Markets will track crude price movements, further developments in West Asia, and the 18th BRICS Summit scheduled in New Delhi on September 12-13",https://www.thehindubusinessline.com/markets/crude-shock-sends-nifty-to-three-month-low-rupee-slips/article71443299.ece,https://bl-i.thgim.com/public/incoming/anpbtd/article71443502.ece/alternates/LANDSCAPE_1200/iStock-1405176819.jpg,"Markets fell for the second consecutive session on Tuesday, dragged down by surging crude oil prices and escalating geopolitical tensions in West Asia, as investors turned increasingly risk-averse ac… [+2646 chars]",2026-09-08T14:36:42Z,2026-09-08,2026-09-22T18:03:34Z
491,ICICIBANK.NS,"""ICICI Bank"" OR ICICIBANK",The Times of India,Debaroti Adhikary,Ahead of Market: 10 things that will decide stock market action on Wednesday,"Indian equities extended their decline on Tuesday, with Sensex falling 555 points and Nifty ending below 23,650. Analysts cited elevated crude prices, Fed rate hike concerns and IPO fund absorption, while technical signals suggested 23,600 as key Nifty suppor…",https://economictimes.indiatimes.com/markets/stocks/news/ahead-of-market-10-things-that-will-decide-stock-market-action-on-wednesday/articleshow/133932341.cms,"https://img.etimg.com/thumb/msid-133932384,width-1200,height-630,imgsize-111150,overlay-etmarkets/articleshow.jpg","The Indian stock market extended losses on Tuesday, with Sensex and Nifty closing lower as elevated crude oil prices, Fed rate hike worries, booming IPO market and other factors continue to contribut… [+6010 chars]",2026-09-08T16:01:44Z,2026-09-08,2026-09-22T18:03:34Z
490,ICICIBANK.NS,"""ICICI Bank"" OR ICICIBANK",Business Standard,Pravin Palande,Closing auction leaves retail options traders caught both ways,Nifty's late swings punish longs and shorts as liquidity remains thin,https://www.business-standard.com/markets/news/closing-auction-leaves-retail-options-traders-caught-both-ways-126090801400_1.html,https://bsmedia.business-standard.com/_media/bs/img/article/2026-09/08/thumb/fitandfill/1200X628/1788887342-8272.jpg,"Nifty's late swings punish longs and shorts as liquidity remains thin
Pravin PalandeMumbai4 min read Last Updated : Sep 08 2026 | 10:40 PM IST
Selling in private-sector banks dragged the Nifty 50 d… [+3562 chars]",2026-09-08T17:10:30Z,2026-09-08,2026-09-22T18:03:34Z
489,ICICIBANK.NS,"""ICICI Bank"" OR ICICIBANK",The Times of India,Kailash Babar,"Accenture, House of Hiranandani ink three lakh sq ft Thane office deal",Accenture has leased nearly three lakh square feet of office space in Thane's Centaurus tower. This significant deal involves a long-term lease agreement with monthly rental payments exceeding Rs 1.9 crore. The company will occupy three floors in the Grade-A …,https://economictimes.indiatimes.com/industry/services/property-/-cstruction/accenture-house-of-hiranandani-ink-three-lakh-sq-ft-thane-office-deal/articleshow/133951522.cms,"https://img.etimg.com/thumb/msid-133951546,width-1200,height-630,imgsize-126418,overlay-economictimes/articleshow.jpg",Mumbai: Global technology and consulting major Accenture has picked up nearly 3 lakh sq ft of office space across three floors in commercial tower Centaurus in Thanes Hiranandani Estate through a lon… [+3193 chars],2026-09-09T03:50:56Z,2026-09-09,2026-09-22T18:03:34Z
488,ICICIBANK.NS,"""ICICI Bank"" OR ICICIBANK",Business Standard,Prachi Pisal,"Accenture leases 272,000 sq ft office space in Thane for ₹269 crore","The technology and consulting major will occupy three contiguous floors at Centaurus in Hiranandani Estate, with capacity for around 2,500-3,000 employees",https://www.business-standard.com/industry/news/accenture-thane-office-lease-centaurus-hiranandani-estate-126090900291_1.html,https://bsmedia.business-standard.com/_media/bs/img/article/2025-09/26/thumb/featurecrop/1200X628/1758904908-5905.jpg,"The technology and consulting major will occupy three contiguous floors at Centaurus in Hiranandani Estate, with capacity for around 2,500-3,000 employees
The space has capacity to accommodate aroun… [+2419 chars]",2026-09-09T05:07:27Z,2026-09-09,2026-09-22T18:03:34Z
487,ICICIBANK.NS,"""ICICI Bank"" OR ICICIBANK",BusinessLine,"Team BL, KS Badri Narayanan","Sensex today | Stock Market Highlights: Sensex crashes 813 pts, Nifty closes at 23,431 as crude crosses $100","Sensex, Nifty, Share Prices Highlights: Indian shares fell for a ​third consecutive session on Wednesday to their lowest levels in three months ‌as Brent crude futures rose above $100 a ​barrel for the first time since late July, ⁠fanning concerns about its i…",https://www.thehindubusinessline.com/markets/sensex-nifty50-today-stock-market-highlights-9th-september-2026/article71445394.ece,https://bl-i.thgim.com/public/incoming/jacsh3/article71445396.ece/alternates/LANDSCAPE_1200/stock%20market%204.jpg,"<li></li>
September 9, 2026 16:18This live blog is closed for the day.
<li></li>
September 9, 2026 16:07Rupee slumps 37 paise to close at 95.11 (provisional) against US dollar.
Rupee slump to 95.… [+74269 chars]",2026-09-09T10:49:37Z,2026-09-09,2026-09-22T18:03:34Z
486,ICICIBANK.NS,"""ICICI Bank"" OR ICICIBANK",The Times of India,Debaroti Adhikary,Ahead of Market: 10 things that will decide stock market action on Thursday,"Indian markets extended their losing streak for a third day as soaring oil prices and Middle East tensions hurt sentiment. Sensex fell 813 points, Nifty dropped 204 points, and BSE market capitalisation lost over Rs 2 lakh crore amid broad-based selling.",https://economictimes.indiatimes.com/markets/stocks/news/ahead-of-market-10-things-that-will-decide-stock-market-action-on-thursday/articleshow/133974711.cms,"https://img.etimg.com/thumb/msid-133974765,width-1200,height-630,imgsize-105352,overlay-etmarkets/articleshow.jpg","The Indian stock market tumbled for the third straight day on Wednesday, with Sensex and Nifty closing in the deep red as soaring oil prices and other concerns spooked investors.Sensex tumbled over 8… [+5572 chars]",2026-09-09T15:28:53Z,2026-09-09,2026-09-22T18:03:34Z
485,ICICIBANK.NS,"""ICICI Bank"" OR ICICIBANK",Livemint,Sheetal Goel,Parag Parikh Flexi Cap Fund: What it bought and sold in August 2026; top 10 holdings revealed,"Parag Parikh Flexi Cap Fund, India’s largest mutual fund scheme, added DLF and Knowledge Realty Trust in August 2026 and exited one REIT. It also raised exposure to 10 holdings and trimmed one. Here’s what you need to know.",https://www.livemint.com/money/personal-finance/parag-parikh-flexi-cap-fund-what-it-bought-and-sold-in-august-2026-top-10-holdings-revealed-11788964819743.html,https://www.livemint.com/lm-img/img/2026/09/09/1600x900/logo/funds_paa_1788968830352_e85a994f-0ea1-47b0-bb48-5a6a13d5d42a_1788968834192_23471461-5d3b-4141-9b5f-0609d0d3f3b9_d030dd98-570a-4691-894f-393c6772e1d2_55c570cc-6504-4a83-bbb2-331228def911.png,"Indias largest mutual fund scheme by assets under management, Parag Parikh Flexi Cap Fund, has disclosed its portfolio for August 2026, showing a mix of fresh additions, increased exposure to select … [+4753 chars]",2026-09-09T16:22:27Z,2026-09-09,2026-09-22T18:03:34Z
484,ICICIBANK.NS,"""ICICI Bank"" OR ICICIBANK",The Times of India,Akash Podishetti,ICICI Prudential AMC gets RBI approval to buy up to 9.95% stake in Kotak and 3 other banks,"ICICI Prudential AMC secured Reserve Bank of India approval for significant bank share acquisitions.  The approval allows for aggregate holdings up to 9.95 percent in four specific banks.  These banks include Kotak Mahindra Bank, AU Small Finance Bank, CSB Ba…",https://economictimes.indiatimes.com/markets/stocks/news/icici-prudential-amc-gets-rbi-approval-to-buy-up-to-9-95-stake-in-kotak-and-3-other-banks/articleshow/133979457.cms,"https://img.etimg.com/thumb/msid-133979549,width-1200,height-630,imgsize-23450,overlay-etmarkets/articleshow.jpg","ICICI Prudential Asset Management Company has received approval from the Reserve Bank of India to acquire aggregate holding of up to 9.95% in four banks. The approval covers CSB Bank, DCB Bank, Kotak… [+1775 chars]",2026-09-09T17:59:53Z,2026-09-09,2026-09-22T18:03:34Z
483,ICICIBANK.NS,"""ICICI Bank"" OR ICICIBANK",Business Standard,"Anupreksha Jain, Aathira Varier","Bank of Baroda raises $8 billion via FCNR (B), exceeds initial target","The state-run lender mobilised $8 billion through the RBI's concessional swap window, exceeding its initial target of $4-5 billion, amid strong demand for FCNR(B) deposits",https://www.business-standard.com/industry/banking/bank-of-baroda-raises-8-billion-via-fcnr-b-exceeds-initial-target-126090901764_1.html,https://bsmedia.business-standard.com/_media/bs/img/article/2026-07/30/thumb/fitandfill/1200X628/1785376889-3857.jpg,"The state-run lender mobilised $8 billion through the RBI's concessional swap window, exceeding its initial target of $4-5 billion, amid strong demand for FCNR(B) deposits
Image: Bloomberg
Anupreks… [+1705 chars]",2026-09-09T18:24:35Z,2026-09-09,2026-09-22T18:03:34Z
482,ICICIBANK.NS,"""ICICI Bank"" OR ICICIBANK",The Times of India,ET Online,"iPhone 18 Pro, iPhone 18 Pro Max launch deals in India: Check bank offers, No Cost EMI options and exchange discounts","Apple has launched the iPhone 18 Pro and iPhone 18 Pro Max in India with several launch offers for buyers. The new iPhones come with eligible bank cashback, up to six months of No Cost EMI and trade-in benefits, which can help reduce the effective purchase co…",https://economictimes.indiatimes.com/magazines/panache/iphone-18-pro-iphone-18-pro-max-launch-deals-in-india-check-bank-offers-no-cost-emi-options-and-exchange-discounts/articleshow/133982300.cms,"https://img.etimg.com/thumb/msid-133982757,width-1200,height-630,imgsize-86082,overlay-etpanache/articleshow.jpg","Apple has launched the iPhone 18 Pro and iPhone 18 Pro Max in India, with buyers getting several options to reduce the effective cost of the new flagship phones. Along with bank cashback, Apple is of… [+2740 chars]",2026-09-09T19:44:27Z,2026-09-10,2026-09-22T18:03:34Z
481,ICICIBANK.NS,"""ICICI Bank"" OR ICICIBANK",The Times of India,Kumar Gaurav,"Stocks in news: Reliance Industries, Wipro, ICICI Bank, Coal India and Hindustan Zinc","Indian equity markets experienced a decline on Wednesday, extending their recent corrective phase. Several companies, including Reliance Industries and Coal India, are expected to be in focus. Railway stocks will be watched after the government approved five …",https://economictimes.indiatimes.com/markets/stocks/news/stocks-in-news-reliance-industries-wipro-icici-bank-coal-india-and-hindustan-zinc/articleshow/133988014.cms,"https://img.etimg.com/thumb/msid-133988095,width-1200,height-630,imgsize-232918,overlay-etmarkets/articleshow.jpg","Indian equity markets remained under pressure on Wednesday, September 9, extending their recent corrective phase amid escalating geopolitical tensions. The NSE Nifty 50 declined 0.86% to close at 23,… [+5658 chars]",2026-09-10T00:30:00Z,2026-09-10,2026-09-22T18:03:34Z
480,ICICIBANK.NS,"""ICICI Bank"" OR ICICIBANK",Business Standard,Bloomberg,Axis Bank's AI push signals slower hiring ahead as it scales up business,"The lender opened about 400 branches in FY26 even as its net headcount fell 3%, with CEO Amitabh Chaudhry expecting technology investments to support further growth without similar staff expansion",https://www.business-standard.com/companies/news/axis-bank-s-ai-push-signals-slower-hiring-ahead-as-it-scales-up-business-126091000129_1.html,https://bsmedia.business-standard.com/_media/bs/img/article/2026-09/10/thumb/fitandfill/1200X628/1789010562-4967.jpg,"The lender opened about 400 branches in FY26 even as its net headcount fell 3%, with CEO Amitabh Chaudhry expecting technology investments to support further growth without similar staff expansion
A… [+2748 chars]",2026-09-10T03:24:07Z,2026-09-10,2026-09-22T18:03:34Z
479,ICICIBANK.NS,"""ICICI Bank"" OR ICICIBANK",Bloomberg,Bloomberg,Axis Bank’s AI push signals slower hiring ahead for India firm,"“Our hope is that, at least to start with, there is no need to continue to increase the headcount at the same pace as before,” CEO Amitabh Chaudhry said",https://www.bloomberg.com/news/articles/2026-09-09/axis-bank-s-ai-push-signals-slower-hiring-ahead-for-india-firm,https://bl-i.thgim.com/public/incoming/utrw5d/article71450123.ece/alternates/LANDSCAPE_1200/2026-03-18T044850Z_473128317_RC20P5ARI3NK_RTRMADP_3_INDIA-AXIS-BANK-AXIS-FINANCE.JPG,"Axis Bank Ltd. expects investments in AI and technology will help it expand without adding many staff, signaling slower hiring even as Indias third-largest private lender scales up its business.
Our… [+2343 chars]",2026-09-10T04:04:03Z,2026-09-10,2026-09-22T18:03:34Z
478,ICICIBANK.NS,"""ICICI Bank"" OR ICICIBANK",Business Standard,Sweta Kumari,"Phone 18 Pro series debuts with variable aperture camera, A20 Pro and more","iPhone 18 Pro Series Details: Apple will begin accepting pre-orders in India for the iPhone 18 Pro and iPhone 18 Pro Max on September 12, with sales beginning September 18",https://www.business-standard.com/technology/gadgets/phone-18-pro-series-debuts-with-variable-aperture-camera-a20-pro-and-more-126091000190_1.html,https://bsmedia.business-standard.com/_media/bs/img/article/2026-09/10/thumb/fitandfill/1200X628/1789013874-6169.jpg,"Apple will begin accepting pre-orders in India for the iPhone 18 Pro and iPhone 18 Pro Max on September 12, with sales beginning September 18
Apple iPhone 18 Pro and iPhone 18 Pro Max. The latest Pr… [+9420 chars]",2026-09-10T04:18:25Z,2026-09-10,2026-09-22T18:03:34Z
477,ICICIBANK.NS,"""ICICI Bank"" OR ICICIBANK",Livemint,Shivam Shukla,Investing in FDs or small savings schemes? 5 factors investors should compare beyond interest rates,"Small savings schemes and bank FDs differ in investment limits, liquidity, payouts, taxation and tenure. Here are five factors investors should consider beyond interest rates before choosing where to invest.",https://www.livemint.com/money/personal-finance/investing-in-fds-or-small-savings-schemes-5-factors-investors-should-compare-beyond-interest-rates-11789017943086.html,https://www.livemint.com/lm-img/img/2026/09/10/1600x900/logo/0ab2ecca-05b9-4206-a35a-190cd294c6db_1789018858311_a31cc000-9092-480b-a635-d888ed163161_1789018876467_32013144-a815-4ce9-9ccc-d68e9b3bd17a_e8bf5b70-5be7-4d54-839b-569f41456939_7146ab4b-db20-44fd-952f-2ac2307b257e.png,"Investing in fixed deposits (FDs) or small savings schemes? The interest rate may be the first thing you check, but it should not be the only factor guiding your decision. While a higher rate can def… [+6392 chars]",2026-09-10T06:33:21Z,2026-09-10,2026-09-22T18:03:34Z
476,ICICIBANK.NS,"""ICICI Bank"" OR ICICIBANK",Livemint,Kirti Jha,PPFAS Tax Saver vs Flexi Cap Fund: Same stocks but different returns. Which one performed better and why,"PPFAS ELSS Tax Saver delivered a -9.52% one-year return, making it the worst-performing equity fund, despite having 71% portfolio overlap with PPFAS Flexi Cap. The Aug portfolio data shows how differences in stock weights, US equity exposure and overall equit…",https://www.livemint.com/money/personal-finance/ppfas-tax-saver-vs-flexi-cap-fund-same-stocks-but-different-returns-which-one-performed-better-and-why-11789024997169.html,https://www.livemint.com/lm-img/img/2026/09/10/1600x900/logo/Gemini_Generated_Image_lefaoplefaoplef_178902644_1789026451936_8bf04a0e-d303-4c95-99b2-cd8d24eee9ae_1789026452285_d3f522fd-9fec-4115-ac49-0ee2489e0f75_59189c56-f491-41ed-b7ff-28f956bdc167_fcec916a-10aa-4a2f-978e-09d394490486.png,"Parag Parikh ELSS Tax Saver Fund has emerged as the worst-performing fund among all equity mutual funds, excluding sectoral and thematic schemes, over the past year. The fund fell 9.52% during the pe… [+5274 chars]",2026-09-10T07:52:11Z,2026-09-10,2026-09-22T18:03:34Z
475,ICICIBANK.NS,"""ICICI Bank"" OR ICICIBANK",Business Standard,Manojit Saha,"PNB to enter wealth management services, beef up credit card portfolio","The state-run lender plans to launch wealth management services in early 2027 and is adding 50,000-60,000 credit cards every month as it seeks new growth avenues",https://www.business-standard.com/companies/news/pnb-wealth-management-credit-card-expansion-ashok-chandra-126091000710_1.html,https://bsmedia.business-standard.com/_media/bs/img/article/2024-10/28/thumb/fitandfill/1200X628/1730129836-5576.jpg,"The state-run lender plans to launch wealth management services in early 2027 and is adding 50,000-60,000 credit cards every month as it seeks new growth avenues
The other segment PNB is beefing up … [+3509 chars]",2026-09-10T09:35:55Z,2026-09-10,2026-09-22T18:03:34Z
474,ICICIBANK.NS,"""ICICI Bank"" OR ICICIBANK",The Times of India,Neelanjit Das,"Rs 1.09 crore remittance sent to home by an Indian working in Kuwait, but he didn't file ITR, received income tax notice; gets relief in ITAT Ahmedabad","Indian man working in Kuwait oilfields, got his salary in National Bank of Kuwait, remitted Rs 1.09 crore back to family in India, files no ITR, got an unexplained money tax notice u/s 69; he partially wins case in ITAT Ahmedabad",https://economictimes.indiatimes.com/wealth/tax/rs-1-09-crore-remittance-sent-to-home-by-an-indian-working-in-kuwait-but-he-didnt-file-itr-received-income-tax-notice-gets-relief-in-itat-ahmedabad/articleshow/134003093.cms,"https://img.etimg.com/thumb/width-1200,height-900,imgsize-251078,resizemode-75,msid-134003093/wealth/tax/rs-1-09-crore-remittance-sent-to-home-by-an-indian-working-in-kuwait-but-he-didnt-file-itr-received-income-tax-notice-gets-relief-in-itat-ahmedabad.jpg","Mr Narshibhai, who hailed from Krishnanagar Naroda Road, Ahmedabad, emigrated to Kuwait to work in the oilfields of Mina Al-Ahmadi, Kuwait. He had been in Kuwait for quite some time and was earning a… [+9530 chars]",2026-09-10T10:19:04Z,2026-09-10,2026-09-22T18:03:34Z
473,ICICIBANK.NS,"""ICICI Bank"" OR ICICIBANK",The Times of India,Debaroti Adhikary,Ahead of Market: 10 things that will decide stock market action on Friday,"Indian markets ended higher after Sensex and Nifty reversed losses during the closing auction, snapping a three-session decline. Crude above $102, weak global cues and rising yields kept sentiment cautious, while Nifty formed a hammer and stocks showed buying…",https://economictimes.indiatimes.com/markets/stocks/news/ahead-of-market-10-things-that-will-decide-stock-market-action-on-friday/articleshow/134018556.cms,"https://img.etimg.com/thumb/msid-134018594,width-1200,height-630,imgsize-105352,overlay-etmarkets/articleshow.jpg","The Indian stock market closed in the green on Thursday, with Sensex and Nifty reversing all intraday losses during the closing auction session (CAS) to snap a three-session losing streak even as oil… [+5930 chars]",2026-09-10T15:56:10Z,2026-09-10,2026-09-22T18:03:34Z
472,ICICIBANK.NS,"""ICICI Bank"" OR ICICIBANK",The Times of India,Sneha Kulkarni,"Bank union strike today: Are banks open or closed today on September 11, 2026? Check details","Customers should brace for significant disruptions in bank services on September 11, 2026, as the UFBU calls for a nationwide strike. This strike will extend into the weekend, limiting service availability. Unions are pressing for critical reforms including a…",https://economictimes.indiatimes.com/wealth/save/bank-union-strike-today-september-11-2026-are-sbi-pnb-bob-hdfc-icici-banks-open-or-closed-today-check-details/articleshow/134010311.cms,"https://img.etimg.com/thumb/width-1200,height-900,imgsize-232730,resizemode-75,msid-134010311/wealth/save/bank-union-strike-today-september-11-2026-are-sbi-pnb-bob-hdfc-icici-banks-open-or-closed-today-check-details.jpg","If you have any bank-related work, you may need to wait for a few days to get it done if it needs a branch visit. It is because bank operations may be disrupted as the United Forum of Bank Unions (UF… [+2558 chars]",2026-09-11T01:30:00Z,2026-09-11,2026-09-22T18:03:34Z
471,ICICIBANK.NS,"""ICICI Bank"" OR ICICIBANK",Business Standard,Puneet Wadhwa,Foreign investors may rejig allocation to Indian financials: Jefferies,"Beyond the core earnings trajectory, clarity on the tenure and succession plans of chief executives at large financial institutions will also be important for the sector, analysts said.",https://www.business-standard.com/markets/news/foreign-investors-may-rejig-allocation-to-indian-financials-jefferies-126091100183_1.html,https://bsmedia.business-standard.com/_media/bs/img/article/2026-07/10/thumb/featurecrop/1200X628/1783706216-9863.jpg,"Beyond the core earnings trajectory, clarity on the tenure and succession plans of chief executives at large financial institutions will also be important for the sector, analysts said.
Banks, Banki… [+3436 chars]",2026-09-11T04:12:15Z,2026-09-11,2026-09-22T18:03:34Z
470,ICICIBANK.NS,"""ICICI Bank"" OR ICICIBANK",Business Standard,Heena Ojha,"Oil, yields surge batter bank stocks; Nifty Bank index sinks 1.3%","Oil prices spiked to near $110 a barrel, on track to end the week at over $100 a barrel for the first time ​since mid-May.",https://www.business-standard.com/markets/news/oil-yields-surge-batter-bank-stocks-nifty-bank-index-sinks-1-3-126091100266_1.html,https://bsmedia.business-standard.com/_media/bs/img/article/2025-01/27/thumb/fitandfill/1200X628/1737998115-2028.jpg,"Oil prices spiked to near $110 a barrel, on track to end the week at over $100 a barrel for the first time since mid-May.
Oil, yields surge batter bank stocks; Nifty Bank index sinks 1.3%
Heena Ojh… [+2328 chars]",2026-09-11T04:45:45Z,2026-09-11,2026-09-22T18:03:34Z
469,ICICIBANK.NS,"""ICICI Bank"" OR ICICIBANK",The Times of India,Akash Podishetti,FII darling turns into exit trade: Is HDFC Bank’s 10% foreign holding drop a worrying sign?,"HDFC Bank has seen a sharp decline in foreign investor ownership since its merger with HDFC, reflecting concerns over slower growth, funding pressures, margins and leadership changes. FII holding has fallen from 52.13% in September 2023 to 41.82% in June 2026…",https://economictimes.indiatimes.com/markets/stocks/news/fii-darling-turns-into-exit-trade-is-hdfc-banks-10-foreign-holding-drop-a-worrying-sign/articleshow/134046237.cms,"https://img.etimg.com/thumb/msid-134046548,width-1200,height-630,imgsize-2263598,overlay-etmarkets/articleshow.jpg","HDFC Bank has seen a sharp decline in foreign investor ownership since its merger with HDFC, as the bank has faced growing investor scrutiny over its growth, margins and leadership transition.Foreign… [+6997 chars]",2026-09-11T05:00:28Z,2026-09-11,2026-09-22T18:03:34Z
468,ICICIBANK.NS,"""ICICI Bank"" OR ICICIBANK",Crypto Briefing,Vivian Nguyen,"India central bank, markets regulator launch tokenization pilot for corporate bonds and digital settlement","India's tokenization pilot could revolutionize financial markets by enhancing transaction efficiency, broadening investor access, and strengthening global finance.
The post India central bank, markets regulator launch tokenization pilot for corporate bonds an…",https://cryptobriefing.com/india-central-bank-markets-regulator-launch-tokenization-pilot-for-corporate-bonds-and-digital-settlement/,https://static.cryptobriefing.com/wp-content/uploads/2026/09/11070941/India-central-bank-markets-regulator-launch-tokenization-pilot-for-corporate-bonds-and-digital-settlement-800x438.png,"The initiative is an evolution of ""Demat 1.0,"" which was launched in 1996 to replace paper share certificates with digital holdings. The Reserve Bank of India (RBI) and the Securities and Exchange Bo… [+2280 chars]",2026-09-11T11:17:04Z,2026-09-11,2026-09-22T18:03:34Z
467,ICICIBANK.NS,"""ICICI Bank"" OR ICICIBANK",BusinessLine,"Team BL, KS Badri Narayanan","Sensex today | Stock Market Highlights: Sensex down 120 pts, Nifty closes at 23,398, logs 5th weekly loss as oil fears grip markets","Sensex, Nifty, Stock Price Highlights: Benchmark indices Sensex and Nifty ended marginally lower on Friday after registering sharp losses during the day following a drop in crude oil prices and buying in blue-chip HDFC Bank and IT stocks.",https://www.thehindubusinessline.com/markets/sensex-nifty50-today-stock-market-highlights-11th-september-2026/article71453005.ece,https://bl-i.thgim.com/public/incoming/67wkhf/article71036024.ece/alternates/LANDSCAPE_1200/IMG_PO16_Candle_2_2_1_GTE482N4.jpg,"<li></li>
September 11, 2026 16:42This live blog is closed for the day.
<li></li>
September 11, 2026 16:12Rupee sees sharpest weekly drop in four months on oil worries
Rupee sees sharpest weekly … [+96897 chars]",2026-09-11T11:20:12Z,2026-09-11,2026-09-22T18:03:34Z
466,ICICIBANK.NS,"""ICICI Bank"" OR ICICIBANK",BusinessLine,,"The Latest Home Loan Interest Rates: Sep 11, 2026","The Latest Home Loan Interest Rates: Sep 11, 2026",https://www.thehindubusinessline.com/money-and-banking/the-latest-home-loan-interest-rates-sep-11-2026/article64808517.ece,https://www.thehindubusinessline.com/theme/images/og-image.png,"What are the various fixed and floating interest rates on offer for home loans today? Let's take a comprehensive look at interest rates across banks and housing finance companies.
<table><tr><td>Ins… [+4925 chars]",2026-09-11T13:30:13Z,2026-09-11,2026-09-22T18:03:34Z
465,ICICIBANK.NS,"""ICICI Bank"" OR ICICIBANK",Gizmodo.com,Matt Novak,"Trump’s Pick for Surgeon General Holds Investments in Tech, Tobacco, Fast Food, and Big Pharma",Former Fox News contributor Nicole Saphier is Trump's third nominee for Surgeon General in his second term.,https://gizmodo.com/trumps-pick-for-surgeon-general-holds-investments-in-tech-tobacco-fast-food-and-big-pharma-2000810278,https://gizmodo.com/app/uploads/2026/09/nicole-saphier-surgeon-general-1200x675.jpg,"Nicole Saphier, President Donald Trump’s pick to be Surgeon General, released her financial disclosure forms this week in the lead-up to her confirmation hearing on Sept. 16. The forms, posted online… [+10447 chars]",2026-09-11T14:35:45Z,2026-09-11,2026-09-22T18:03:34Z
464,ICICIBANK.NS,"""ICICI Bank"" OR ICICIBANK",Business Standard,Aathira Varier,Nearly 50% of FCNR(B) deposits under RBI swap have five-year tenure: Guv,RBI Governor Sanjay Malhotra says nearly half of the $127.2 billion in FCNR(B) deposits mobilised under the concessional swap facility have a five-year tenure,https://www.business-standard.com/finance/news/nearly-50-of-fcnr-b-deposits-under-rbi-swap-have-five-year-tenure-guv-126091101308_1.html,https://bsmedia.business-standard.com/_media/bs/img/article/2026-08/05/thumb/fitandfill/1200X628/1785935902-1316.jpg,"RBI Governor Sanjay Malhotra says nearly half of the $127.2 billion in FCNR(B) deposits mobilised under the concessional swap facility have a five-year tenure
Sanjay Malhotra, Governor, RBI
Aathira… [+4093 chars]",2026-09-11T14:50:30Z,2026-09-11,2026-09-22T18:03:34Z
463,ICICIBANK.NS,"""ICICI Bank"" OR ICICIBANK",The Times of India,ET Online,Nitin Gadkari says vehicle owners can port FASTag to a different bank without replacing the physical tag under OneTag system; Here's how to switch FASTag bank,"Union minister Nitin Gadkari has launched OneTag, a new system that lets FASTag users switch their issuing bank without replacing their physical tag, tag ID or vehicle registration number. The process runs through NHAI's Rajmargyatra app and here's a step-by-…",https://economictimes.indiatimes.com/industry/transportation/roadways/nitin-gadkari-says-vehicle-owners-can-port-fastag-to-a-different-bank-without-replacing-the-physical-tag-under-onetag-system-heres-how-to-switch-fastag-bank/articleshow/134112706.cms,"https://img.etimg.com/thumb/msid-134113074,width-1200,height-630,imgsize-141247,overlay-economictimes/articleshow.jpg",Union Road Transport and Highways Minister Nitin Gadkari has announced a new system called OneTag that will let FASTag users move their tag from one bank to another without removing the sticker from … [+3323 chars],2026-09-12T06:29:37Z,2026-09-12,2026-09-22T18:03:34Z
462,ICICIBANK.NS,"""ICICI Bank"" OR ICICIBANK",Livemint,Shivam Shukla,₹1.09 crore sent from Kuwait to India: ITAT Ahmedabad grants partial relief in income tax notice case,An Indian working in Kuwait faced an income tax notice over  ₹3.63 crore in reported financial holdings. ITAT Ahmedabad deleted a  ₹5.52 lakh addition and ordered fresh verification of around  ₹2.50 crore linked to HDFC Bank.,https://www.livemint.com/money/personal-finance/109-crore-sent-from-kuwait-to-india-itat-ahmedabad-grants-partial-relief-in-income-tax-notice-case-11789198511915.html,https://www.livemint.com/lm-img/img/2026/09/12/1600x900/logo/798b9bdb-cbbb-4c5f-b4de-c64c021ef2ad_1789198796005_a5c60129-5ca1-4f9e-be18-5b144eea0993_1789198818193_def63841-6f92-41c9-b15f-05fd0040e459_dfc83e4a-7d26-45bb-8924-cb4467a2ddc3_736579fb-5b9a-45ca-846f-5e2417dfac01.png,"An Indian working in Kuwaits oilfields faced intense income tax scrutiny over a tax dispute after sending money to his family in the home country. For now, the Income Tax Appellate Tribunal (ITAT), A… [+4803 chars]",2026-09-12T08:27:43Z,2026-09-12,2026-09-22T18:03:34Z
461,ICICIBANK.NS,"""ICICI Bank"" OR ICICIBANK",Business Standard,Subrata Panda,"HDFC Bank's board approves two names for MD&CEO, sends shortlist to RBI","The bank did not disclose the shortlisted candidates; also, the board inducted Jimmy Tata as executive diretor and said it would add one whole time director position as part of its succession planning",https://www.business-standard.com/companies/news/hdfc-bank-md-ceo-shortlist-two-names-rbi-sashidhar-jagdishan-successor-126091200618_1.html,https://bsmedia.business-standard.com/_media/bs/img/article/2026-06/28/thumb/fitandfill/1200X628/1782666822-9257.jpg,"The bank did not disclose the shortlisted candidates; also, the board inducted Jimmy Tata as executive diretor and said it would add one whole time director position as part of its succession plannin… [+4088 chars]",2026-09-12T12:09:48Z,2026-09-12,2026-09-22T18:03:34Z
460,ICICIBANK.NS,"""ICICI Bank"" OR ICICIBANK",Livemint,Ananya Grover,"Hybrid home loans offer rate certainty, but read the fine print","With the repo rate at 5.25%, hybrid home loans offer borrowers a way to lock in EMI certainty, but the premium can make floating rates the better bet.",https://www.livemint.com/money/personal-finance/hybrid-home-loans-floating-rate-emi-fcnr-deposits-rbi-11789110981164.html,https://www.livemint.com/lm-img/img/2026/09/12/1600x900/logo/pexels-photo-7579132_1777211037271_1777211047874_1789194382764_bd8e760b-16da-4bd2-adb9-2fcaafad4ac6_84d620b2-f391-46ae-85c6-79e101af0f3c_ce20d2d4-962a-4ba4-95fd-935acb7f777f.jpeg,"These are fixed deposits that non-resident Indians hold with Indian banks in foreign currencies such as US dollars. In June, under a special RBI scheme, banks were allowed to offer higher interest ra… [+7331 chars]",2026-09-13T01:30:23Z,2026-09-13,2026-09-22T18:03:34Z
459,ICICIBANK.NS,"""ICICI Bank"" OR ICICIBANK",Livemint,Anjali Thakur,"Bank holidays this week: SBI, HDFC, ICICI, PNB closed on up to 4 days from 14–20 Sep; check city-wise RBI list","Banks will remain closed on four days between September 14 and 20, 2026, although the closures vary by location. Here is the RBI holiday calendar-based list for customers planning branch visits this week.",https://www.livemint.com/money/personal-finance/bank-holidays-this-week-sbi-hdfc-icici-pnb-closed-on-up-to-4-days-from-14-20-sep-check-city-wise-rbi-list-11789266166017.html,https://www.livemint.com/lm-img/img/2026/09/13/1600x900/logo/MixCollage-13-Sep-2026-07-59-AM-935_1789266585105_dad7d4ec-82b0-47b0-9c43-4d3a44a1ea4b_1789266596438_d2f2e991-1903-416a-95dc-48500cddd8d4_06cdd72c-f8b7-483b-b2b1-7eaf647df1f2_a0e968bd-5104-4fbd-9c79-432d58d4b863.jpg,"Customers planning to visit bank branches this week should check the holiday schedule before heading out. Banks will remain closed for four days between September 14 and September 20, 2026, although … [+3434 chars]",2026-09-13T02:50:47Z,2026-09-13,2026-09-22T18:03:34Z
458,ICICIBANK.NS,"""ICICI Bank"" OR ICICIBANK",Livemint,Sheetal Goel,"Tatkal NPS goes live on BHIM app: How to open an account in 3 steps, minimum contribution and eligible banks","Tatkal NPS is now available on the BHIM Payments App, offering eligible bank customers a digital route to open an NPS account. The new facility aims to simplify onboarding, KYC, and contributions through a faster process. Here's what users need to know about …",https://www.livemint.com/money/personal-finance/tatkal-nps-goes-live-on-bhim-app-how-to-open-an-account-in-3-steps-minimum-contribution-and-eligible-banks-11789293952384.html,https://www.livemint.com/lm-img/img/2026/09/13/1600x900/logo/nps_pen_1789297235424_ebd875bb-f5d6-4705-9d84-2decaacf7ee8_1789297239282_2e78892f-cfb0-4dba-840c-2bda7935a9a5_95f1ef19-de26-433f-ae15-60bb53c43962_748524bb-1b5f-48cf-919e-75ba063b72e8.png,"The Pension Fund Regulatory and Development Authority (PFRDA) has announced the launch of Tatkal NPS on the BHIM Payments App, allowing eligible bank customers to open a National Pension System (NPS)… [+2788 chars]",2026-09-13T11:08:50Z,2026-09-13,2026-09-22T18:03:34Z
457,ICICIBANK.NS,"""ICICI Bank"" OR ICICIBANK",Livemint,Jocelyn Fernandes,"Bank holiday today: Are SBI, HDFC, ICICI branches closed on Monday, 14 September, for Ganesh Chaturthi?","Bank holiday today: Public and private banks in Mumbai, Bengaluru, Chennai, and Hyderabad among other cities, are closed on 14 September for Ganesh Chaturthi. Net and app services are available for customers.",https://www.livemint.com/money/bank-holiday-today-sbi-hdfc-icici-branches-close-monday-14-september-ganesh-chaturthi-puja-city-mumbai-bengaluru-chennai-11789310620220.html,https://www.livemint.com/lm-img/img/2026/09/13/1600x900/logo/Gemini_Generated_Image_Banks_1787917766102_1787917_1789313755607_12a98980-16e8-41b8-b226-f05264b56fde_1789313755815_006d6e4f-4034-4a81-b27e-3162dc8f076e_477fbc04-7216-48dd-a17e-9d0f2cd76a1a_42b8b0cd-31a7-4cce-b498-95be1402e656.png,"Bank holiday today: Public and private banks in multiple cities will remain closed today, on Monday, 14 September, on account of Ganesh Chaturthi, according to the Reserve Bank of India's holiday cal… [+4018 chars]",2026-09-14T00:30:57Z,2026-09-14,2026-09-22T18:03:34Z
456,ICICIBANK.NS,"""ICICI Bank"" OR ICICIBANK",The Times of India,Debaroti Adhikary,Ahead of Market: 10 things that will decide stock market action on Tuesday,"Indian equities recovered sharply from Friday’s lows as easing oil prices and bond yields lifted sentiment. Sensex and Nifty closed lower, while weak breadth, foreign outflows and geopolitical risks kept bears in control despite selective buying and resilient…",https://economictimes.indiatimes.com/markets/stocks/news/ahead-of-market-10-things-that-will-decide-stock-market-action-on-tuesday/articleshow/134243986.cms,"https://img.etimg.com/thumb/msid-134244078,width-1200,height-630,imgsize-111150,overlay-etmarkets/articleshow.jpg","After Sensex and Nifty crashed 1% on Friday morning, the Indian benchmark indices sharply recovered most of their losses to closer with slight cuts in the afternoon as oil prices and bond yields cool… [+6159 chars]",2026-09-14T15:45:43Z,2026-09-14,2026-09-22T18:03:34Z
455,ICICIBANK.NS,"""ICICI Bank"" OR ICICIBANK",Livemint,Kanishka Singharia,"In HDFC Bank CEO race, ICICI Life Insurance veteran is frontrunner: Who is Anup Bagchi?","HDFC Bank said its board has forwarded two names recommended by the bank’s governance, nomination and remuneration committee.",https://www.livemint.com/companies/people/in-hdfc-bank-ceo-race-icici-life-insurance-veteran-is-frontrunner-who-is-anup-bagchi-11789408010778.html,https://www.livemint.com/lm-img/img/2026/09/14/1600x900/logo/Untitled_design_-_2026-09-14T232927.551_1789408763451_zpFg_1789408770151_wuln_9751f88e-1cde-42cf-8044-c60446521b7b_FXvE.png,"The race for the next Managing Director and Chief Executive Officer of HDFC Bank, a private lender with a market capitalisation of $115 billion, has narrowed, with ICICI Prudential Life CEO Anup Bagc… [+2584 chars]",2026-09-14T18:21:29Z,2026-09-14,2026-09-22T18:03:34Z
454,ICICIBANK.NS,"""ICICI Bank"" OR ICICIBANK",The Times of India,Veer Sharma,"HDFC Bank share price target: What are Jefferies, 3 other foreign brokerages saying as CEO hunt intensifies?","HDFC Bank shares on Tuesday as the lender submitted two CEO candidates to the RBI, intensifying focus on its leadership transition. Jefferies, Nomura, Bernstein and Macquarie remain positive on the stock, with price targets ranging from Rs 880 to Rs 1,150. An…",https://economictimes.indiatimes.com/markets/stocks/news/hdfc-bank-share-price-target-what-are-jefferies-3-other-foreign-brokerages-saying-as-ceo-hunt-intensifies/articleshow/134253758.cms,"https://img.etimg.com/thumb/msid-134253799,width-1200,height-630,imgsize-2110426,overlay-etmarkets/articleshow.jpg","HDFC Bank, Indias largest private lender, has submitted the names of two candidates to the RBI for the CEO role, formally beginning the succession process for Sashidhar Jagdishan, who is due to retir… [+6641 chars]",2026-09-15T06:08:53Z,2026-09-15,2026-09-22T18:03:34Z
453,ICICIBANK.NS,"""ICICI Bank"" OR ICICIBANK",The Times of India,Veer Sharma,How to trade HDFC Bank shares? Here’s what technical analysts are saying as lender hunts for new CEO,"HDFC Bank shares rose after the lender submitted two CEO candidates to the RBI, formally starting the succession process for Sashidhar Jagdishan. The stock has faced sustained pressure this year, with analysts highlighting key resistance levels and management…",https://economictimes.indiatimes.com/markets/stocks/news/how-to-trade-hdfc-bank-shares-heres-what-technical-analysts-are-saying-as-lender-hunts-for-new-ceo/articleshow/134253984.cms,"https://img.etimg.com/thumb/msid-134254037,width-1200,height-630,imgsize-2185140,overlay-etmarkets/articleshow.jpg","HDFC Bank shareholders got a much-needed breather on Tuesday as the stock price rose over 3% to Rs 727 after the bank submitted two candidates' names to the RBI for the role of CEO, formally beginnin… [+4093 chars]",2026-09-15T06:22:01Z,2026-09-15,2026-09-22T18:03:34Z
452,ICICIBANK.NS,"""ICICI Bank"" OR ICICIBANK",Livemint,Shivam Shukla,"Personal loan interest rates September 2026: Axis Bank, HDFC, ICICI and 5 others start at 8.90%","Compare personal loan interest rates in September 2026 from prominent private banks, including Axis, HDFC and ICICI. Check five-year EMI calculations, processing fees and key factors borrowers should consider before applying.",https://www.livemint.com/money/personal-finance/personal-loan-interest-rates-september-2026-axis-bank-hdfc-icici-and-5-others-start-at-890-11789450255753.html,https://www.livemint.com/lm-img/img/2026/09/15/1600x900/logo/e7cb34c5-ab9f-4c7e-8763-e1b5bcf3270c_1789451161269_7ELj_1789451174493_NrQV_7e086aac-5884-470b-9585-bf4845571ec8_OHn9.png,"Planning to take a personal loan? Interest rates offered by leading private-sector banks start at 8.90% per annum as of September, according to data compiled by Paisabazaar.
For a 5 lakh personal lo… [+3264 chars]",2026-09-15T06:23:04Z,2026-09-15,2026-09-22T18:03:34Z
451,ICICIBANK.NS,"""ICICI Bank"" OR ICICIBANK",Business Standard,Capital Market,ICICI Bank Ltd eases for fifth straight session,"ICICI Bank Ltd is quoting at Rs 1355.3, down 1.74% on the day as on 13:19 IST on the NSE. The stock tumbled 4.66% in last one year as compared to a 7.71% slide in NIFTY and a 1.91% spurt in the Nifty Bank index.",https://www.business-standard.com/markets/capital-market-news/icici-bank-ltd-eases-for-fifth-straight-session-126091500585_1.html,https://www.business-standard.com/assets/web-assets/images/Business_Standard_1_685x385.jpg,"ICICI Bank Ltd is quoting at Rs 1355.3, down 1.74% on the day as on 13:19 IST on the NSE. The stock tumbled 4.66% in last one year as compared to a 7.71% slide in NIFTY and a 1.91% spurt in the Nifty… [+1049 chars]",2026-09-15T09:20:22Z,2026-09-15,2026-09-22T18:03:34Z
450,ICICIBANK.NS,"""ICICI Bank"" OR ICICIBANK",Business Standard,Capital Market,Shares tumble as rising oil prices and bond yields intensify pressure,"The key equity benchmarks ended sharply lower on Tuesday, reversing early gains. Rising crude oil prices and higher US Treasury yields weighed on sentiment. The sell-off intensified as investors awaited the US Federal Reserve's policy decision on Wednesday. T…",https://www.business-standard.com/markets/capital-market-news/shares-tumble-as-rising-oil-prices-and-bond-yields-intensify-pressure-126091500871_1.html,https://www.business-standard.com/assets/web-assets/images/Business_Standard_1_685x385.jpg,"The key equity benchmarks ended sharply lower on Tuesday, reversing early gains. Rising crude oil prices and higher US Treasury yields weighed on sentiment. The sell-off intensified as investors awai… [+9111 chars]",2026-09-15T11:46:10Z,2026-09-15,2026-09-22T18:03:34Z
449,ICICIBANK.NS,"""ICICI Bank"" OR ICICIBANK",The Times of India,Debaroti Adhikary,Ahead of Market: 10 things that will decide stock market action on Wednesday,"Indian markets reversed morning gains to plunge over 1% on Tuesday as surging oil prices, rising bond yields, global uncertainty and foreign outflows pressured sentiment. Nifty breached 23,231 support, while 2,824 NSE stocks declined, signalling strong bearis…",https://economictimes.indiatimes.com/markets/stocks/news/ahead-of-market-10-things-that-will-decide-stock-market-action-on-wednesday/articleshow/134268234.cms,"https://img.etimg.com/thumb/msid-134268282,width-1200,height-630,imgsize-105340,overlay-etmarkets/articleshow.jpg","The Indian stock market sharply reversed all morning losses to close in the deep red on Tuesday, with benchmark indices Sensex and Nifty tumbling more than 1% each, as surging bond yields, climbing o… [+6236 chars]",2026-09-15T15:55:12Z,2026-09-15,2026-09-22T18:03:34Z
448,ICICIBANK.NS,"""ICICI Bank"" OR ICICIBANK",Business Standard,Bhavini Mishra,"Delhi HC asks RBI to mediate PayU, banks, Visa row over merchant codes",The court asked the RBI to nominate a senior officer to facilitate talks and resolve the dispute over merchant classification and interchange fee claims within 30 days.,https://www.business-standard.com/india-news/delhi-hc-asks-rbi-to-mediate-payu-banks-visa-row-over-merchant-codes-126091501282_1.html,https://bsmedia.business-standard.com/_media/bs/img/article/2016-11/22/thumb/fitandfill/1200X628/1479807493-2722.jpg,"The court asked the RBI to nominate a senior officer to facilitate talks and resolve the dispute over merchant classification and interchange fee claims within 30 days.
Delhi High Court (Photo - PTI… [+2978 chars]",2026-09-15T16:04:20Z,2026-09-15,2026-09-22T18:03:34Z
447,ICICIBANK.NS,"""ICICI Bank"" OR ICICIBANK",The Times of India,Shilpy Sinha,"Reliance Industries to raise Rs 12,500 crore via five-year bonds","In a significant financial maneuver, Reliance Industries aims to secure ₹12,500 crore via a five-year bond issuance, orchestrated by Indian banks. As liquidity from foreign currency deposits rises, banks are keen to channel these resources into corporate lend…",https://economictimes.indiatimes.com/markets/bonds/reliance-industries-to-raise-rs-12500-crore-via-five-year-bonds/articleshow/134276232.cms,"https://img.etimg.com/thumb/msid-134276264,width-1200,height-630,imgsize-48864,overlay-etmarkets/articleshow.jpg","Mumbai: Reliance Industries, India's biggest company by market value, is raising 12,500 crore in a five-year bond issue, with Axis Bank, HDFC Bank, ICICI Bank and Yes Bank among the lenders arranging… [+3413 chars]",2026-09-16T02:08:10Z,2026-09-16,2026-09-22T18:03:34Z
446,ICICIBANK.NS,"""ICICI Bank"" OR ICICIBANK",Business Standard,Bloomberg,"HSBC, ICICI emerge as top GIFT City lenders with FX loans for diaspora","The two lenders in GIFT City, disbursed a combined $19.3 billion through RBI's concessional swap facility for foreign-currency non-resident deposits which ran from June till the end of August",https://www.business-standard.com/markets/news/hsbc-icici-emerge-as-top-gift-city-lenders-with-fx-loans-for-diaspora-126091600194_1.html,https://bsmedia.business-standard.com/_media/bs/img/article/2026-09/16/thumb/featurecrop/1200X628/1789531045-6879.jpg,"The two lenders in GIFT City, disbursed a combined $19.3 billion through RBI's concessional swap facility for foreign-currency non-resident deposits which ran from June till the end of August
The RB… [+3987 chars]",2026-09-16T04:19:43Z,2026-09-16,2026-09-22T18:03:34Z
445,ICICIBANK.NS,"""ICICI Bank"" OR ICICIBANK",Economictimes.com,Agencies,Stocks to buy: BofA lists 22 Indian stocks as key picks as it turns bullish on Nifty after 2 years,"Bank of America (BofA) Securities has turned constructive on Nifty after two years of remaining cautious on the Indian stock market, and now sees 12% upside potential in the benchmark index to rally to 26,200 by the end of the year. In its latest note, BofA S…",https://m.economictimes.com/markets/stocks/news/stocks-to-buy-bofa-lists-22-indian-stocks-as-key-picks-as-it-turns-bullish-on-nifty-after-2-years/add-to-cart/slideshow/134278146.cms,"https://img.etimg.com/thumb/msid-134278146,width-1200,height-900,overlay-etmarkets/slideshow.jpg","Sep 16, 2026, 10:03:25 AM IST
Bank of America (BofA) Securities has turned constructive on Nifty after two years of remaining cautious on the Indian stock market, and now sees 12% upside potential i… [+5113 chars]",2026-09-16T04:24:13Z,2026-09-16,2026-09-22T18:03:34Z
444,ICICIBANK.NS,"""ICICI Bank"" OR ICICIBANK",India Today,India Today Business Desk,"UPI MDR vs credit card, net banking: Do you pay extra for using them?","The new UPI MDR will apply to merchant payments above Rs 2,000 from October 15. For customers, the real cost difference still depends more on platform fees, convenience charges and card borrowing costs.",https://www.indiatoday.in/business/story/upi-vs-credit-card-vs-net-banking-which-payment-method-costs-more-mdr-merchant-cost-october-15-2995639-2026-09-16,https://akm-img-a-in.tosshub.com/indiatoday/images/story/202609/is-upi-cheaper-than-credit-cards-163719952-16x9_0.png?VersionId=Naf7k4k6g1oWSrpXJQBN1VqAlA1CqV5x,"From October 15, paying a merchant through UPI for more than Rs 2,000 will carry a new Merchant Discount Rate (MDR) of 0.4%, subject to a cap of Rs 300 for transactions of Rs 75,000 and above.
But t… [+9070 chars]",2026-09-16T08:31:42Z,2026-09-16,2026-09-22T18:03:34Z
443,ICICIBANK.NS,"""ICICI Bank"" OR ICICIBANK",The Times of India,Surbhi Khanna,"Bitcoin trades near $75,000 as CLARITY Act setback weighs, Fed decision in focus","Bitcoin fell below $75,000 to a September low after the US Senate rejected the CLARITY Act cloture vote 50-49. Ethereum and major altcoins also declined, while rising Treasury yields, regulatory uncertainty and weaker sentiment added pressure to cryptocurrenc…",https://economictimes.indiatimes.com/markets/cryptocurrency/crypto-news/bitcoin-trades-near-75000-as-clarity-act-setback-weighs-fed-decision-in-focus/articleshow/134285423.cms,"https://img.etimg.com/thumb/msid-134285460,width-1200,height-630,imgsize-146270,overlay-etmarkets/articleshow.jpg","Bitcoin trades near $75,000, hitting a September low after the CLARITY Act failed to clear the Senate cloture vote 50-49, effectively ending its chances of becoming law this year. The cryptocurrency … [+3597 chars]",2026-09-16T10:41:43Z,2026-09-16,2026-09-22T18:03:34Z
442,ICICIBANK.NS,"""ICICI Bank"" OR ICICIBANK",Business Standard,Capital Market,"Benchmarks recover after recent sell-off; Nifty ends above 23,200","The key equity benchmarks ended higher on Wednesday, snapping a two-session losing streak. Gains followed a pause in crude oil prices and a marginal easing in global bond yields.",https://www.business-standard.com/markets/capital-market-news/benchmarks-recover-after-recent-sell-off-nifty-ends-above-23-200-126091600881_1.html,https://www.business-standard.com/assets/web-assets/images/Business_Standard_1_685x385.jpg,"The key equity benchmarks ended higher on Wednesday, snapping a two-session losing streak. Gains followed a pause in crude oil prices and a marginal easing in global bond yields.
The Nifty 50 opened… [+9049 chars]",2026-09-16T11:46:17Z,2026-09-16,2026-09-22T18:03:34Z
441,ICICIBANK.NS,"""ICICI Bank"" OR ICICIBANK",The Times of India,Debaroti Adhikary,Ahead of Market: 10 things that will decide stock market action on Thursday,"Indian equities rebounded on September 16 after Tuesday’s sharp sell-off, with Sensex gaining 333 points and Nifty rising 99 points. Large caps led gains, while broader markets declined. Groww, Paytm and Pine Labs featured among the most active stocks.",https://economictimes.indiatimes.com/markets/stocks/news/ahead-of-market-10-things-that-will-decide-stock-market-action-on-thursday/articleshow/134291836.cms,"https://img.etimg.com/thumb/msid-134291891,width-1200,height-630,imgsize-110642,overlay-etmarkets/articleshow.jpg","The Indian stock market snapped a two-session losing streak on Wednesday, with Sensex and Nifty closing in the green and recovering some of the losses recorded during yesterdays sharp crash that wipe… [+3958 chars]",2026-09-16T15:57:53Z,2026-09-16,2026-09-22T18:03:34Z
440,ICICIBANK.NS,"""ICICI Bank"" OR ICICIBANK",24/7 Wall St.,Ryne Mauck,"Want to Leave Each Grandkid $100,000 Without Hiring a Lawyer? These 3 ETFs and a Custodial Account Do It","Three ETFs and a custodial account you can open this afternoon might be all it takes to hand each grandchild a serious financial head start, but the trade-of...",https://247wallst.com/investing/etf/2026/09/16/want-to-leave-each-grandkid-100000-without-hiring-a-lawyer-these-3-etfs-and-a-custodial-account-do-it/,https://s.yimg.com/lo/mysterio/api/e1687ecc80671dc9c5bc8d8b5ee319505ca1e5da1d08d8436534c394d6c0449f/lightyear_networkapi/resizefill_w1200%3Bquality_80%3Bformat_webp/https%3A%2F%2Fmedia.zenfs.com%2Fen%2F24_7_wall_st__718%2F4ec95745b162a151381486cee5a02212,"Quick Read
<ul><li>A UTMA custodial account requires no attorney, costs nothing to open, and lets married couples contribute $38,000 annually per grandchild without triggering gift-tax reporting.
<… [+5592 chars]",2026-09-16T21:15:36Z,2026-09-17,2026-09-22T18:03:34Z
439,ICICIBANK.NS,"""ICICI Bank"" OR ICICIBANK",The Times of India,Bloomberg,India supplies Wall Street with CEOs but has a shortage at home,"India’s biggest private banks are finding it increasingly difficult to identify executives with the breadth of experience needed to lead large, complex institutions. HDFC Bank and Kotak Mahindra Bank’s CEO searches have highlighted a surprisingly narrow talen…",https://economictimes.indiatimes.com/industry/banking/finance/banking/india-supplies-wall-street-with-ceos-but-has-a-shortage-at-home/articleshow/134298107.cms,"https://img.etimg.com/thumb/msid-134299200,width-1200,height-630,imgsize-67862,overlay-economictimes/articleshow.jpg","Indian-born bankers have led global financial giants from Deutsche Bank AG and Citigroup Inc. to Barclays Plc. Yet at home, the countrys lenders can face a string of challenges finding executives for… [+6961 chars]",2026-09-17T02:02:37Z,2026-09-17,2026-09-22T18:03:34Z
438,ICICIBANK.NS,"""ICICI Bank"" OR ICICIBANK",Livemint,list.metadata.agency,India supplies Wall Street with CEOs but has a shortage at home,"Indians have led Deutsche Bank and Citigroup to Barclays yet at home, the likes of HDFC Bank to Kotak Mahindra Bank can face a string of challenges finding CEOs.",https://www.livemint.com/industry/banking/india-supplies-wall-street-with-ceos-but-has-a-shortage-at-home-11789615427298.html,https://www.livemint.com/lm-img/img/2026/09/17/1600x900/logo/Sashidhar-Jagdishan_1789616273649_uvnG_1789616273859_Jk5j_f3a0594a-28c5-4765-b569-1748d12a13a2_IBQh.JPG,"Indian-born bankers have led global financial giants from Deutsche Bank AG and Citigroup Inc. to Barclays Plc. Yet at home, the countrys lenders can face a string of challenges finding executives for… [+6852 chars]",2026-09-17T03:40:53Z,2026-09-17,2026-09-22T18:03:34Z
437,ICICIBANK.NS,"""ICICI Bank"" OR ICICIBANK",The Times of India,Debaroti Adhikary,Reliance Industries shares in focus as govt slashes windfall tax on fuel exports; stock down 21% in 2026 so far,"Reliance Industries will remain in focus after the government cut windfall taxes on petrol, diesel and ATF exports. The company, a major exporter of ATF and diesel, is also raising Rs 12,500 crore through a five-year bond issue amid continued volatility in oi…",https://economictimes.indiatimes.com/markets/stocks/news/reliance-industries-shares-in-focus-as-govt-slashes-windfall-tax-on-fuel-exports-stock-down-21-in-2026-so-far/articleshow/134301211.cms,"https://img.etimg.com/thumb/msid-134301262,width-1200,height-630,imgsize-2025278,overlay-etmarkets/articleshow.jpg","Shares of Mukesh Ambani-led Reliance Industries (RIL) will remain in focus on Thursday after the government slashed windfall tax on petroleum exports, reducing levies on petrol, diesel and aviation t… [+3677 chars]",2026-09-17T04:02:15Z,2026-09-17,2026-09-22T18:03:34Z
436,ICICIBANK.NS,"""ICICI Bank"" OR ICICIBANK",The Times of India,Nikhil Agarwal,HDFC Bank is winning the mutual fund vote over ICICI Bank. Can the shift last?,"HDFC Bank’s stock has fallen 27% in 2026, while ICICI Bank has gained 1.6%. Yet mutual funds have increasingly favoured HDFC Bank, adding to the laggard while trimming ICICI Bank. By August-end, ICICI Bank remained the larger mutual-fund holding, but the rece…",https://economictimes.indiatimes.com/markets/stocks/news/hdfc-bank-is-winning-the-mutual-fund-vote-over-icici-bank-can-the-shift-last/articleshow/134301441.cms,"https://img.etimg.com/thumb/msid-134301487,width-1200,height-630,imgsize-2092361,overlay-etmarkets/articleshow.jpg","HDFC Banks stock has fallen 27% in 2026, making it one of the worst performers on the Nifty, while ICICI Bank has gained 1.6%. Yet mutual funds appear to be moving in the opposite direction, adding t… [+6004 chars]",2026-09-17T04:14:37Z,2026-09-17,2026-09-22T18:03:34Z
435,ICICIBANK.NS,"""ICICI Bank"" OR ICICIBANK",The Times of India,Veer Sharma,"Paytm karo, back in vogue again: Can the stock reclaim IPO price after 5 years and 480% rally?","Paytm shares have rebounded over 480% from their lifetime low but remain 20% below the Rs 2,150 IPO price. The introduction of MDR on select high-value UPI transactions could create a new revenue stream for the fintech, while merchant lending, operating lever…",https://economictimes.indiatimes.com/markets/stocks/news/paytm-karo-back-in-vogue-again-can-the-stock-reclaim-ipo-price-after-5-years-and-480-rally/articleshow/134304777.cms,"https://img.etimg.com/thumb/msid-134304782,width-1200,height-630,imgsize-1991114,overlay-etmarkets/articleshow.jpg",Paytm investors have been waiting for one question to be answered: when will the stock finally reclaim its IPO price? Shares of Paytm-parent One 97 Communications are currently 20% below the issue pr… [+8771 chars],2026-09-17T07:19:19Z,2026-09-17,2026-09-22T18:03:34Z
434,ICICIBANK.NS,"""ICICI Bank"" OR ICICIBANK",Business Standard,Amit Kumar,Fixed deposit rates in mid-Sep up to 8.25%: Top picks across banks,"The highest rate may come with a longer lock-in, making tenure and liquidity important before you invest",https://www.business-standard.com/finance/personal-finance/fixed-deposit-rates-in-mid-sep-up-to-8-25-top-picks-across-banks-126091700674_1.html,https://bsmedia.business-standard.com/_media/bs/img/article/2024-08/30/thumb/fitandfill/1200X628/1725009842-4574.jpg,"The highest rate may come with a longer lock-in, making tenure and liquidity important before you invest
Fixed Deposit, FD(Photo: Shutterstock)
Amit KumarNew Delhi7 min read Last Updated : Sep 17 2… [+9065 chars]",2026-09-17T09:34:43Z,2026-09-17,2026-09-22T18:03:34Z
433,ICICIBANK.NS,"""ICICI Bank"" OR ICICIBANK",Business Standard,Amit Kumar,Senior citizen FD rates in mid-September up to 8.5%: Top rates compared,"Small finance banks offer the highest rates, while select lenders provide extra interest for super senior citizens aged 80 or more",https://www.business-standard.com/finance/personal-finance/senior-citizen-fd-rates-in-mid-september-up-to-8-5-top-rates-compared-126091700706_1.html,https://bsmedia.business-standard.com/_media/bs/img/article/2024-05/06/thumb/fitandfill/1200X628/1715000569-9083.jpg,"Small finance banks offer the highest rates, while select lenders provide extra interest for super senior citizens aged 80 or more
Amit KumarNew Delhi7 min read Last Updated : Sep 17 2026 | 3:23 PM … [+9528 chars]",2026-09-17T09:53:58Z,2026-09-17,2026-09-22T18:03:34Z
432,ICICIBANK.NS,"""ICICI Bank"" OR ICICIBANK",The Times of India,Trending Desk,"Apple iPhone 17 Pro at Rs 69,990: Here's how you can get the Rs 1,34,990 phone under Rs 70,000","iPhone 17 Pro at Rs 69,990: The Apple iPhone 17 Pro 256GB can be bought at an effective Rs 69,990 at Croma, but the price is available only after combining exchange value, an exchange bonus and eligible bank cashback. Here's how the offer works and who can ac…",https://economictimes.indiatimes.com/news/new-updates/apple-iphone-17-pro-at-rs-69990-heres-how-you-can-get-the-rs-134990-phone-under-rs-70000/articleshow/134307735.cms,"https://img.etimg.com/thumb/msid-134308419,width-1200,height-630,imgsize-111565,overlay-economictimes/articleshow.jpg","Apple's iPhone 17 Pro, which launched in India at Rs 1,34,900, is now available at an effective price of Rs 69,990. But there is an important catch. This is not a flat price cut, and buyers cannot si… [+5195 chars]",2026-09-17T10:12:42Z,2026-09-17,2026-09-22T18:03:34Z
431,ICICIBANK.NS,"""ICICI Bank"" OR ICICIBANK",The Tribune India,Pti,Stock markets close flat after US Fed rate hike; NSE IPO in focus - The Tribune,Benchmark indices Sensex and Nifty closed nearly flat on Thursday as caution prevailed after the US Federal Reserve increased its interest rates and indicated further tightening in monetary policy.,https://www.tribuneindia.com/news/business/stock-markets-close-flat-after-us-fed-rate-hike-nse-ipo-in-focus/,https://www.tribuneindia.com/sortd-service/imaginary/v22-01/jpg/large/high?url=dGhldHJpYnVuZS1zb3J0ZC1wcm8tcHJvZC1zb3J0ZC9tZWRpYTIwZTUyYzcwLWIyOTQtMTFmMS1iN2M0LWQ5MzYzYTY1OTBjNy5qcGc=,"Benchmark indices Sensex and Nifty closed nearly flat on Thursday as caution prevailed after the US Federal Reserve increased its interest rates and indicated further tightening in monetary policy.
… [+3358 chars]",2026-09-17T14:10:28Z,2026-09-17,2026-09-22T18:03:34Z
430,ICICIBANK.NS,"""ICICI Bank"" OR ICICIBANK",The Times of India,Debaroti Adhikary,Ahead of Market: 10 things that will decide stock market action on Friday,"Indian equities ended mixed on Thursday as Sensex slipped 22 points after sharp volatility during the closing auction session, while Nifty gained 53 points. Mid- and small-caps outperformed, with capital goods, industrial, defence, power and healthcare stocks…",https://economictimes.indiatimes.com/markets/stocks/news/ahead-of-market-10-things-that-will-decide-stock-market-action-on-friday/articleshow/134316208.cms,"https://img.etimg.com/thumb/msid-134316221,width-1200,height-630,imgsize-105340,overlay-etmarkets/articleshow.jpg","The Indian stock market saw divergence in its benchmark indices on Thursday, as the Sensex closed in the red on its weekly expiry day following sharp volatility during the closing auction session, wh… [+4996 chars]",2026-09-17T15:39:44Z,2026-09-17,2026-09-22T18:03:34Z
429,ICICIBANK.NS,"""ICICI Bank"" OR ICICIBANK",CNA,,"Apple Pay eyes India rollout with Axis Bank, sources say","MUMBAI, Sept 18 : Apple is poised to launch Apple Pay in India next month with Axis Bank's credit cards, three sources familiar with the matter said, as it works to expand support among the country's lenders.The launch, starting with a single major banking pa…",https://www.channelnewsasia.com/business/apple-pay-eyes-india-rollout-axis-bank-sources-say-6393986,"https://dam.mediacorp.sg/image/upload/s--OjHm12vB--/c_fill,g_auto,h_676,w_1200/fl_relative,g_south_east,l_mediacorp:cna:watermark:2024-04:reuters_1,w_0.1/f_auto,q_auto/v1/one-cms/core/2026-09-18T045941Z_2_LYNXMPEM8H0AV_RTROPTP_3_FINTECH-APPLE.JPG?itok=hG3OCCv1","MUMBAI, Sept 18 : Apple is poised to launch Apple Pay in India next month with Axis Bank's credit cards, three sources familiar with the matter said, as it works to expand support among the country's… [+1737 chars]",2026-09-18T04:58:37Z,2026-09-18,2026-09-22T18:03:34Z
428,ICICIBANK.NS,"""ICICI Bank"" OR ICICIBANK",The Times of India,Reuters,Apple Pay set for India launch next month with Axis Bank credit cards: Report,"Apple is set to launch Apple Pay in India next month, debuting with Axis Bank's credit card integration. Talks with prominent banks like HDFC and ICICI are underway to expand the service. This innovative payment solution enables iPhone users to effortlessly m…",https://economictimes.indiatimes.com/industry/banking/finance/apple-pay-set-for-india-launch-next-month-with-axis-bank-credit-cards-sources/articleshow/134326330.cms,"https://img.etimg.com/thumb/msid-134326371,width-1200,height-630,imgsize-62150,overlay-economictimes/articleshow.jpg","MUMBAI: Apple is poised to launch Apple Pay in India next month with Axis Bank's credit cards, three sources familiar with the matter said, as it works to expand support among the country's lenders.T… [+1919 chars]",2026-09-18T05:01:39Z,2026-09-18,2026-09-22T18:03:34Z
427,ICICIBANK.NS,"""ICICI Bank"" OR ICICIBANK",Business Standard,Amit Kumar,Car loan rates start at 7.35% in mid-Sept: Top offers and EMIs compared,"Loan costs vary widely across lenders, with differences in interest rates, EMIs and processing fees affecting the total cost of buying a car",https://www.business-standard.com/finance/personal-finance/car-loan-rates-start-at-7-35-in-mid-sept-top-offers-and-emis-compared-126091800320_1.html,https://bsmedia.business-standard.com/_media/bs/img/article/2023-08/17/thumb/fitandfill/1200X628/1692269841-7892.jpg,"Loan costs vary widely across lenders, with differences in interest rates, EMIs and processing fees affecting the total cost of buying a car
Amit KumarNew Delhi4 min read Last Updated : Sep 18 2026 … [+4963 chars]",2026-09-18T05:44:37Z,2026-09-18,2026-09-22T18:03:34Z
426,ICICIBANK.NS,"""ICICI Bank"" OR ICICIBANK",Business Standard,Sweta Kumari,"iPhone 18 Pro series now on sale in India, but delivery slips to October","Apple's iPhone 18 Pro series is now on sale in India, but online orders for both Pro and Pro Max models show delivery dates extending into October",https://www.business-standard.com/technology/tech-news/iphone-18-pro-series-now-on-sale-in-india-but-delivery-slips-to-october-126091800343_1.html,https://bsmedia.business-standard.com/_media/bs/img/article/2026-09/18/thumb/featurecrop/1200X628/1789710858-9863.png,"Apple's iPhone 18 Pro series is now on sale in India, but online orders for both Pro and Pro Max models show delivery dates extending into October
Apples latest product lineup featuring the iPhone 1… [+9612 chars]",2026-09-18T05:55:08Z,2026-09-18,2026-09-22T18:03:34Z
425,ICICIBANK.NS,"""ICICI Bank"" OR ICICIBANK",NewsX,Khalid Qasid,"Stock Market Today: Sensex Gains 200 Points, Nifty Crosses 23,300 As Crude Prices Ease","Stock Market Today: Sensex and Nifty opened higher as crude oil prices eased, with Realty gaining and IT stocks dragging amid global market cues.",https://www.newsx.com/business/stock-market-today-sensex-gains-200-points-nifty-crosses-23300-as-crude-prices-ease-273200/,https://www.newsx.com/wp-content/uploads/2026/09/stock-market-today-16.jpg,"116Stock market today: Indian equity markets opened higher on Friday, with the Sensex gaining over 200 points and the Nifty crossing 23,300, as softer crude oil prices and gains across Asian markets … [+3268 chars]",2026-09-18T06:03:15Z,2026-09-18,2026-09-22T18:03:34Z
424,ICICIBANK.NS,"""ICICI Bank"" OR ICICIBANK",BusinessLine,Reuters,"Apple Pay eyes India rollout with Axis Bank in October, sources say","Apple Pay is set to launch in India with Axis Bank next month, expanding its payment services in the region.",https://www.thehindubusinessline.com/info-tech/apple-pay-eyes-india-rollout-with-axis-bank-in-october-sources-say/article71479538.ece,https://bl-i.thgim.com/public/incoming/8ql40r/article71479550.ece/alternates/LANDSCAPE_1200/2026-09-03T091939Z_1783220518_RC2LEGASRBHD_RTRMADP_3_BRITAIN-COURT-APPLE.JPG,"Apple is poised to launch Apple Pay in India next month with Axis Bank's credit cards, three sources familiar with the matter said, as it works to expand support among the country's lenders.
The lau… [+1830 chars]",2026-09-18T06:10:06Z,2026-09-18,2026-09-22T18:03:34Z
423,ICICIBANK.NS,"""ICICI Bank"" OR ICICIBANK",The Times of India,Trending Desk,Apple iPhone 18 Pro and 18 Pro Max sale starts: Here’s what you’ll pay every month with 3 and 6 month no-cost EMI; check cashback and trade-in benefits,"Apple has launched the iPhone 18 Pro and Pro Max in India, featuring storage choices ranging from 256GB to an expansive 2TB. Customers can benefit from no-cost EMI options using select credit cards, as well as an attractive cashback of Rs 15,000 on qualifying…",https://economictimes.indiatimes.com/news/new-updates/apple-iphone-18-pro-and-18-pro-max-sale-starts-heres-what-youll-pay-every-month-with-3-and-6-month-no-cost-emi-check-cashback-and-trade-in-benefits/articleshow/134327646.cms,"https://img.etimg.com/thumb/msid-134327717,width-1200,height-630,imgsize-45804,overlay-economictimes/articleshow.jpg","Apples iPhone 18 Pro and iPhone 18 Pro Max are now available for purchase in India, with both premium models offered in four storage configurations. The iPhone 18 Pro starts at Rs 1,64,900 for the 25… [+4251 chars]",2026-09-18T06:16:52Z,2026-09-18,2026-09-22T18:03:34Z
422,ICICIBANK.NS,"""ICICI Bank"" OR ICICIBANK",Livemint,"Priyamvada C, Nabodita Ganguly","After Fundamentum, AdvaRisk draws interest from Anicut for $20 mn round; early backers eye exit","The round, which is expected to close in the next 15-20 days, will include both primary and secondary share sales and will see existing investors, including Sprout Venture Partners, and SEA fund exiting",https://www.livemint.com/companies/news/icici-bank-backed-advarisk-fundamentum-fraud-detection-company-india-startup-funding-11789698821905.html,https://www.livemint.com/lm-img/img/2026/09/18/1600x900/logo/pexels-photo-7459470_1789711484710_w5Ob_1789711535888_m2wE_0712a7f0-c11a-43fb-b980-70460ae0f1f9_XeFV.jpeg,"NABVENTURES, the venture capital arm of NABARD, is an existing investor and may also participate in the round, a second person said.
Existing investors, including Sprout Venture Partners, SEA fund a… [+2348 chars]",2026-09-18T06:19:36Z,2026-09-18,2026-09-22T18:03:34Z
421,ICICIBANK.NS,"""ICICI Bank"" OR ICICIBANK",Business Standard,Reuters,"Apple Pay eyes India rollout, starting with Axis Bank credit cards","The launch, starting ‌with a single major banking partner, would help the US company offer its payment service in the world's most populous country",https://www.business-standard.com/companies/news/apple-pay-eyes-india-rollout-starting-with-axis-bank-credit-cards-126091800279_1.html,https://bsmedia.business-standard.com/_media/bs/img/article/2026-09/01/thumb/fitandfill/1200X628/1788233468-3945.jpg,"Apple is poised to launch Apple Pay in India next month with Axis Bank's credit cards, three sources familiar with the matter said, as it works to expand support among the country's lenders.
The lau… [+1870 chars]",2026-09-18T07:09:39Z,2026-09-18,2026-09-22T18:03:34Z
420,ICICIBANK.NS,"""ICICI Bank"" OR ICICIBANK",Business Standard,Amit Kumar,Home loan rates in Sep start at 7%: Top lenders and terms compared,"Home loan rates vary by lender and loan size, with some banks offering different rates across borrowing slabs",https://www.business-standard.com/finance/personal-finance/home-loan-rates-in-sep-start-at-7-top-lenders-and-terms-compared-126091800489_1.html,https://bsmedia.business-standard.com/_media/bs/img/article/2025-11/26/thumb/fitandfill/1200X628/1764173401-8833.jpg,"Home loan rates vary by lender and loan size, with some banks offering different rates across borrowing slabs
Amit KumarNew Delhi6 min read Last Updated : Sep 18 2026 | 12:58 PM IST
Home loan rates… [+6934 chars]",2026-09-18T07:27:30Z,2026-09-18,2026-09-22T18:03:34Z
419,ICICIBANK.NS,"""ICICI Bank"" OR ICICIBANK",The Next Web,Alina Maria Stan,"Apple Pay is heading to India next month with Axis Bank first, Reuters reports","Apple Pay is expected to launch in India next month, beginning with credit cards issued by Axis Bank, three people familiar with the plans told Reuters. Apple declined to comment. So, in effect, did everybody else. The service will widen to other lenders thro…",https://thenextweb.com/news/apple-pay-india-launch-axis-bank,https://media.thenextweb.com/2026/09/Apple-Pay.jpg,"Apple Pay is expected to launch in India next month, beginning with credit cards issued by Axis Bank, three people familiar with the plans told Reuters. Apple declined to comment. So, in effect, did … [+2489 chars]",2026-09-18T09:11:24Z,2026-09-18,2026-09-22T18:03:34Z
418,ICICIBANK.NS,"""ICICI Bank"" OR ICICIBANK",Livemint,Sneha Biswas,Apple Pay to come to India soon with Axis Bank? How will it work for iPhone users? Here's what we know,Apple is reportedly all set to launch Apple Pay in India next month with Axis Bank's credit cards. It is said that the company is also in talks with HDFC Bank and ICICI Bank.,https://www.livemint.com/money/apple-pay-to-come-to-india-soon-with-axis-bank-how-will-it-work-for-iphone-users-heres-what-we-know-11789725870106.html,https://www.livemint.com/lm-img/img/2026/09/18/1600x900/logo/21535_1789731793662_HVnY_1789731797579_OEET_d1159eeb-92a2-4f93-8b59-8f66211f17a0_89re.jpg,"Apple is reported to launch Apple Pay in India this year. If true, Apple users will be able to access it with Axis Bank's credit cards, Reuters reported.
Apple Pay to launch in India with Axis Bank:… [+2956 chars]",2026-09-18T11:55:23Z,2026-09-18,2026-09-22T18:03:34Z
417,ICICIBANK.NS,"""ICICI Bank"" OR ICICIBANK",The Times of India,Sneha Kulkarni,ICICI Bank changes website and net banking domain addresses: Do you also need to reset your user ID and password?,ICICI Bank has successfully migrated its website and net banking services to the new .bank.in domain. Customers are advised to modify their bookmarks to ensure they access the official banking site. Please note that iMobile app services will be temporarily do…,https://economictimes.indiatimes.com/wealth/save/icici-bank-changes-website-and-net-banking-domain-addresses-do-you-also-need-to-reset-your-user-id-and-password/articleshow/134335100.cms,"https://img.etimg.com/thumb/width-1200,height-900,imgsize-1079668,resizemode-75,msid-134335100/wealth/save/icici-bank-changes-website-and-net-banking-domain-addresses-do-you-also-need-to-reset-your-user-id-and-password.jpg",ICICI Bank has moved its website and internet banking addresses to the new .bank.in domain in line with Reserve Bank of Indias (RBI) rule. The change may require customers who have saved the bank's o… [+1567 chars],2026-09-18T12:45:48Z,2026-09-18,2026-09-22T18:03:34Z
416,ICICIBANK.NS,"""ICICI Bank"" OR ICICIBANK",Macdailynews.com,MacDailyNews,Apple poised to launch Apple Pay in India,"Apple is preparing to launch Apple Pay in India as soon as next month, beginning with Axis Bank credit cards…
The post Apple poised to launch Apple Pay in India appeared first on MacDailyNews.",https://macdailynews.com/2026/09/18/apple-poised-to-launch-apple-pay-in-india/,https://macdailynews.com/wp-content/uploads/2022/02/220225_apple_pay.png,"Apple Pay
Apple is preparing to launch Apple Pay in India as soon as next month, beginning with Axis Bank credit cards, according to Reuters‘ Ashwin Manikandan and Gopika Gopakumar.
Three people fa… [+2623 chars]",2026-09-18T13:15:13Z,2026-09-18,2026-09-22T18:03:34Z
415,ICICIBANK.NS,"""ICICI Bank"" OR ICICIBANK",BusinessLine,,"The Latest Home Loan Interest Rates: Sep 18, 2026","The Latest Home Loan Interest Rates: Sep 18, 2026",https://www.thehindubusinessline.com/money-and-banking/the-latest-home-loan-interest-rates-sep-18-2026/article64808517.ece,https://www.thehindubusinessline.com/theme/images/og-image.png,"What are the various fixed and floating interest rates on offer for home loans today? Let's take a comprehensive look at interest rates across banks and housing finance companies.
<table><tr><td>Ins… [+4865 chars]",2026-09-18T13:30:15Z,2026-09-18,2026-09-22T18:03:34Z
414,ICICIBANK.NS,"""ICICI Bank"" OR ICICIBANK",The Times of India,Sneha Kulkarni,"Saturday bank holiday: Are HDFC Bank, ICICI Bank, SBI open or closed today on September 19, 2026?","Several September holidays will cause regional bank branch closures.  Many essential banking tasks still require a physical visit to the branch. Banks remain closed on the second and fourth Saturdays of every month, in addition to Sundays and designated regio…",https://economictimes.indiatimes.com/wealth/save/saturday-bank-holiday-today-on-september-19-2026-are-hdfc-bank-icici-bank-sbi-open-or-closed/articleshow/134334073.cms,"https://img.etimg.com/thumb/width-1200,height-900,imgsize-1049914,resizemode-75,msid-134334073/wealth/save/saturday-bank-holiday-today-on-september-19-2026-are-hdfc-bank-icici-bank-sbi-open-or-closed.jpg",The Reserve Bank of India (RBI) releases a monthly list of state-wise bank holidays to ensure customers dont feel inconvenience and can plan their banking tasks accordingly. If youre planning to visi… [+2357 chars],2026-09-19T01:35:00Z,2026-09-19,2026-09-22T18:03:34Z
413,ICICIBANK.NS,"""ICICI Bank"" OR ICICIBANK",Livemint,Shivam Shukla,"Bank holiday today: Check if SBI, HDFC, ICICI branches are open or closed on Saturday, September 19","Bank holiday today, September 19, 2026: SBI, HDFC Bank and ICICI Bank branches are generally open as it is the third Saturday. Check state-wise RBI holidays before visiting.",https://www.livemint.com/money/personal-finance/bank-holiday-today-check-if-sbi-hdfc-icici-branches-are-open-or-closed-on-saturday-september-19-11789782892700.html,https://www.livemint.com/lm-img/img/2026/09/19/1600x900/logo/947ec76a-1db3-45fd-aa6f-61aa362a8731_1789783396262_q0Fb_1789783405871_LfGl_5fea9cd8-4388-431b-96c3-37e2d7e04fc9_7w1X.png,"Bank customers planning to visit a branch today, Saturday, 19 September 2026, should note that branches are open. This is because 19 September falls on the third Saturday of the month, and bank branc… [+2411 chars]",2026-09-19T02:13:20Z,2026-09-19,2026-09-22T18:03:34Z
412,ICICIBANK.NS,"""ICICI Bank"" OR ICICIBANK",The Times of India,ANI,BoJ has room to accelerate rate hikes as inflation pressures build: Report,"Japan is witnessing a surge in underlying inflation, driven by escalating producer prices and wage growth. While government subsidies are currently easing the consumer burden from rising energy costs, inflation expectations continue to climb, indicating a pot…",https://economictimes.indiatimes.com/markets/us-stocks/news/boj-has-room-to-accelerate-rate-hikes-as-inflation-pressures-build-report/articleshow/134349111.cms,"https://img.etimg.com/thumb/msid-134349147,width-1200,height-630,imgsize-142760,overlay-etmarkets/articleshow.jpg","The Bank of Japan has sufficient room to accelerate its rate hike cycle as rising producer prices, strong wage growth and growing signs of cost pressures being passed on to consumers point to stronge… [+2114 chars]",2026-09-19T06:22:14Z,2026-09-19,2026-09-22T18:03:34Z
411,ICICIBANK.NS,"""ICICI Bank"" OR ICICIBANK",News24online.com,Ayushmann Chawla,"Apple Pay India launch likely next month with Axis Bank card: How it will differ from UPI, charges and limits explained","Apple Pay may launch in India next month with Axis Bank credit cards. Here’s how Apple Pay will differ from UPI, including charges, transaction limits and benefits.",https://news24online.com/business/apple-pay-india-launch-likely-next-month-with-axis-bank-card-how-it-will-differ-from-upi-charges-and-limits-explained/928207/,https://news24online.com/wp-content/uploads/2026/09/Apple-Pay-India-UPI.jpg,"Apple Pay could finally launch in India next month, with Axis Bank credit cards reportedly set to be among the first cards supported. Reuters, citing three people familiar with the matter, reports th… [+3185 chars]",2026-09-19T09:30:59Z,2026-09-19,2026-09-22T18:03:34Z
410,ICICIBANK.NS,"""ICICI Bank"" OR ICICIBANK",Livemint,Rajendra Saxena,"ICICI Bank changes net banking URL: New .bank.in address, CAPTCHA feature - what customers need to know",The migration to the new domain will not alter customers' existing banking credentials or account information,https://www.livemint.com/money/personal-finance/icici-bank-changes-net-banking-url-new-bank-in-address-captcha-feature-what-customers-need-to-know-11789816727068.html,https://www.livemint.com/lm-img/img/2026/09/19/1600x900/ICICI_BAnk_1789820306134_wUMM_1789820306282_zOkQ_98951a69-8ceb-4afe-911f-1ed0a89fb5d3_eZcu.png,ICICI Bank has shifted its official website and internet banking services to the new .bank.in domain as part of the banking industry's transition to the exclusive domain mandated by the Reserve Bank … [+3004 chars],2026-09-19T12:19:08Z,2026-09-19,2026-09-22T18:03:34Z
409,ICICIBANK.NS,"""ICICI Bank"" OR ICICIBANK",BusinessLine,Dhuraivel Gunasekaran,A model-driven approach to market cycles,Discover how Baroda BNP Paribas Balanced Advantage Fund uses a counter-cyclical model for effective asset allocation and strong returns.,https://www.thehindubusinessline.com/portfolio/mutual-funds/a-model-driven-approach-to-market-cycles/article71451246.ece,https://bl-i.thgim.com/public/incoming/559ntv/article71484416.ece/alternates/LANDSCAPE_1200/IMG_PO13_Arrow_2_1_S3GH52A0.jpg,Baroda BNP Paribas Balanced Advantage Fund (BBAF) has been one of the top-performing funds in the Balanced Advantage Fund category. It has received a 5-star rating from the bl.portfolio Mutual Fund R… [+5960 chars],2026-09-19T15:23:27Z,2026-09-19,2026-09-22T18:03:34Z
408,ICICIBANK.NS,"""ICICI Bank"" OR ICICIBANK",BusinessLine,& BL Research Bureau,"Nifty, Sensex & FDs: The Great Indian Bull Market Paradox","Nifty and Sensex trailed SBI and Post Office deposits over three years, while 56% of stocks failed to beat the fixed-income hurdle.",https://www.thehindubusinessline.com/portfolio/great-indian-bull-market-paradox-nifty-sensex-fd-returns/article71484146.ece,https://bl-i.thgim.com/public/incoming/1k2w06/article71485636.ece/alternates/LANDSCAPE_1200/IMG_PO15_Bull_stock_2_1_IVDNH2BJ.jpg,"The ongoing bull market, now 2,370 days old, is the longest-running in India, yet it may not feel so for many who entered Dalal Street for the first time in recent years. For years, stock market inve… [+5304 chars]",2026-09-19T16:05:19Z,2026-09-19,2026-09-22T18:03:34Z
407,ICICIBANK.NS,"""ICICI Bank"" OR ICICIBANK",Livemint,Sounak Mukhopadhyay,RD interest rates: How much can you actually earn? Check what post offices and major banks offer,"Total savings from RD investments vary with monthly contributions and deposit periods, and banks are rated for different timeframes.",https://www.livemint.com/money/rd-interest-rates-how-much-can-you-actually-earn-check-what-post-offices-and-major-banks-offer-11789915365881.html,https://www.livemint.com/lm-img/img/2026/09/20/1600x900/logo/RD_1789916007210_mgrq_1789916019605_OXre_2e5cea1a-3f9d-4d58-b4cf-e1a89d2ae499_hOaG.jpg,"Senior citizens can earn up to 8.50% yearly interest. Yes Bank offers the highest listed rate, followed by Bandhan Bank at 8.35%. IndusInd Bank comes next, with its highest senior-citizen rate at 8.2… [+3712 chars]",2026-09-20T14:54:30Z,2026-09-20,2026-09-22T18:03:34Z
405,ICICIBANK.NS,"""ICICI Bank"" OR ICICIBANK",The Times of India,Joel Rebello,"'FCNR haul to power HSBC's India wealth, retail banking push'","HSBC forecasts that foreign currency deposits will significantly enhance its operations in India. By securing $14.5 billion through a special RBI swap facility, the bank aims to expand lending and wealth management services. The attractive leverage option of …",https://economictimes.indiatimes.com/industry/banking/finance/banking/fcnr-haul-to-power-hsbcs-india-wealth-retail-banking-push/articleshow/134377366.cms,"https://img.etimg.com/thumb/msid-134374684,width-1200,height-630,imgsize-42200,overlay-etmarkets/articleshow.jpg",Mumbai: Mumbai: British lender HSBC expects the foreign currency non-resident (FCNR) deposits it mobilised under the Reserve Bank of India's special swap facility to act as a force multiplier for its… [+3363 chars],2026-09-20T19:11:54Z,2026-09-21,2026-09-22T18:03:34Z
406,ICICIBANK.NS,"""ICICI Bank"" OR ICICIBANK",The Times of India,Joel Rebello,"'FCNR haul to power HSBC's India wealth, retail banking push'","HSBC forecasts that foreign currency deposits will significantly enhance its operations in India. By securing $14.5 billion through a special RBI swap facility, the bank aims to expand lending and wealth management services. The attractive leverage option of …",https://economictimes.indiatimes.com/industry/banking/finance/banking/fcnr-haul-to-power-hsbcs-india-wealth-retail-banking-push/articleshow/134374668.cms,"https://img.etimg.com/thumb/msid-134374684,width-1200,height-630,imgsize-42200,overlay-economictimes/articleshow.jpg",Mumbai: Mumbai: British lender HSBC expects the foreign currency non-resident (FCNR) deposits it mobilised under the Reserve Bank of India's special swap facility to act as a force multiplier for its… [+3365 chars],2026-09-20T19:11:54Z,2026-09-21,2026-09-22T18:03:34Z
404,ICICIBANK.NS,"""ICICI Bank"" OR ICICIBANK",Livemint,Eshita Gain,Saving for emergency fund of ₹10-15 lakh? Here’s how FD laddering can help and whether you should consider it,"To manage emergency funds effectively, investors can utilize the FD laddering strategy, allocating amounts across several fixed deposits with different maturities. Here's how it works.",https://www.livemint.com/money/personal-finance/saving-for-emergency-fund-of-10-15-lakh-here-s-how-fd-laddering-can-help-and-whether-you-should-consider-it-11789963873157.html,https://www.livemint.com/lm-img/img/2026/09/21/1600x900/logo/mutual1_1787313475456_1787313494586_9076819a-8325-429f-b7dd-57d08115c17a_1789967838026_bnLU_9fbda555-1dc2-4aae-b527-b2d073d96cbb_lIMp.jpg,"An emergency fund is meant to stay accessible when an unexpected expense comes up, such as medical treatment or house renovation, but keeping a large sum idle in a savings account may not be the only… [+2961 chars]",2026-09-21T05:18:26Z,2026-09-21,2026-09-22T18:03:34Z
403,ICICIBANK.NS,"""ICICI Bank"" OR ICICIBANK",Mashable,Waquar Haider,Apple Pay India Launch Could Happen in October: What We Know So Far,Apple Pay could arrive in India as early as October. The service would enter one of the world's largest digital payments markets.,https://in.mashable.com/tech/114131/apple-pay-india-launch-could-happen-in-october-what-we-know-so-far,https://sm.mashable.com/mashable_in/seo/default/apple-logo-mash_eg5v.jpg,"Apple Pay could be launched in India as soon as October, introducing Apples mobile payments service to one of the biggest digital payments markets in the world. The service, which launched in the US … [+2486 chars]",2026-09-21T06:22:31Z,2026-09-21,2026-09-22T18:03:34Z
402,ICICIBANK.NS,"""ICICI Bank"" OR ICICIBANK",The Times of India,ET Online,"Finance company sent recovery agents at midnight to seize vehicle, sells without giving notice; Supreme Court orders Cholamandalam Finance to pay Rs 15 lakh",Cholamandalam Investment and Finance Company has been ordered to pay a truck owner around Rs 15 lakh in total after seizing and selling his vehicle without the notice required under its own loan agreement and RBI guidelines. A high court order dismissing the …,https://economictimes.indiatimes.com/news/new-updates/finance-company-sent-recovery-agents-at-midnight-to-seize-vehicle-sells-without-giving-notice-supreme-court-orders-cholamandalam-finance-to-pay-rs-15-lakh/articleshow/134383138.cms,"https://img.etimg.com/thumb/msid-134385253,width-1200,height-630,imgsize-167041,overlay-economictimes/articleshow.jpg","A truck owner in Uttar Pradesh whose vehicle was allegedly taken away in the middle of the night by unidentified men, without any notice from the finance company, has won his case in the top court. I… [+3754 chars]",2026-09-21T09:04:18Z,2026-09-21,2026-09-22T18:03:34Z
401,ICICIBANK.NS,"""ICICI Bank"" OR ICICIBANK",Business Standard,Sweta Kumari,"Apple Pay launch in October: Cards at launch, but UPI could be big question","Apple Pay launch Date in India: Apple Pay could launch in India as early as October with credit card support, entering a market dominated by UPI. Here is an explainer on what is Apple Pay and how it could work",https://www.business-standard.com/technology/tech-news/apple-pay-launch-in-october-cards-at-launch-but-upi-could-be-big-question-126092100604_1.html,https://bsmedia.business-standard.com/_media/bs/img/article/2026-09/21/thumb/fitandfill/1200X628/1789983115-6266.png,"Apple Pay could launch in India as early as October with credit card support, entering a market dominated by UPI. Here is an explainer on what is Apple Pay and how it could work
Apple Pay is expecte… [+7628 chars]",2026-09-21T09:32:18Z,2026-09-21,2026-09-22T18:03:34Z
400,ICICIBANK.NS,"""ICICI Bank"" OR ICICIBANK",GSMArena.com,Siddharth,Apple Pay reportedly set to launch in India next month,"According to a new report, Apple could launch its Apple Pay payment service in India as soon as next month. The service is currently available in more than 90 countries worldwide.

In his latest Power On newsletter, Bloomberg’s Mark Gurman claims that Apple w…",https://www.gsmarena.com/apple_pay_reportedly_set_to_launch_in_india_next_month-news-74694.php,https://fdn.gsmarena.com/imgroot/news/26/09/apple-pay-india-october-report/-952x498w6/gsmarena_00.jpg,"According to a new report, Apple could launch its Apple Pay payment service in India as soon as next month. The service is currently available in more than 90 countries worldwide.
In his latest Powe… [+708 chars]",2026-09-21T10:44:02Z,2026-09-21,2026-09-22T18:03:34Z
399,ICICIBANK.NS,"""ICICI Bank"" OR ICICIBANK",Macdailynews.com,MacDailyNews,Apple Pay launch in India is imminent,"Apple Pay’s long-delayed arrival in India is now imminent. India remains one of the largest markets where Apple’s tap-to-pay wallet still…
The post Apple Pay launch in India is imminent appeared first on MacDailyNews.",https://macdailynews.com/2026/09/21/apple-pay-launch-in-india-is-imminent/,https://macdailynews.com/wp-content/uploads/2022/02/220225_apple_pay.png,"Apple Pay
Apple Pays long-delayed arrival in India is now close enough that Bloomberg News‘ Mark Gurman lists it as imminent. India remains one of the largest markets where Apples tap-to-pay system … [+1504 chars]",2026-09-21T16:00:12Z,2026-09-21,2026-09-22T18:03:34Z
398,INFY.NS,"""Infosys"" OR INFY",Yahoo Entertainment,Jagmeet Singh,Former Infosys chief’s AI startup nabs another $53M,The Palo Alto startup says it has landed multiple seven-figure enterprise contracts within months of launch.,https://finance.yahoo.com/technology/ai/articles/former-infosys-chief-ai-startup-130000046.html,https://s.yimg.com/lo/mysterio/api/eaf081be7e452ceee173c076d714684a77c6e90448843a05451d53a94dd13e5b/lightyear_networkapi/resizefill_w1200%3Bquality_80%3Bformat_webp/https%3A%2F%2Fmedia.zenfs.com%2Fen%2Ftechcrunch_finance_785%2F5f8bc3fea9493cb22b5ad45b9c809048.jpg,"Hang Ten Systems, an AI startup founded by former Infosys CEO Vishal Sikka just four months ago, has expanded its seed funding by another $53 million. This new investment round was closed just five w… [+5040 chars]",2026-09-16T13:00:00Z,2026-09-16,2026-09-22T18:03:32Z
397,INFY.NS,"""Infosys"" OR INFY",Globalresearch.ca,Julia Buck,Threat Level: Emergency. “The Israeli Establishment is Firmly Entangled in the US Government”,"The Israeli establishment has firmly entangled itself deeply within some of the highest levels of the US government and critical infrastructure. 
We are led to believe that the biggest threats to our country are Iran, Russia, and China. I won’t …
The post Thr…",https://www.globalresearch.ca/threat-level-emergency/5939929,https://www.globalresearch.ca/wp-content/uploads/2026/09/cybersecurity.png,"The Israeli establishment has firmly entangled itself deeply within some of the highest levels of the US government and critical infrastructure.
We are led to believe that the biggest threats to our… [+14054 chars]",2026-09-16T13:07:31Z,2026-09-16,2026-09-22T18:03:32Z
396,INFY.NS,"""Infosys"" OR INFY",The Times of India,PTI,Infosys expands Indore facility with new 3.3-lakh sq ft software development block,"The new 3,30,000-square-foot facility's inauguration saw the presence of Madhya Pradesh Chief Minister Mohan Yadav and Infosys CFO Jayesh Sanghrajka, alongside other senior state officials and company executives.",https://economictimes.indiatimes.com/tech/information-tech/infosys-expands-indore-facility-with-new-3-3-lakh-sq-ft-software-development-block/articleshow/134289103.cms,"https://img.etimg.com/thumb/width-1200,height-900,imgsize-484475,resizemode-75,msid-134289103/tech/information-tech/infosys-expands-indore-facility-with-new-3-3-lakh-sq-ft-software-development-block.jpg","IT services major Infosys on Wednesday announced the expansion of its Indore Development Centre with the inauguration of a new Software Development Block at its campus.The new 3,30,000-square-foot fa… [+980 chars]",2026-09-16T13:19:16Z,2026-09-16,2026-09-22T18:03:32Z
395,INFY.NS,"""Infosys"" OR INFY",BusinessLine,BL Bengaluru Bureau,"Infosys expands Indore Development Center with new 330,000-sq. ft. block","Infosys Indore currently has more than 3,300 employees supporting global clients across Banking, Financial Services and Insurance (BFSI), Retail, Life Sciences, and Manufacturing",https://www.thehindubusinessline.com/companies/infosys-expands-indore-development-center-with-new-330000-sq-ft-block/article71472634.ece,https://bl-i.thgim.com/public/incoming/ajsjx5/article71053389.ece/alternates/LANDSCAPE_1200/2025-09-22T041342Z_1920943076_RC2RWGAMJTDC_RTRMADP_3_INDIA-IT-STOCKS.JPG,"Infosys announced the expansion of its Indore Development Center (DC) with the inauguration of a new Software Development Block (SDB-2) at its campus in the Super Corridor, Indore. The new 330,000-sq… [+2245 chars]",2026-09-16T13:30:04Z,2026-09-16,2026-09-22T18:03:32Z
394,INFY.NS,"""Infosys"" OR INFY",Pypi.org,,infy added to PyPI,"A zero-dependency, SIMD-accelerated LLM framework built for speed, safety, and scale.",https://pypi.org/project/infy/,,"A required part of this site couldnt load. This may be due to a browser
 extension, network issues, or browser settings. Please check your
 connection, disable any ad blockers, or try using a diffe… [+12 chars]",2026-09-16T13:42:04Z,2026-09-16,2026-09-22T18:03:32Z
393,INFY.NS,"""Infosys"" OR INFY",Pypi.org,,infy 0.2.0,"A zero-dependency, SIMD-accelerated LLM framework built for speed, safety, and scale.",https://pypi.org/project/infy/0.2.0/,,"A required part of this site couldnt load. This may be due to a browser
 extension, network issues, or browser settings. Please check your
 connection, disable any ad blockers, or try using a diffe… [+12 chars]",2026-09-16T13:42:14Z,2026-09-16,2026-09-22T18:03:32Z
392,INFY.NS,"""Infosys"" OR INFY",TechCrunch,Jagmeet Singh,Former Infosys chief's AI startup nabs another $53M | TechCrunch,The Palo Alto startup says it has landed multiple seven-figure enterprise contracts within months of launch.,https://techcrunch.com/2026/09/16/former-infosys-chiefs-ai-startup-adds-50m-to-seed-weeks-after-initial-raise/,"https://techcrunch.com/wp-content/uploads/2026/08/vishal-sikka.jpg?resize=1200,800","Hang Ten Systems, an AI startup founded by former Infosys CEO Vishal Sikka just four months ago, has expanded its seed funding by another $53 million. This new investment round was closed just five w… [+5137 chars]",2026-09-16T13:48:17Z,2026-09-16,2026-09-22T18:03:32Z
391,INFY.NS,"""Infosys"" OR INFY",Crypto Briefing,Editorial Team,Hang Ten Systems secures $32M seed round to bring AI-native services to enterprise IT,"Hang Ten Systems' AI-driven approach could disrupt traditional IT services, potentially reducing reliance on human labor and reshaping enterprise IT.
The post Hang Ten Systems secures $32M seed round to bring AI-native services to enterprise IT appeared first…",https://cryptobriefing.com/hang-ten-systems-seed-funding-ai-services/,https://static.cryptobriefing.com/wp-content/uploads/2026/09/16095140/library-hang-ten-systems-secures-32m-seed-round-to-bring-ai-nati-800x450.png,"Founded by former Infosys CEO Vishal Sikka, the Palo Alto startup is betting it can replace traditional IT outsourcing with agentic AI A new Palo Alto startup wants to make the traditional IT service… [+1791 chars]",2026-09-16T13:51:44Z,2026-09-16,2026-09-22T18:03:32Z
390,INFY.NS,"""Infosys"" OR INFY",Biztoc.com,techcrunch.com,Former Infosys chief’s AI startup nabs another $53M,"Hang Ten Systems, an AI startup founded by former Infosys CEO Vishal Sikka just four months ago, has expanded its seed funding by another $53 million. This new investment round was closed just five weeks after the initial $32 million seed round was closed, th…",https://biztoc.com/x/c797af4e87d89493,https://biztoc.com/cdn/c797af4e87d89493_s.webp,"Hang Ten Systems, an AI startup founded by former Infosys CEO Vishal Sikka just four months ago, has expanded its seed funding by another $53 million. This new investment round was closed just five w… [+135 chars]",2026-09-16T13:55:56Z,2026-09-16,2026-09-22T18:03:32Z
389,INFY.NS,"""Infosys"" OR INFY",The Times of India,Reuters,Sebi bars two entities over alleged cross-derivatives manipulation,"India's market watchdog has intervened, prohibiting two companies for their role in stock derivative price manipulation. They reportedly employed advanced options and futures strategies to make significant profits, deliberately incurring losses in stock futur…",https://economictimes.indiatimes.com/markets/stocks/news/indian-regulator-bars-two-entities-over-alleged-cross-derivatives-manipulation/articleshow/134291762.cms,"https://img.etimg.com/thumb/msid-134291761,width-1200,height-630,imgsize-3975436,overlay-etmarkets/articleshow.jpg","(What's moving Sensex and Nifty Track latest market news, stock tips, Budget 2025, Share Market on Budget 2025 and expert advice, on ETMarkets. Also, ETMarkets.com is now on Telegram. For fastest new… [+330 chars]",2026-09-16T15:51:53Z,2026-09-16,2026-09-22T18:03:32Z
388,INFY.NS,"""Infosys"" OR INFY",Business Standard,Shilpa Rangarajan,"FMCG, PSU banks lift markets as IT drags; Tata stocks caught in crossfire","Indian equities recover as FMCG and PSU bank stocks gain, while IT shares and Tata group stocks face selling pressure ahead of the Tata Sons board meeting",https://www.business-standard.com/markets/news/fmcg-psu-banks-lift-markets-as-it-drags-tata-stocks-caught-in-crossfire-126091601309_1.html,https://bsmedia.business-standard.com/_media/bs/img/article/2026-04/14/thumb/fitandfill/1200X628/1776165352-153.jpg,"Indian equities recover as FMCG and PSU bank stocks gain, while IT shares and Tata group stocks face selling pressure ahead of the Tata Sons board meeting
(Photo: Wikimedia Commons)
Shilpa Rangaraj… [+3936 chars]",2026-09-16T16:02:23Z,2026-09-16,2026-09-22T18:03:32Z
387,INFY.NS,"""Infosys"" OR INFY",The Times of India,ETtech,Ex-Infosys CEO Vishal Sikka’s startup Hang Ten Systems raises $53 million,"Hang Ten is building AI software for large enterprises, with a focus on software development and other technology-intensive work. Its platform uses AI agents to automate parts of enterprise software projects, including development, migration, finance and anal…",https://economictimes.indiatimes.com/tech/artificial-intelligence/ex-infosys-ceo-vishal-sikkas-startup-hang-ten-systems-raises-53-million/articleshow/134292121.cms,"https://img.etimg.com/thumb/width-1200,height-900,imgsize-39020,resizemode-75,msid-134292121/tech/artificial-intelligence/ex-infosys-ceo-vishal-sikkas-startup-hang-ten-systems-raises-53-million.jpg","Enterprise AI startupHang Ten Systems, founded by former Infosys chief executive Vishal Sikka, has raised $53 million in funding led by Xora Innovation, a fund backed by Singapore state investor Tema… [+2374 chars]",2026-09-16T16:11:09Z,2026-09-16,2026-09-22T18:03:32Z
386,INFY.NS,"""Infosys"" OR INFY",PRNewswire,,CONSULTING MAGAZINE NAMES HONOREES FOR 2026 WOMEN LEADERS IN CONSULTING AWARDS,"Annual recognition highlights executive leadership across artificial intelligence, enterprise risk, strategic transformation and organizational talent DALLAS, Sept. 16, 2026 /PRNewswire/ -- Consulting Magazine today announced the recipients of its 2026 Women …",https://www.prnewswire.com/news-releases/consulting-magazine-names-honorees-for-2026-women-leaders-in-consulting-awards-302880929.html,https://mmx.prnewswire.com/media/MS1884957/Consulting-Magazine-Logo.jpg?id=OA2952860&p=facebook,"Annual recognition highlights executive leadership across artificial intelligence, enterprise risk, strategic transformation and organizational talent
DALLAS, Sept. 16, 2026 /PRNewswire/ -- Consulti… [+5765 chars]",2026-09-16T17:00:00Z,2026-09-16,2026-09-22T18:03:32Z
385,INFY.NS,"""Infosys"" OR INFY",The Times of India,Times News Network,Vishal Sikka-founded Hang Ten Systems raises $53 mn,"India Business News: Hang Ten Systems, founded by ex-Infosys CEO Vishal Sikka, raised $53M led by Temasek-backed Xora, bringing total funding to $85M for AI enterprise services expansion.",https://timesofindia.indiatimes.com/business/india-business/vishal-sikka-founded-hang-ten-systems-raises-53-mn/articleshow/134294160.cms,"https://static.toiimg.com/thumb/msid-134294159,width-1280,height-720,resizemode-6,overlay-toi_sw,pt-32,y_pad-600/photo.jpg",EMI CalculatorDetermine the monthly installment amount for a loan,2026-09-16T17:56:55Z,2026-09-16,2026-09-22T18:03:32Z
384,INFY.NS,"""Infosys"" OR INFY",The Times of India,Times News Network,Infosys expands Indore centre,"India Business News: Infosys expands its Indore campus with a new 330,000-sq ft block, boosting cloud, AI/ML and cybersecurity work and partnerships with IIT/IIM Indore and DAVV.",https://timesofindia.indiatimes.com/business/india-business/infosys-expands-indore-centre/articleshow/134294615.cms,https://static.toiimg.com/photo/msid-47529300/47529300.jpg,EMI CalculatorDetermine the monthly installment amount for a loan,2026-09-16T18:09:00Z,2026-09-16,2026-09-22T18:03:32Z
383,INFY.NS,"""Infosys"" OR INFY",SiliconANGLE News,Duncan Riley,Ex-Infosys chief Vishal Sikka’s Hang Ten raises another $53M for enterprise AI services,"Enterprise artificial intelligence services startup Hang Ten Systems Inc. today announced it has raised $53 million in a second seed round, less than three months after announcing its first. Hang Ten provides advisory, transformation and applied AI services, …",https://siliconangle.com/2026/09/16/ex-infosys-chief-vishal-sikkas-hang-ten-raises-another-53m-for-enterprise-ai-services/,https://images.siliconangle.com/blogs.dir/1/files/2026/09/hangten.png,"Enterprise artificial intelligence services startup Hang Ten Systems Inc. today announced it has raised $53 million in a second seed round, less than three months after announcing its first.
Hang Te… [+4747 chars]",2026-09-16T23:38:53Z,2026-09-17,2026-09-22T18:03:32Z
382,INFY.NS,"""Infosys"" OR INFY",The Times of India,ET Bureau,Shriram Finance plans $500 million bond buyback,"The company proposes to buy back bonds maturing in April 2027 and April 2028 in an attempt to reduce borrowing costs and the buyback will be offered at a slight premium to the existing trading price, people familiar with the details said. The tender offer wil…",https://economictimes.indiatimes.com/markets/bonds/shriram-finance-plans-500-million-bond-buyback/articleshow/134296966.cms,"https://img.etimg.com/thumb/msid-134296968,width-1200,height-630,imgsize-333074,overlay-etmarkets/articleshow.jpg","(What's moving Sensex and Nifty Track latest market news, stock tips, Budget 2025, Share Market on Budget 2025 and expert advice, on ETMarkets. Also, ETMarkets.com is now on Telegram. For fastest new… [+330 chars]",2026-09-17T00:17:54Z,2026-09-17,2026-09-22T18:03:32Z
381,INFY.NS,"""Infosys"" OR INFY",The Times of India,Kumar Gaurav,"Stocks in news: Infosys, Mazagon Dock, Fortis Healthcare, JSW Energy and Kalpataru Projects","On September 16, Indian markets experienced a careful resurgence, with the Nifty and Sensex both moving upwards. This rebound was fueled by increased investments in banking and prominent stocks following a steep drop the previous day. Key players like Infosys…",https://economictimes.indiatimes.com/markets/stocks/news/stocks-in-news-infosys-mazagon-dock-fortis-healthcare-jsw-energy-and-kalpataru-projects/articleshow/134296725.cms,"https://img.etimg.com/thumb/msid-134296735,width-1200,height-630,imgsize-155154,overlay-etmarkets/articleshow.jpg","Indian equities staged a measured recovery on Wednesday, September 16, as buying emerged in banking stocks and select heavyweight counters following Tuesdays sharp decline.The Nifty 50 gained 99 poin… [+5388 chars]",2026-09-17T00:30:00Z,2026-09-17,2026-09-22T18:03:32Z
380,INFY.NS,"""Infosys"" OR INFY",The Times of India,ET Bureau,Rupee ends flat at 95.95 as RBI dollar sales offset pressure,"On Wednesday, the Indian rupee maintained its position at 95.95 against the US dollar, thanks to the central bank's dollar sales which helped stabilize its value. However, ongoing demand from oil firms and importers kept the currency under strain. Market anal…",https://economictimes.indiatimes.com/markets/forex/rupee-closes-unchanged-at-95-95-amid-dollar-sales-by-rbi-faces-import-pressure/articleshow/134297030.cms,"https://img.etimg.com/thumb/msid-134297042,width-1200,height-630,imgsize-93054,overlay-etmarkets/articleshow.jpg","(What's moving Sensex and Nifty Track latest market news, stock tips, Budget 2025, Share Market on Budget 2025 and expert advice, on ETMarkets. Also, ETMarkets.com is now on Telegram. For fastest new… [+330 chars]",2026-09-17T00:53:35Z,2026-09-17,2026-09-22T18:03:32Z
379,INFY.NS,"""Infosys"" OR INFY",The Times of India,Bloomberg,Global Market Today: Asian stocks tick higher as markets weigh further Fed hikes,"In a strategic shift, the Federal Reserve raised interest rates by 0.25%, aiming to address ongoing inflation challenges. This decision led to a dip in Asian sovereign bonds and the dollar, while gold maintained its losses. Interestingly, Asian stock markets …",https://economictimes.indiatimes.com/markets/us-stocks/news/global-market-today-asian-stocks-tick-higher-as-markets-weigh-further-fed-hikes/articleshow/134297050.cms,"https://img.etimg.com/thumb/msid-134297060,width-1200,height-630,imgsize-242288,overlay-etmarkets/articleshow.jpg","Shorter-dated Asian sovereign bonds fell, tracking moves in Treasuries after the Federal Reserve raised interest rates for the first time since 2023 and signaled further tightening to curb inflation.… [+3691 chars]",2026-09-17T01:00:00Z,2026-09-17,2026-09-22T18:03:32Z
378,INFY.NS,"""Infosys"" OR INFY",The Times of India,Sachin Kumar,Can NSE IPO deliver long-term growth for high-risk investors?,"In a bold move, the National Stock Exchange is set to initiate a major offer for sale, aiming to secure additional capital from its existing investors. This organization boasts a fully integrated platform focused on trading and settlement, where transaction f…",https://economictimes.indiatimes.com/markets/ipos/fpos/can-nse-ipo-deliver-long-term-growth-for-high-risk-investors/articleshow/134297090.cms,"https://img.etimg.com/thumb/msid-134297103,width-1200,height-630,imgsize-359246,overlay-etmarkets/articleshow.jpg","(What's moving Sensex and Nifty Track latest market news, stock tips, Budget 2025, Share Market on Budget 2025 and expert advice, on ETMarkets. Also, ETMarkets.com is now on Telegram. For fastest new… [+330 chars]",2026-09-17T01:13:36Z,2026-09-17,2026-09-22T18:03:32Z
377,INFY.NS,"""Infosys"" OR INFY",BusinessLine,KS Badri Narayanan,"Buzzing stocks for Sept 17: Reliance, Infosys, Krsnaa, Mazagon Dock, Motilal Oswal, Granules, Fine Organic Chem, Venus Pipes, Highway Infra","Several Indian companies, including Reliance and Infosys, are making significant moves, from fundraising to new facilities, highlighting a dynamic shift in the corporate landscape",https://www.thehindubusinessline.com/markets/buzzing-stocks-for-sept-17-reliance-infosys-krsnaa-mazagon-dock-motilal-oswal-granules-fine-organic-chem-venus-pipes-highway-infra/article71475140.ece,https://bl-i.thgim.com/public/incoming/oi3u5g/article71475141.ece/alternates/LANDSCAPE_1200/IMG_Financial_stock_mark_2_1_PFCI1RTE.jpg,"Praveg Ltd (BSE: 531637), a company engaged in tourism, hospitality, event management and allied infrastructure services, today announced that it has received a Letter of Acceptance (LoA) dated Septe… [+6381 chars]",2026-09-17T01:42:32Z,2026-09-17,2026-09-22T18:03:32Z
376,INFY.NS,"""Infosys"" OR INFY",The Times of India,ET Bureau,Kamlesh Chandra Varshney reappointed as Sebi whole-time member,"Sebi has announced the continued presence of Kamlesh Chandra Varshney as a whole-time member following approval from the Appointments Committee of the Cabinet. His new term lasts until August 4, 2029, unless specified otherwise. Varshney originally took offic…",https://economictimes.indiatimes.com/markets/stocks/news/kamlesh-chandra-varshney-reappointed-as-sebi-whole-time-member/articleshow/134297428.cms,"https://img.etimg.com/thumb/msid-134297452,width-1200,height-630,imgsize-3974936,overlay-etmarkets/articleshow.jpg","(What's moving Sensex and Nifty Track latest market news, stock tips, Budget 2025, Share Market on Budget 2025 and expert advice, on ETMarkets. Also, ETMarkets.com is now on Telegram. For fastest new… [+330 chars]",2026-09-17T01:43:56Z,2026-09-17,2026-09-22T18:03:32Z
375,INFY.NS,"""Infosys"" OR INFY",The Times of India,ETtech,Decoding MDR’s impact; EV bikes’ policy change sparks debate,Happy Thursday! The return of MDR is set to change UPI's market share game. This and more in today's ETtech Morning Dispatch.,https://economictimes.indiatimes.com/tech/newsletters/morning-dispatch/decoding-mdrs-impact-ev-bikes-policy-change-sparks-debate/articleshow/134298627.cms,"https://img.etimg.com/thumb/msid-134298627,width-1070,height-580,imgsize-2560806,overlay-ettech/editionshow.jpg","Happy Thursday! The return of MDR is set to change UPI's market share game. This and more in today's ETtech Morning Dispatch.Also in the letter:
UPI MDR: D2C brands reassess costs Industry leaders s… [+5739 chars]",2026-09-17T02:13:50Z,2026-09-17,2026-09-22T18:03:32Z
374,INFY.NS,"""Infosys"" OR INFY",Business Standard,SI Reporter,"Stocks to watch: Mazagon Dock, JSW Energy, Highway Infra, Fortis & Infosys","Stocks to watch today: LCC Projects, Karamtara Engineering, Manipal Payment, Rentomojo, Steamhouse India and Asset Reconstruction Company (India) are slated to list on the bourses today.",https://www.business-standard.com/markets/news/stocks-to-watch-september-17-mazagon-dock-jsw-energy-highway-infra-fortis-infosys-126091700085_1.html,https://bsmedia.business-standard.com/_media/bs/img/article/2026-07/23/thumb/fitandfill/1200X628/1784827601-3221.jpg,"Stocks to watch today: LCC Projects, Karamtara Engineering, Manipal Payment, Rentomojo, Steamhouse India and Asset Reconstruction Company (India) are slated to list on the bourses today.
Courier and… [+3963 chars]",2026-09-17T02:31:43Z,2026-09-17,2026-09-22T18:03:32Z
373,INFY.NS,"""Infosys"" OR INFY",Business Standard,Capital Market,"Stock Alert: Tempsens Instruments India, Infosys, Highway Infra, Alembic Pharma","Shares of Inox Wind, Kaynes Technology India, Bandhan Bank and SAIL are banned from F&O trading on 17 September 2026.",https://www.business-standard.com/markets/capital-market-news/stock-alert-tempsens-instruments-india-infosys-highway-infra-alembic-pharma-126091700122_1.html,https://www.business-standard.com/assets/web-assets/images/Business_Standard_1_685x385.jpg,"Securities in F&amp;O Ban: 
Shares of Inox Wind, Kaynes Technology India, Bandhan Bank and SAIL are banned from F&amp;O trading on 17 September 2026.
New Listings:
Manipal Payment and Identity Sol… [+3821 chars]",2026-09-17T03:34:16Z,2026-09-17,2026-09-22T18:03:32Z
372,INFY.NS,"""Infosys"" OR INFY",The Times of India,Debaroti Adhikary,"Infosys, TCS, other IT stocks in focus after first Fed rate hike in 3 years. Will inflationary pressures offset anti-AI euphoria?","Indian IT stocks such as Infosys and TCS are likely to remain in focus after the US Federal Reserve raised interest rates by 25 basis points, citing elevated inflation. Analysts expect higher-for-longer rates to pressure risk assets, while AI-related developm…",https://economictimes.indiatimes.com/markets/stocks/news/infosys-tcs-other-it-stocks-in-focus-after-first-fed-rate-hike-in-3-years-will-inflationary-pressures-offset-anti-ai-euphoria/articleshow/134300977.cms,"https://img.etimg.com/thumb/msid-134301141,width-1200,height-630,imgsize-2287339,overlay-etmarkets/articleshow.jpg","Shares of Indian IT companies, including Infosys, Tata Consultancy Services (TCS) and others, will remain in focus on Thursday after the US Federal Reserve announced its first interest rate hike sinc… [+4801 chars]",2026-09-17T03:52:52Z,2026-09-17,2026-09-22T18:03:32Z
371,INFY.NS,"""Infosys"" OR INFY",Business Standard,Capital Market,Indices trade sideways; breadth strong,"The Feds indication of another rate hike in 2026 is likely to keep investors cautious, particularly in rate-sensitive and foreign-portfolio-investment-driven segments. However, buying interest in select domestic sectors provided some support, with the Nifty h…",https://www.business-standard.com/markets/capital-market-news/indices-trade-sideways-breadth-strong-126091700204_1.html,https://www.business-standard.com/assets/web-assets/images/Business_Standard_1_685x385.jpg,The key equity benchmarks traded in a narrow range with a mixed bias in early trade as investors assessed the US Federal Reserves latest policy decision and its implications for global liquidity. The… [+5519 chars],2026-09-17T04:21:35Z,2026-09-17,2026-09-22T18:03:32Z
370,INFY.NS,"""Infosys"" OR INFY",The Times of India,Debaroti Adhikary,"Sensex rises 200 points, Nifty above 23,300 despite Fed rate hike. Why bears may be ready to pounce","Sensex and Nifty extended gains despite the US Federal Reserve’s first rate hike in three years, supported by broad-based buying outside the IT sector. Analysts remain cautious as elevated bond yields, FII selling, rupee weakness and geopolitical risks could …",https://economictimes.indiatimes.com/markets/stocks/news/sensex-rises-200-points-nifty-above-23300-despite-fed-rate-hike-why-bears-may-be-ready-to-pounce/articleshow/134303083.cms,"https://img.etimg.com/thumb/msid-134303357,width-1200,height-630,imgsize-2355690,overlay-etmarkets/articleshow.jpg","The Indian stock market extended gains on Thursday, with Sensex and Nifty trading higher, bucking worries after the US Federal Reserves first rate hike in three years, although analysts advise cautio… [+4477 chars]",2026-09-17T06:11:53Z,2026-09-17,2026-09-22T18:03:32Z
369,INFY.NS,"""Infosys"" OR INFY",The Times of India,Agencies,"Sudha Murty’s marriage advice for young couples: ‘If you’ve never fought, you’re probably not husband and wife’","Marriage isn't always about agreeing on everything. There are arguments, bad moods, small annoyances and the occasional fight over things that may seem silly later. Then there’s work, family, children, household chores and all the other responsibilities that …",https://timesofindia.indiatimes.com/relationships/sudha-murtys-marriage-advice-for-young-couples-if-youve-never-fought-youre-probably-not-husband-and-wife/photostory/134303812.cms,"https://static.toiimg.com/thumb/msid-134303967,width-1280,height-720,imgsize-28964,resizemode-6,overlay-toi_sw,pt-32,y_pad-600/photo.jpg","This was perhaps the most practical part of her advice.
Sudha Murty explained that when one person is angry, the other should try to stay calm instead of immediately reacting. She used her own marri… [+501 chars]",2026-09-17T06:40:57Z,2026-09-17,2026-09-22T18:03:32Z
368,INFY.NS,"""Infosys"" OR INFY",India Today,Sonu Vivek,"Sensex, Nifty rise after Fed hike, but IT drag and FII selling cap gains","Sensex and Nifty opened higher after the Federal Reserve raised rates by 25 basis points. Gains stayed limited as IT weakness, FII selling and high crude prices kept pressure on sentiment.",https://www.indiatoday.in/business/market/story/sensex-today-nifty-today-rise-after-fed-rate-hike-it-stocks-fii-selling-weigh-2996489-2026-09-17,https://akm-img-a-in.tosshub.com/indiatoday/images/story/202609/stock-market-opening-171555623-16x9_0.jpeg?VersionId=cwBcrk7oEtfyv206081i2NjXY1BOxk7c,"Benchmark indices opened higher on Thursday despite the US Federal Reserve raising interest rates by 25 basis points, with domestic equities attempting to extend the previous session's recovery. Howe… [+4203 chars]",2026-09-17T06:47:53Z,2026-09-17,2026-09-22T18:03:32Z
367,INFY.NS,"""Infosys"" OR INFY",The Times of India,Kshitij Anand,"ETMarkets Smart Talk| India less vulnerable to US rate shocks, but expensive midcaps remain at risk: Amar K Ambani","Indian equities are better positioned to withstand global rate shocks due to strong domestic liquidity, but expensive mid- and small-cap stocks remain vulnerable to rising US yields and earnings disappointments, says YES Securities’ Amar K Ambani. He expects …",https://economictimes.indiatimes.com/markets/expert-view/etmarkets-smart-talk-india-less-vulnerable-to-us-rate-shocks-but-expensive-midcaps-remain-at-risk-amar-k-ambani/articleshow/134304584.cms,"https://img.etimg.com/thumb/msid-134304678,width-1200,height-630,imgsize-239855,overlay-etmarkets/articleshow.jpg","Indian equities have become far more resilient to global rate shocks, thanks in large part to the strength of domestic liquidity. But that does not mean the market is immune to higher-for-longer US i… [+9270 chars]",2026-09-17T07:13:01Z,2026-09-17,2026-09-22T18:03:32Z
366,INFY.NS,"""Infosys"" OR INFY",Business Standard,Capital Market,"Sensex, Nifty come off the day's high; European shares tread cautiously","The benchmark indices came off the day's high in afternoon trade as investors assessed the US Feds latest policy decision and its impact on global liquidity. The Nifty traded below the 23,300 level amid cautious sentiment over the stronger dollar and further …",https://www.business-standard.com/markets/capital-market-news/sensex-nifty-come-off-the-day-s-high-european-shares-tread-cautiously-126091700548_1.html,https://www.business-standard.com/assets/web-assets/images/Business_Standard_1_685x385.jpg,"The benchmark indices came off the day's high in afternoon trade as investors assessed the US Feds latest policy decision and its impact on global liquidity. The Nifty traded below the 23,300 level a… [+4544 chars]",2026-09-17T08:20:11Z,2026-09-17,2026-09-22T18:03:32Z
365,INFY.NS,"""Infosys"" OR INFY",The Times of India,Reuters,RBI withdraws $5.2 billion via first net open market debt sale in 9 years,"The Reserve Bank of India has taken steps to absorb liquidity from the banking sector by selling bonds worth 500 billion rupees. This strategic move included the sale of securities with maturation dates slated between fiscal 2029 and fiscal 2032, marking the …",https://economictimes.indiatimes.com/markets/bonds/rbi-withdraws-5-2-billion-via-first-net-open-market-debt-sale-in-9-years/articleshow/134307114.cms,"https://img.etimg.com/thumb/msid-134307159,width-1200,height-630,imgsize-81600,overlay-etmarkets/articleshow.jpg","(What's moving Sensex and Nifty Track latest market news, stock tips, Budget 2025, Share Market on Budget 2025 and expert advice, on ETMarkets. Also, ETMarkets.com is now on Telegram. For fastest new… [+330 chars]",2026-09-17T09:12:59Z,2026-09-17,2026-09-22T18:03:32Z
364,INFY.NS,"""Infosys"" OR INFY",BusinessLine,"Team BL, KS Badri Narayanan","Sensex today | Stock Market Highlights: Nifty, Sensex close flat as high crude price concerns offset value buying","Sensex Today, Nifty 50 | Stock Market Highlights - Find here all the highlights related to Sensex, Nifty, BSE, NSE, share prices and Indian stock markets for 17th September 2026. Follow our NSE IPO Live to know real-time subscription data.",https://www.thehindubusinessline.com/markets/sensex-nifty50-today-stock-market-highlights-17th-september-2026/article71472777.ece,https://bl-i.thgim.com/public/incoming/uujvyr/article71472793.ece/alternates/LANDSCAPE_1200/stock%20market%20graph.jpg,"<li></li>
September 17, 2026 16:05Puravankara expects 2,600 cr revenue from Mumbai redevelopment projects
Puravankara expects 2,600 cr revenue from Mumbai redevelopment projects
Puravankara Ltd pl… [+65277 chars]",2026-09-17T10:43:25Z,2026-09-17,2026-09-22T18:03:32Z
363,INFY.NS,"""Infosys"" OR INFY",The Times of India,Anupam Nagar,"Quote of the day by Francois Rochon: ""One of the biggest mistakes investors make is to look at the last few years and assume that’s the new norm""","Francois Rochon cautions investors against assuming recent market conditions will persist indefinitely. His observation highlights the risks of extrapolating short-term trends, stressing the importance of understanding market cycles, valuations, fundamentals …",https://economictimes.indiatimes.com/markets/us-stocks/wall-street-guide/quote-of-the-day-by-francois-rochon-one-of-the-biggest-mistakes-investors-make-is-to-look-at-the-last-few-years-and-assume-thats-the-new-norm/articleshow/134309621.cms,"https://img.etimg.com/thumb/msid-134309670,width-1200,height-630,imgsize-39908,overlay-etmarkets/articleshow.jpg","(What's moving Sensex and Nifty Track latest market news, stock tips, Budget 2025, Share Market on Budget 2025 and expert advice, on ETMarkets. Also, ETMarkets.com is now on Telegram. For fastest new… [+330 chars]",2026-09-17T10:58:42Z,2026-09-17,2026-09-22T18:03:32Z
362,INFY.NS,"""Infosys"" OR INFY",The Times of India,PTI,"Puravankara Ltd eyes Rs 2,600 cr revenue from redevelopment of 3 housing societies in Mumbai","Puravankara Ltd will redevelop three housing societies in Mumbai. The realty firm expects a total revenue of Rs 2,600 crore. These projects are located in Bangur Nagar, Goregaon West, Mumbai. They offer a total developable potential of 1.05 million sq ft. Pur…",https://economictimes.indiatimes.com/markets/digital-real-estate/realty-news/puravankara-ltd-eyes-rs-2600-cr-revenue-from-redevelopment-of-3-housing-societies-in-mumbai/articleshow/134312076.cms,"https://img.etimg.com/thumb/msid-134312105,width-1200,height-630,imgsize-17972,overlay-etmarkets/articleshow.jpg","(What's moving Sensex and Nifty Track latest market news, stock tips, Budget 2025, Share Market on Budget 2025 and expert advice, on ETMarkets. Also, ETMarkets.com is now on Telegram. For fastest new… [+330 chars]",2026-09-17T12:24:57Z,2026-09-17,2026-09-22T18:03:32Z
361,INFY.NS,"""Infosys"" OR INFY",The Times of India,Reuters,CoreWeave launches $3 billion convertible debt sale,"CoreWeave is set to secure $3 billion via convertible debt offerings to significantly enhance its artificial intelligence infrastructure. In conjunction with this, they have initiated an at-the-market stock sale program to generate extra capital. This strateg…",https://economictimes.indiatimes.com/markets/us-stocks/news/coreweave-launches-3-billion-convertible-debt-sale/articleshow/134314906.cms,"https://img.etimg.com/thumb/msid-134313838,width-1200,height-630,imgsize-62797,overlay-etmarkets/articleshow.jpg","(What's moving Sensex and Nifty Track latest market news, stock tips, Budget 2025, Share Market on Budget 2025 and expert advice, on ETMarkets. Also, ETMarkets.com is now on Telegram. For fastest new… [+330 chars]",2026-09-17T14:25:28Z,2026-09-17,2026-09-22T18:03:32Z
360,INFY.NS,"""Infosys"" OR INFY",The Times of India,Sharmistha Mukherjee,"India's construction equipment exports to surpass 20,000 units in FY27, driven by global demand","Indian construction equipment exports are set to surpass twenty thousand units this fiscal year. This growth represents a nineteen percent increase from fiscal year twenty twenty-six projections. Demand is strong from Europe, the United States, and Australia.…",https://economictimes.indiatimes.com/news/economy/foreign-trade/indias-construction-equipment-exports-to-surpass-20000-units-in-fy27-driven-by-global-demand/articleshow/134323436.cms,"https://img.etimg.com/thumb/msid-134320688,width-1200,height-630,imgsize-155870,overlay-etmarkets/articleshow.jpg","(What's moving Sensex and Nifty Track latest market news, stock tips, Budget 2025, Share Market on Budget 2025 and expert advice, on ETMarkets. Also, ETMarkets.com is now on Telegram. For fastest new… [+330 chars]",2026-09-17T19:23:43Z,2026-09-18,2026-09-22T18:03:32Z
359,INFY.NS,"""Infosys"" OR INFY",PRNewswire,,"Banorte, led by Carlos Hank Gonzalez, recognized by Global Finance for ""Excellence in Innovation"" and ""Digital Experience"" Across Mexico and Latin America","Banorte was recognized in both, Corporate/Institutional Digital Banking and Consumer Digital Banking categories at regional and national levels. MEXICO CITY, Sept. 17, 2026 /PRNewswire/ -- Global Finance recognized Banorte in the Corporate/Institutional Digit…",https://www.prnewswire.com/news-releases/banorte-led-by-carlos-hank-gonzalez-recognized-by-global-finance-for-excellence-in-innovation-and-digital-experience-across-mexico-and-latin-america-302882628.html,https://mmx.prnewswire.com/media/MS1991066/2026-Best-Digital-Bk-Award.jpg?id=OA2956296&p=facebook,"<ul><li>Banorte was recognized in both, Corporate/Institutional Digital Banking and Consumer Digital Banking categories at regional and national levels.</li></ul>MEXICO CITY, Sept. 17, 2026 /PRNewswi… [+2571 chars]",2026-09-17T20:26:00Z,2026-09-18,2026-09-22T18:03:32Z
358,INFY.NS,"""Infosys"" OR INFY",The Times of India,ET Bureau,"Rupee edges up on RBI support, softer oil prices","The Indian rupee strengthened slightly on Thursday after central bank interventions. Oil prices retreated, which also supported bond yields during the trading day. State-run banks actively sold dollars at weaker levels, influencing the currency's movement. Th…",https://economictimes.indiatimes.com/markets/forex/rupee-edges-up-on-rbi-support-softer-oil-prices/articleshow/134323382.cms,"https://img.etimg.com/thumb/msid-134323389,width-1200,height-630,imgsize-5326611,overlay-etmarkets/articleshow.jpg","(What's moving Sensex and Nifty Track latest market news, stock tips, Budget 2025, Share Market on Budget 2025 and expert advice, on ETMarkets. Also, ETMarkets.com is now on Telegram. For fastest new… [+330 chars]",2026-09-18T00:01:47Z,2026-09-18,2026-09-22T18:03:32Z
357,INFY.NS,"""Infosys"" OR INFY",The Times of India,ET Bureau,Six companies debut on bourses; four deliver premium listings,"On Thursday, six companies entered the stock market. LCC Projects and Karamtara Engineering opened with premiums over their respective issue prices. Meanwhile, Rentomojo and Steamhouse India experienced positive gains on the NSE. The Asset Reconstruction Comp…",https://economictimes.indiatimes.com/markets/stocks/news/six-companies-debut-on-bourses-four-deliver-premium-listings/articleshow/134323853.cms,"https://img.etimg.com/thumb/msid-134323931,width-1200,height-630,imgsize-807871,overlay-etmarkets/articleshow.jpg","(What's moving Sensex and Nifty Track latest market news, stock tips, Budget 2025, Share Market on Budget 2025 and expert advice, on ETMarkets. Also, ETMarkets.com is now on Telegram. For fastest new… [+330 chars]",2026-09-18T02:15:40Z,2026-09-18,2026-09-22T18:03:32Z
356,INFY.NS,"""Infosys"" OR INFY",The Times of India,Reuters,BOJ raises interest rates to 31-year high in widely expected move,"In a significant policy shift, the Bank of Japan has raised interest rates to a 31-year high of 1.25 percent, a widely anticipated decision aimed at curbing inflation. The board's vote was split seven to two, with Toichiro Asada and Ayano Sato expressing diss…",https://economictimes.indiatimes.com/markets/us-stocks/news/boj-raises-interest-rates-to-31-year-high-in-widely-expected-move/articleshow/134324577.cms,"https://img.etimg.com/thumb/msid-134324704,width-1200,height-630,imgsize-140448,overlay-etmarkets/articleshow.jpg","(What's moving Sensex and Nifty Track latest market news, stock tips, Budget 2025, Share Market on Budget 2025 and expert advice, on ETMarkets. Also, ETMarkets.com is now on Telegram. For fastest new… [+330 chars]",2026-09-18T03:04:31Z,2026-09-18,2026-09-22T18:03:32Z
355,INFY.NS,"""Infosys"" OR INFY",The Times of India,ANI,"India must move beyond semiconductor engineering to own products, capture innovation value: Infosys' Vikram Meghal",India should focus on owning entire products and capturing innovation value.  The nation has a unique demand window for global product development.  Opportunities exist in domestic market products and global engineering services.  Medical device consumption a…,https://economictimes.indiatimes.com/industry/cons-products/electronics/india-must-move-beyond-semiconductor-engineering-to-own-products-capture-innovation-value-infosys-vikram-meghal/articleshow/134326203.cms,"https://img.etimg.com/thumb/msid-134326202,width-1200,height-630,imgsize-66926,overlay-economictimes/articleshow.jpg","New Delhi: India needs to move beyond semiconductor engineering and focus on owning entire products and capturing greater innovation value as the country enters a ""once in a generation demand window""… [+2630 chars]",2026-09-18T04:50:23Z,2026-09-18,2026-09-22T18:03:32Z
354,INFY.NS,"""Infosys"" OR INFY",The Times of India,Debaroti Adhikary,"Sensex rises 200 points, Nifty above 23,300 as oil prices cool down. What lies ahead?","Sensex and Nifty traded higher as crude oil prices eased to around $104 per barrel, while mid- and small-cap indices outperformed. Buying was broad-based outside the IT sector, with analysts identifying opportunities in select large-cap stocks despite elevate…",https://economictimes.indiatimes.com/markets/stocks/news/sensex-rises-200-points-nifty-above-23300-as-oil-prices-cool-down-what-lies-ahead/articleshow/134326491.cms,"https://img.etimg.com/thumb/msid-134326595,width-1200,height-630,imgsize-2128125,overlay-etmarkets/articleshow.jpg","The Indian stock market traded higher on Friday morning, with benchmark indices Sensex and Nifty recording gains as oil prices slightly cooled down to $104 per barrel after a sharp rally earlier.Sens… [+3138 chars]",2026-09-18T05:11:23Z,2026-09-18,2026-09-22T18:03:32Z
353,INFY.NS,"""Infosys"" OR INFY",The Times of India,ET Online,"L&T’s chip arm unveils 40 products, debuts first silicon carbide chip for EVs and power systems at SEMICON India 2026","LTSCT unveiled 40 products at SEMICON India 2026, showcasing its new silicon carbide platform for the first time. The company also presented its first fully designed-in-India BLDC motor controller. These innovations span secure identity, surveillance, and pow…",https://economictimes.indiatimes.com/industry/cons-products/electronics/larsen-toubros-chip-arm-unveils-40-products-debuts-first-silicon-carbide-chip-for-evs-and-power-systems-at-semicon-india-2026-lt-share-price/articleshow/134327090.cms,"https://img.etimg.com/thumb/msid-134327179,width-1200,height-630,imgsize-113096,overlay-economictimes/articleshow.jpg","L&amp;T Semiconductor Technologies (LTSCT) on Friday said it has unveiled 40 products at SEMICON India 2026, including its first silicon carbide (SiC) product platform and a fully designed-in-India B… [+3474 chars]",2026-09-18T05:51:53Z,2026-09-18,2026-09-22T18:03:32Z
352,INFY.NS,"""Infosys"" OR INFY",NewsX,Khalid Qasid,"Stock Market Today: Sensex Gains 200 Points, Nifty Crosses 23,300 As Crude Prices Ease","Stock Market Today: Sensex and Nifty opened higher as crude oil prices eased, with Realty gaining and IT stocks dragging amid global market cues.",https://www.newsx.com/business/stock-market-today-sensex-gains-200-points-nifty-crosses-23300-as-crude-prices-ease-273200/,https://www.newsx.com/wp-content/uploads/2026/09/stock-market-today-16.jpg,"116Stock market today: Indian equity markets opened higher on Friday, with the Sensex gaining over 200 points and the Nifty crossing 23,300, as softer crude oil prices and gains across Asian markets … [+3268 chars]",2026-09-18T06:03:15Z,2026-09-18,2026-09-22T18:03:32Z
351,INFY.NS,"""Infosys"" OR INFY",The Times of India,ANI,Semiconductor operations in India 'gaining strong traction' globally: BCG MD Ankush Wadhera,"India is uniquely positioned as a destination to strengthen and diversify global supply chains, Boston Consulting Group (BCG) Managing Director and Partner Ankush Wadhera said, adding that setting up semiconductor operations in the country is gaining strong t…",https://economictimes.indiatimes.com/industry/cons-products/electronics/semiconductor-operations-in-india-gaining-strong-traction-globally-bcg-md-ankush-wadhera/articleshow/134328480.cms,"https://img.etimg.com/thumb/msid-134328479,width-1200,height-630,imgsize-43706,overlay-economictimes/articleshow.jpg","New Delhi [India]: India is uniquely positioned as a destination to strengthen and diversify global supply chains, Boston Consulting Group (BCG) Managing Director and Partner Ankush Wadhera said. He … [+2568 chars]",2026-09-18T06:59:56Z,2026-09-18,2026-09-22T18:03:32Z
350,INFY.NS,"""Infosys"" OR INFY",BusinessLine,Madhu Balaji,"Sensex, Nifty gain as lower oil prices and global cues offset IT, Tata stocks drag","Equity benchmarks traded with marginal gains in the afternoon session on Friday, with lower oil prices and positive global market trends supporting sentiment despite weakness in IT companies and several Tata Group stocks.",https://www.thehindubusinessline.com/markets/sensex-nifty-gain-as-lower-oil-prices-and-global-cues-offset-it-tata-stocks-drag/article71479688.ece,https://bl-i.thgim.com/public/incoming/njo9n0/article71479705.ece/alternates/LANDSCAPE_1200/PO20_Stockmarket_eyeglasses.jpg,"Equity benchmarks traded with marginal gains in the afternoon session on Friday, with lower oil prices and positive global market trends supporting sentiment despite weakness in IT companies and seve… [+1963 chars]",2026-09-18T07:05:12Z,2026-09-18,2026-09-22T18:03:32Z
349,INFY.NS,"""Infosys"" OR INFY",The Times of India,ET Online,"India’s chip strategy: Build sovereign strengths, partner globally, says Vikram Misri at SEMICON 2026","India’s semiconductor self-reliance does not mean building every capability domestically, Foreign Secretary Vikram Misri said at SEMICON India 2026. He said India must develop sovereign strengths in areas such as design, packaging and manufacturing while part…",https://economictimes.indiatimes.com/industry/cons-products/electronics/indias-chip-strategy-build-sovereign-strengths-partner-globally-says-vikram-misri-at-semicon-2026/articleshow/134328912.cms,"https://img.etimg.com/thumb/msid-134329009,width-1200,height-630,imgsize-62266,overlay-economictimes/articleshow.jpg","Indias push for self-reliance in the semiconductor sector does not mean building every part of the supply chain within its borders, but identifying areas where the country needs sovereign capabilitie… [+4014 chars]",2026-09-18T07:22:47Z,2026-09-18,2026-09-22T18:03:32Z
348,INFY.NS,"""Infosys"" OR INFY",BusinessLine,Sanjana B,India can move from ‘engineered in India’ to ‘invent in India’ in semiconductors: Infosys,"India has a “once in a generation” opportunity to move beyond semiconductor engineering and capture a larger share of the global value created through chip and system innovation, according to Vikram Meghal, SVP Engineering, Infosys.",https://www.thehindubusinessline.com/info-tech/india-can-move-from-engineered-in-india-to-invent-in-india-in-semiconductors-infosys/article71479781.ece,https://bl-i.thgim.com/public/incoming/qeqssg/article71479821.ece/alternates/LANDSCAPE_1200/Infosys-Q1FY27-GBVG98UAU.4.jpg.jpg,"India has a once in a generation opportunity to move beyond semiconductor engineering and capture a larger share of the global value created through chip and system innovation, according to Vikram Me… [+3378 chars]",2026-09-18T07:47:35Z,2026-09-18,2026-09-22T18:03:32Z
347,INFY.NS,"""Infosys"" OR INFY",The Times of India,PTI,India has a once-in-a-generation semiconductor demand window: Infosys SVP Vikram Meghal,"India is experiencing a ""once-in-a-generation demand window"" in semiconductors and must shift from ""Engineered in India"" to ""Invent in India,"" according to Infosys Senior Vice President Vikram Meghal at SEMICON India 2026.",https://economictimes.indiatimes.com/industry/cons-products/electronics/india-has-a-once-in-a-generation-semiconductor-demand-window-infosys-svp-vikram-meghal/articleshow/134330984.cms,"https://img.etimg.com/thumb/msid-134331065,width-1200,height-630,imgsize-66926,overlay-economictimes/articleshow.jpg","New Delhi: India is witnessing a ""once-in-a-generation demand window"" in the semiconductor market and must transition from ""Engineered in India"" to ""Invent in India"" by taking ownership of complete s… [+2243 chars]",2026-09-18T09:22:31Z,2026-09-18,2026-09-22T18:03:32Z
346,INFY.NS,"""Infosys"" OR INFY",Business Standard,Press Trust of India,India has a once-in-a-generation semiconductor demand window: Infosys SVP,"India is witnessing a ""once-in-a-generation demand window"" in the semiconductor market and must transition from ""Engineered in India"" to ""Invent in India"" by taking ownership of complete systems and products, Infosys Senior Vice President Vikram Meghal said o…",https://www.business-standard.com/industry/news/india-has-a-once-in-a-generation-semiconductor-demand-window-infosys-svp-126091800620_1.html,https://bsmedia.business-standard.com/_media/bs/img/article/2025-10/23/thumb/fitandfill/1200X628/1761238984-0622.jpg,"India is witnessing a ""once-in-a-generation demand window"" in the semiconductor market and must transition from ""Engineered in India"" to ""Invent in India"" by taking ownership of complete systems and … [+2154 chars]",2026-09-18T09:31:03Z,2026-09-18,2026-09-22T18:03:32Z
345,INFY.NS,"""Infosys"" OR INFY",The Times of India,PTI,India has a once-in-a-generation semiconductor demand window: Infosys SVP,"Speaking at SEMICON India 2026, Meghal said the traditional semiconductor pipeline is breaking amid massive shifts driven by artificial intelligence (AI), geopolitical supply chain challenges, and a transition from Moore's Law towards system-level scaling.",https://economictimes.indiatimes.com/tech/technology/india-has-a-once-in-a-generation-semiconductor-demand-window-infosys-svp/articleshow/134331149.cms,"https://img.etimg.com/thumb/width-1200,height-900,imgsize-66926,resizemode-75,msid-134331149/tech/technology/india-has-a-once-in-a-generation-semiconductor-demand-window-infosys-svp.jpg","India is witnessing a ""once-in-a-generation demand window"" in the semiconductor market and must transition from ""Engineered in India"" to ""Invent in India"" by taking ownership of complete systems and … [+1981 chars]",2026-09-18T09:33:33Z,2026-09-18,2026-09-22T18:03:32Z
344,INFY.NS,"""Infosys"" OR INFY",ABC News (AU),Matthew Ward Agius and Sharne Wakefield,Adelaide workers expected to bear brunt of Bendigo Bank cuts,"A union says 137 workers at the Bendigo and Adelaide Bank are slated for redundancy as part of an ongoing restructure, but the company says its plans are ""yet to be finalised"".",https://www.abc.net.au/news/2026-09-18/bendigo-bank-to-cut-137-jobs-union-says/107170670,https://live-production.wcms.abc-cdn.net.au/95b631c60685778128265e4d506648d7?impolicy=wcms_watermark_news&cropH=1688&cropW=3000&xPos=0&yPos=156&width=862&height=485&imformat=generic,"A union says 137 workers at the Bendigo and Adelaide Bank are slated for redundancy as part of an ongoing company restructure, but the company says its plans are ""yet to be finalised"".
They would fo… [+1830 chars]",2026-09-18T09:40:46Z,2026-09-18,2026-09-22T18:03:32Z
343,INFY.NS,"""Infosys"" OR INFY",BusinessLine,"Team BL, KS Badri Narayanan",Sensex today | Stock Market Highlights: Sensex slips but Nifty gains 75 points by closing as easing crude offers relief,"Sensex, Nifty, Share Prices Highlights: Indian benchmark indices ended mixed on Friday, with the Nifty 50 gaining over 75 points while the Sensex closed marginally lower, as easing crude oil prices provided some relief to domestic equities.",https://www.thehindubusinessline.com/markets/sensex-nifty50-today-stock-market-highlights-18th-september-2026/article71477821.ece,https://bl-i.thgim.com/public/incoming/fsw9oo/article71477827.ece/alternates/LANDSCAPE_1200/stock%20market%20graph.jpg,"<li></li>
September 18, 2026 16:05Rupee slips 0.3% on-week, traders reckon line in sand near 96/$ will hold
Rupee slips 0.3% on-week, traders reckon line in sand near 96/$ will hold
The rupee ende… [+59238 chars]",2026-09-18T10:48:57Z,2026-09-18,2026-09-22T18:03:32Z
342,INFY.NS,"""Infosys"" OR INFY",The Times of India,PTI,"SC judges to visit NTA office, say institutional strengthening needed to curb NEET paper leaks",Supreme Court judges will visit NTA facilities to examine system upgrades. The National Testing Agency has overhauled its entire mechanism to prevent paper leaks. A high-powered panel is suggesting structural reforms for competitive examinations. The governme…,https://economictimes.indiatimes.com/news/india/sc-judges-to-visit-nta-office-say-institutional-strengthening-needed-to-curb-neet-paper-leaks/articleshow/134333963.cms,"https://img.etimg.com/thumb/msid-134334189,width-1200,height-630,imgsize-150686,overlay-economictimes/articleshow.jpg","New Delhi: Highlighting the need to institutionally strengthen the system to prevent recurring NEET paper leaks, the Supreme Court on Friday unusually indicated that the judges of the bench may perso… [+5465 chars]",2026-09-18T11:41:31Z,2026-09-18,2026-09-22T18:03:32Z
341,INFY.NS,"""Infosys"" OR INFY",PRNewswire,,Virtusa Announces Srinivas BG as New Chairman of the Board,"SOUTHBOROUGH, Mass., Sept. 18, 2026 /PRNewswire/ -- Virtusa Corporation today announced the appointment of Srinivas BG as its new Chairman of the Board of Directors, effective October 1st, 2026. Srinivas BG brings over 40 years of global business leadership e…",https://www.prnewswire.com/news-releases/virtusa-announces-srinivas-bg-as-new-chairman-of-the-board-302882321.html,https://mmx.prnewswire.com/media/MS1022381/virtusa-logo-Logo.jpg?id=OA2953302&p=facebook,"SOUTHBOROUGH, Mass., Sept. 18, 2026 /PRNewswire/ -- Virtusa Corporation today announced the appointment of Srinivas BG as its new Chairman of the Board of Directors, effective October 1st, 2026.
Sri… [+3063 chars]",2026-09-18T12:00:00Z,2026-09-18,2026-09-22T18:03:32Z
340,INFY.NS,"""Infosys"" OR INFY",BusinessLine,,Galgotias University Honoured by Union Minister Dr Mansukh Mandaviya for Excellence in Industry-Aligned Curriculum and Entrepreneurship Ecosystem at Times Now Education Summit 2026,Galgotias University Honoured by Union Minister Dr Mansukh Mandaviya for Excellence in Industry-Aligned Curriculum and Entrepreneurship Ecosystem at Times Now Education Summit 2026,https://www.thehindubusinessline.com/brandhub/pr-release/galgotias-university-honoured-by-union-minister-dr-mansukh-mandaviya-for-excellence-in-industry-aligned-curriculum-and-entrepreneurship-ecosystem-at-times-now-education-summit-2026/article71476440.ece,https://th-i.thgim.com/public/incoming/lgfn0x/article71476435.ece/alternates/LANDSCAPE_1200/Award%20Picture.jpeg,"New Delhi, Delhi, India --- Business Wire India 
Galgotias University was honoured for Excellence in Industry-Aligned Curriculum &amp; Student Entrepreneurship Ecosystem at the Times Now Education S… [+5526 chars]",2026-09-18T12:05:53Z,2026-09-18,2026-09-22T18:03:32Z
339,INFY.NS,"""Infosys"" OR INFY",The Times of India,Reuters,"Fed hike, RBI moves hand India bonds a fifth weekly loss","Indian government bonds have fallen for five consecutive weeks.  A Federal Reserve rate hike and RBI liquidity measures emboldened bond market bears.  Global yields reached multi-decade peaks, and the Fed raised rates by twenty-five basis points.  The Reserve…",https://economictimes.indiatimes.com/markets/bonds/fed-hike-rbi-moves-hand-india-bonds-a-fifth-weekly-loss/articleshow/134335309.cms,"https://img.etimg.com/thumb/msid-134335374,width-1200,height-630,imgsize-121016,overlay-etmarkets/articleshow.jpg","(What's moving Sensex and Nifty Track latest market news, stock tips, Budget 2025, Share Market on Budget 2025 and expert advice, on ETMarkets. Also, ETMarkets.com is now on Telegram. For fastest new… [+330 chars]",2026-09-18T12:23:29Z,2026-09-18,2026-09-22T18:03:32Z
338,INFY.NS,"""Infosys"" OR INFY",Business Standard,Bhavini Mishra,SC seeks progress report from Nilekani panel on competitive exam reforms,"The Supreme Court also indicated it could visit the NTA headquarters to assess its functioning, infrastructure, manpower and systems put in place for examinations",https://www.business-standard.com/india-news/sc-seeks-progress-report-from-nilekani-panel-on-competitive-exam-reforms-126091801014_1.html,https://bsmedia.business-standard.com/_media/bs/img/article/2026-03/11/thumb/fitandfill/1200X628/1773252989-6366.jpg,"The Supreme Court also indicated it could visit the NTA headquarters to assess its functioning, infrastructure, manpower and systems put in place for examinations
Supreme Court
Bhavini MishraNew De… [+3344 chars]",2026-09-18T12:32:34Z,2026-09-18,2026-09-22T18:03:32Z
337,INFY.NS,"""Infosys"" OR INFY",BusinessLine,Krishnadas Rajagopal,Shift to computer-based NEET-UG 2027 still under active consideration: Govt to SC,Government considers shifting NEET-UG 2027 to a computer-based format amid Supreme Court scrutiny and recent exam paper leaks.,https://www.thehindubusinessline.com/news/shift-to-computer-based-neet-ug-2027-still-under-active-consideration-govt-to-sc/article71481209.ece,https://bl-i.thgim.com/public/incoming/7ti270/article71481245.ece/alternates/LANDSCAPE_1200/IMG_Suprem_Court_3_1_KGGCRNVB.jpg,"After the question paper leaks and with NEET-UG 2027 just months away, the Centre told the Supreme Court on Friday that a switch to computer-based mode is still under active consideration and somethi… [+4583 chars]",2026-09-18T13:55:26Z,2026-09-18,2026-09-22T18:03:32Z
336,INFY.NS,"""Infosys"" OR INFY",SiliconANGLE News,Robert Hof,"For AI agents, it’s the best of times, it’s the worst of times","And in a desperate attempt to turn a cliche into a sharper analogy to today’s AI era, let’s complete the rest of Charles Dickens’ first line in “A Tale of Two Cities,” which honestly does kind of fit: “… it was the age of wisdom, it was the age of foolishness…",https://siliconangle.com/2026/09/18/for-ai-agents-its-the-best-of-times-its-the-worst-of-times/,https://images.siliconangle.com/blogs.dir/1/files/2026/09/aiagentsbestandworst-scaled.jpeg,"And in a desperate attempt to turn a cliche into a sharper analogy to today’s AI era, let’s complete the rest of Charles Dickens’ first line in “A Tale of Two Cities,” which honestly does kind of fit… [+12416 chars]",2026-09-18T14:00:35Z,2026-09-18,2026-09-22T18:03:32Z
335,INFY.NS,"""Infosys"" OR INFY",PRNewswire,,Document AI Market worth $35.34 billion by 2031 - Report by MarketsandMarkets™,"DELRAY BEACH, Fla., Sept. 18, 2026 /PRNewswire/ -- According to MarketsandMarkets™, the Document AI Market is projected to grow from USD 17.51 billion in 2026 to USD 35.34 billion by 2031, at a CAGR of 15.1%. Browse 350 market data Tables and 59 Figures sprea…",https://www.prnewswire.com/news-releases/document-ai-market-worth-35-34-billion-by-2031--report-by-marketsandmarkets-302883038.html,https://mmx.prnewswire.com/media/MS1173081/MarketsandMarkets-Logo.jpg?id=OA2957000&p=facebook,"DELRAY BEACH, Fla., Sept. 18, 2026 /PRNewswire/ -- According to MarketsandMarkets, the Document AI Market is projected to grow from USD 17.51 billion in 2026 to USD 35.34 billion by 2031, at a CAGR o… [+14553 chars]",2026-09-18T14:15:00Z,2026-09-18,2026-09-22T18:03:32Z
334,INFY.NS,"""Infosys"" OR INFY",Business Standard,Shilpa Rangarajan,Tata Group market capitalisation stumbles amid Noel Tata comments,"TCS led the decline, erasing ₹30,754 crore in market value, while shares of Tata Chemicals, Tata Technologies and Tata Elxsi also fell sharply on Friday amid the row",https://www.business-standard.com/markets/news/tata-group-market-capitalisation-stumbles-amid-noel-tata-comments-126091801263_1.html,https://bsmedia.business-standard.com/_media/bs/img/article/2026-09/13/thumb/fitandfill/1200X628/1789323114-4238.jpg,"TCS led the decline, erasing 30,754 crore in market value, while shares of Tata Chemicals, Tata Technologies and Tata Elxsi also fell sharply on Friday amid the row
Shilpa RangarajanMumbai2 min read… [+2150 chars]",2026-09-18T14:58:37Z,2026-09-18,2026-09-22T18:03:32Z
333,INFY.NS,"""Infosys"" OR INFY",The Times of India,Bloomberg,"Investor sentiment plunges to 16-month low, AAII survey shows","Investor sentiment fell to its lowest level since May 2025, according to the latest AAII survey. Bearish investors rose to 53.3%, while bullish sentiment dropped to 28.8%. The bull-bear spread fell to -24.5%, as elevated oil prices, a Fed rate hike and market…",https://economictimes.indiatimes.com/markets/us-stocks/news/investor-sentiment-plunges-to-16-month-low-aaii-survey-shows/articleshow/134342784.cms,"https://img.etimg.com/thumb/msid-134342815,width-1200,height-630,imgsize-92302,overlay-etmarkets/articleshow.jpg","(What's moving Sensex and Nifty Track latest market news, stock tips, Budget 2025, Share Market on Budget 2025 and expert advice, on ETMarkets. Also, ETMarkets.com is now on Telegram. For fastest new… [+330 chars]",2026-09-18T18:48:28Z,2026-09-19,2026-09-22T18:03:32Z
332,INFY.NS,"""Infosys"" OR INFY",Amazon.com,Kareem Syed-Mohammed,Amazon SageMaker Inference: 2026 year-to-date launches in review,"Amazon SageMaker AI shipped 13 inference launches in the first half of 2026 across two deployment paths: fully managed endpoints and Amazon SageMaker HyperPod Inference. This post reviews each launch, from inference recommendations and capacity-aware instance…",https://aws.amazon.com/blogs/machine-learning/amazon-sagemaker-inference-2026-year-to-date-launches-in-review/,https://d2908q01vomqb2.cloudfront.net/f1f836cb4ea6efb2a0b1b99f41ad8b103eff4b59/2026/09/18/ML-21809-featured-image-1.png,"Generative AI inference is uniquely hard: models are tens to hundreds of gigabytes, latency requirements are measured in tokens per second, cold starts can span multiple minutes as containers and wei… [+27639 chars]",2026-09-18T20:52:14Z,2026-09-19,2026-09-22T18:03:32Z
331,INFY.NS,"""Infosys"" OR INFY",The Times of India,Shilpy Sinha,"SP Group seeks 3-6 months to repay Rs 3,500 crore bond",Shapoorji Pallonji Group is negotiating with lenders for a bond repayment extension.  The group seeks three to six months to continue its debt refinancing plans.  Proceeds from July financing were expected to cover the maturity.  SP Group's dollar bond has ga…,https://economictimes.indiatimes.com/markets/bonds/sp-group-seeks-3-6-months-to-repay-rs-3500-crore-bond/articleshow/134347411.cms,"https://img.etimg.com/thumb/msid-134347416,width-1200,height-630,imgsize-20354,overlay-etmarkets/articleshow.jpg","(What's moving Sensex and Nifty Track latest market news, stock tips, Budget 2025, Share Market on Budget 2025 and expert advice, on ETMarkets. Also, ETMarkets.com is now on Telegram. For fastest new… [+330 chars]",2026-09-19T03:59:48Z,2026-09-19,2026-09-22T18:03:32Z
330,INFY.NS,"""Infosys"" OR INFY",The Times of India,ET Bureau,MCX glitch leaves traders unable to view positions,"On Friday, traders faced significant challenges due to a delay in end-of-day trade files from MCX, which hindered their ability to see positions and average prices on brokerage platforms. This situation led to an outcry on social media as traders were unable …",https://economictimes.indiatimes.com/markets/commodities/news/mcx-glitch-leaves-traders-unable-to-view-positions/articleshow/134347438.cms,"https://img.etimg.com/thumb/msid-134347563,width-1200,height-630,imgsize-1917418,overlay-etmarkets/articleshow.jpg","(What's moving Sensex and Nifty Track latest market news, stock tips, Budget 2025, Share Market on Budget 2025 and expert advice, on ETMarkets. Also, ETMarkets.com is now on Telegram. For fastest new… [+330 chars]",2026-09-19T04:04:16Z,2026-09-19,2026-09-22T18:03:32Z
329,INFY.NS,"""Infosys"" OR INFY",The Times of India,ET Bureau,India's forex reserves drop by $4.9 billion,"India's foreign exchange reserves faced a considerable downturn last week, plunging by $4.9 billion to a total of $780.7 billion. This decrease was influenced by lower valuations of gold reserves and a drop in foreign currency assets. To counteract rupee depr…",https://economictimes.indiatimes.com/markets/forex/forex-news/indias-forex-reserves-drop-by-4-9-billion/articleshow/134347449.cms,"https://img.etimg.com/thumb/msid-134347584,width-1200,height-630,imgsize-2227586,overlay-etmarkets/articleshow.jpg","(What's moving Sensex and Nifty Track latest market news, stock tips, Budget 2025, Share Market on Budget 2025 and expert advice, on ETMarkets. Also, ETMarkets.com is now on Telegram. For fastest new… [+330 chars]",2026-09-19T04:07:15Z,2026-09-19,2026-09-22T18:03:32Z
328,INFY.NS,"""Infosys"" OR INFY",The Times of India,ET Bureau,"Rupee snaps losing streak on RBI support, oil retreat","On Friday, the Indian rupee managed to break its losing streak, thanks to active dollar sales by the Reserve Bank of India and a decrease in oil prices. The currency closed at 95.87, reflecting a minor uptick from its previous closing value. Nevertheless, the…",https://economictimes.indiatimes.com/markets/forex/forex-news/rupee-snaps-losing-streak-on-rbi-support-oil-retreat/articleshow/134347574.cms,"https://img.etimg.com/thumb/msid-134347630,width-1200,height-630,imgsize-2277665,overlay-etmarkets/articleshow.jpg","(What's moving Sensex and Nifty Track latest market news, stock tips, Budget 2025, Share Market on Budget 2025 and expert advice, on ETMarkets. Also, ETMarkets.com is now on Telegram. For fastest new… [+330 chars]",2026-09-19T04:11:56Z,2026-09-19,2026-09-22T18:03:32Z
327,INFY.NS,"""Infosys"" OR INFY",The Times of India,ET Online,Blackstone came close to giving up on India; now it calls the country its best bet,"Blackstone’s early India push struggled to gain traction, but a shift towards control stakes and sectors such as IT services, real estate and manufacturing has since made India its best-performing private equity market globally. President Jon Gray says the co…",https://economictimes.indiatimes.com/news/company/corporate-trends/blackstone-came-close-to-giving-up-on-india-now-it-calls-the-country-its-best-bet/articleshow/134348001.cms,"https://img.etimg.com/thumb/msid-134348039,width-1200,height-630,imgsize-225994,overlay-economictimes/articleshow.jpg","Blackstone Inc.s India strategy began with uncertainty and stalled during the global financial crisis. Two decades later, India has delivered the investment firms highest private equity returns world… [+2218 chars]",2026-09-19T04:58:06Z,2026-09-19,2026-09-22T18:03:32Z
326,INFY.NS,"""Infosys"" OR INFY",The Times of India,ET CONTRIBUTORS,Crude Oil Above $100: Can Saudi Arabia’s export disruption trigger a new global energy shock?,"Crude oil has crossed $100 a barrel as Saudi Arabia faces disruptions to its alternative export route following attacks on the East-West Pipeline. Prolonged outages could tighten global supplies, raise prices and increase risks for oil-importing economies suc…",https://economictimes.indiatimes.com/markets/commodities/news/crude-oil-above-100-can-saudi-arabias-export-disruption-trigger-a-new-global-energy-shock/articleshow/134349488.cms,"https://img.etimg.com/thumb/msid-134349608,width-1200,height-630,imgsize-2590941,overlay-etmarkets/articleshow.jpg","(What's moving Sensex and Nifty Track latest market news, stock tips, Budget 2025, Share Market on Budget 2025 and expert advice, on ETMarkets. Also, ETMarkets.com is now on Telegram. For fastest new… [+330 chars]",2026-09-19T06:58:34Z,2026-09-19,2026-09-22T18:03:32Z
325,INFY.NS,"""Infosys"" OR INFY",Pypi.org,,kadeconsole added to PyPI,Bloomberg-terminal-style equity research console powered by yfinance and Jev AI,https://pypi.org/project/kadeconsole/,,"A Bloomberg-terminal-style equity research console free, open-source, and AI-powered.
CONSOLE v0.1.0
Bloomberg terminals cost ~$24k/year. kadeConsole is free. It gives you the muscle-memory command… [+2944 chars]",2026-09-19T07:31:43Z,2026-09-19,2026-09-22T18:03:32Z
324,INFY.NS,"""Infosys"" OR INFY",Livemint,list.metadata.agency,Blackstone sees India nearing tipping point for foreign capital,"India's human capital combined &nbsp;with American financial capital can conquer the entire world, Blackstone President Jon Gray says.",https://www.livemint.com/companies/people/blackstone-sees-india-nearing-tipping-point-for-foreign-capital-11789813536602.html,https://www.livemint.com/lm-img/img/2026/09/19/1600x900/logo/Jon_Gray_1789813637302_OrdF_1789813637501_xQek_7c757c7a-12b4-4182-947a-c91497f35fbf_AtA6.jpg,"As Jon Gray recalls it, Blackstone Inc.s first foray into India started slowly and then ran into headwinds during the global financial crisis.
We had sort of a skeleton crew. We didnt really have a … [+3038 chars]",2026-09-19T10:33:09Z,2026-09-19,2026-09-22T18:03:32Z
323,INFY.NS,"""Infosys"" OR INFY",BusinessLine,& BL Research Bureau,"Nifty, Sensex & FDs: The Great Indian Bull Market Paradox","Nifty and Sensex trailed SBI and Post Office deposits over three years, while 56% of stocks failed to beat the fixed-income hurdle.",https://www.thehindubusinessline.com/portfolio/great-indian-bull-market-paradox-nifty-sensex-fd-returns/article71484146.ece,https://bl-i.thgim.com/public/incoming/1k2w06/article71485636.ece/alternates/LANDSCAPE_1200/IMG_PO15_Bull_stock_2_1_IVDNH2BJ.jpg,"The ongoing bull market, now 2,370 days old, is the longest-running in India, yet it may not feel so for many who entered Dalal Street for the first time in recent years. For years, stock market inve… [+5304 chars]",2026-09-19T16:05:19Z,2026-09-19,2026-09-22T18:03:32Z
322,INFY.NS,"""Infosys"" OR INFY",Yahoo Entertainment,Maham Fatima,Infosys (INFY) Lands a Brake Maker as Growth Stays in Low Gear,"On August 18, Infosys (NYSE:INFY) announced a long-term deal to manage the enterprise software behind Knorr-Bremse AG, a maker of braking systems for rail an...",https://finance.yahoo.com/technology/ai/articles/infosys-infy-lands-brake-maker-194747627.html,https://s.yimg.com/lo/mysterio/api/1d184e09aa89bdfefef4e542c2b60f5df25a757678e62f6f66076c7f70547536/lightyear_networkapi/resizefill_w1200%3Bquality_80%3Bformat_webp/https%3A%2F%2Fmedia.zenfs.com%2Fen%2Finsidermonkey.com%2Fd06ab2c9c4f3a2f7b4f855a6680c8aa2.jpg,"On August 18, Infosys (NYSE:INFY) announced a long-term deal to manage the enterprise software behind Knorr-Bremse AG, a maker of braking systems for rail and commercial vehicles. The work stretches … [+3737 chars]",2026-09-19T19:47:47Z,2026-09-20,2026-09-22T18:03:32Z
321,INFY.NS,"""Infosys"" OR INFY",Biztoc.com,finance.yahoo.com,Lands a Brake Maker as Growth Stays in Low Gear,"On August 18, Infosys (NYSE:INFY) announced a long-term deal to manage the enterprise software behind Knorr-Bremse AG, a maker of braking systems for rail and commercial vehicles. The work stretches from ERP and data platforms to engineering and product lifec…",https://biztoc.com/x/c04a0a2dd668f7f8,https://biztoc.com/cdn/c04a0a2dd668f7f8_s.webp,"On August 18, Infosys (NYSE:INFY) announced a long-term deal to manage the enterprise software behind Knorr-Bremse AG, a maker of braking systems for rail and commercial vehicles. The work stretches … [+149 chars]",2026-09-19T20:03:45Z,2026-09-20,2026-09-22T18:03:32Z
320,INFY.NS,"""Infosys"" OR INFY",The Times of India,Debaroti Adhikary,Ahead of Market: 10 things that will decide stock market action on Monday,"Indian equities extended their recovery, with Nifty gaining 0.33% as moderation in crude and global yields supported sentiment. Sensex slipped 0.03%, while broader markets outperformed. Here are 10 key factors that could influence Friday’s market action.",https://economictimes.indiatimes.com/markets/stocks/news/ahead-of-market-10-things-that-will-decide-stock-market-action-on-monday/articleshow/134367341.cms,"https://img.etimg.com/thumb/msid-134367376,width-1200,height-630,imgsize-105340,overlay-etmarkets/articleshow.jpg","The Indian stock market saw divergence in its benchmark indices for the second consecutive session, with Sensex closing in the red and Nifty in the green following sharp swings during the closing auc… [+4828 chars]",2026-09-20T11:18:48Z,2026-09-20,2026-09-22T18:03:32Z
319,INFY.NS,"""Infosys"" OR INFY",The Times of India,Reena Zachariah,"India Inc, individuals could soon get to settle fund diversion cases","India's Securities and Exchange Board of India (Sebi) is considering a novel approach to address fund siphoning cases. Offenders would return misappropriated funds along with interest, while also disclosing relevant details. This initiative aims to create a m…",https://economictimes.indiatimes.com/news/company/corporate-trends/india-inc-individuals-could-soon-get-to-settle-fund-diversion-cases/articleshow/134377339.cms,"https://img.etimg.com/thumb/msid-134374939,width-1200,height-630,imgsize-678249,overlay-etmarkets/articleshow.jpg","(What's moving Sensex and Nifty Track latest market news, stock tips, Budget 2025, Share Market on Budget 2025 and expert advice, on ETMarkets. Also, ETMarkets.com is now on Telegram. For fastest new… [+330 chars]",2026-09-20T19:50:02Z,2026-09-21,2026-09-22T18:03:32Z
318,INFY.NS,"""Infosys"" OR INFY",The Times of India,Bloomberg,EM local bonds gain favour as dollar debt lags,Current trends indicate that investors are leaning towards local emerging market debt rather than dollar-denominated bonds. The allure of attractive valuations combined with ongoing carry trades fuels this shift in strategy. Fund inflows and performance metri…,https://economictimes.indiatimes.com/markets/bonds/em-local-bonds-gain-favour-as-dollar-debt-lags/articleshow/134377150.cms,"https://img.etimg.com/thumb/msid-134377154,width-1200,height-630,imgsize-107776,overlay-etmarkets/articleshow.jpg","(What's moving Sensex and Nifty Track latest market news, stock tips, Budget 2025, Share Market on Budget 2025 and expert advice, on ETMarkets. Also, ETMarkets.com is now on Telegram. For fastest new… [+330 chars]",2026-09-20T23:24:23Z,2026-09-21,2026-09-22T18:03:32Z
317,INFY.NS,"""Infosys"" OR INFY",The Times of India,Ravindra Sonavane,"IPO rush continues: 20 issues to raise over Rs 4,152 crore this week","Investors can look forward to a bustling week as seven mainboard and thirteen SME IPOs roll out for subscription. Together, these offerings project a hefty fundraising target of approximately ₹4,152 crore. Elevate Campuses' significant ₹2,100 crore IPO is pos…",https://economictimes.indiatimes.com/markets/ipos/fpos/ipo-rush-continues-20-issues-to-raise-over-rs-4152-crore-this-week/articleshow/134377158.cms,"https://img.etimg.com/thumb/msid-134377175,width-1200,height-630,imgsize-57026,overlay-etmarkets/articleshow.jpg","(What's moving Sensex and Nifty Track latest market news, stock tips, Budget 2025, Share Market on Budget 2025 and expert advice, on ETMarkets. Also, ETMarkets.com is now on Telegram. For fastest new… [+330 chars]",2026-09-20T23:35:21Z,2026-09-21,2026-09-22T18:03:32Z
316,INFY.NS,"""Infosys"" OR INFY",Livemint,Jas Bardia,"Coforge, Hexaware help clients manage AI token tab","AI adoption is running ahead of budgets, with some businesses using up a year’s tokens in months or even days. That is forcing IT firms such as Coforge and Hexaware to find cost-effective ways to run AI, and rethink how they price it for clients.",https://www.livemint.com/industry/infotech/ai-business-of-indian-it-companies-coforge-hexaware-technologies-11789905897871.html,https://www.livemint.com/lm-img/img/2026/09/20/1600x900/logo/GLOBAL-AI-ECONOMY-0_1783943335934_1783943424442_348c6332-1b31-4f2c-8442-e51bfc7597a1_1789912854743_7iH3_68daf083-6fa7-4ffc-970b-345b0772238d_MREg.JPG,"While India's seventh-largest IT firm Coforge is helping clients manage AI token consumption by using certain AI models fit for specific tasks, Hexaware's each new proposal now carries a token-based … [+5710 chars]",2026-09-21T00:15:53Z,2026-09-21,2026-09-22T18:03:32Z
315,INFY.NS,"""Infosys"" OR INFY",Livemint,Jas Bardia,Mitrankur Majumdar takes over Infosys CEO designate's old shoes,"Infosys has appointed Mitrankur Majumdar to lead its $2.7 billion Services, Utilities, Resources and Energy business, replacing CEO-designate Ashiss Kumar Dash, in a move signalling continuity and stability.",https://www.livemint.com/companies/news/mitrankur-majumdar-takes-over-infosys-ceo-designates-old-shoes-11789896399307.html,https://www.livemint.com/lm-img/img/2026/09/20/1600x900/logo/mitrankur-majumdar_1789918636159_9MiA_1789918641293_tgbD_1d9f3b54-a491-45e7-90c0-866711a4d7c9_bIkB.jpeg,This marks the first major organisational change in the countrys second-largest information technology (IT) services firm since it announced Dash as its chief executive officer (CEO) designate on 23 … [+3971 chars],2026-09-21T00:30:53Z,2026-09-21,2026-09-22T18:03:32Z
314,INFY.NS,"""Infosys"" OR INFY",The Times of India,Bloomberg,Jane Street bets big on leveraged ETF swaps,Jane Street Group has entered the leveraged ETF swap market this year.  They provided about $1.2 billion in swaps during the second quarter.  This move increases competition in a specialized derivatives market.  Clear Street and Marex Group also hold signific…,https://economictimes.indiatimes.com/markets/us-stocks/news/jane-street-bets-big-on-leveraged-etf-swaps/articleshow/134377456.cms,"https://img.etimg.com/thumb/msid-134377469,width-1200,height-630,imgsize-88702,overlay-etmarkets/articleshow.jpg","(What's moving Sensex and Nifty Track latest market news, stock tips, Budget 2025, Share Market on Budget 2025 and expert advice, on ETMarkets. Also, ETMarkets.com is now on Telegram. For fastest new… [+330 chars]",2026-09-21T00:56:38Z,2026-09-21,2026-09-22T18:03:32Z
313,INFY.NS,"""Infosys"" OR INFY",The Times of India,The Times Of India,"Stock market today: Sensex gains 564 points; Nifty settles above 23,400","Asian markets edged higher, led by technology and chip stocks, while oil prices eased on expectations of a recovery in Saudi crude shipments despite",https://timesofindia.indiatimes.com/business/india-business/sensex-stock-market-today-21-september-2026-live-updates-nse-bse-gift-nifty-50-top-gainers-losers-mcx-stocks-in-focus-market-news/liveblog/134379143.cms,"https://static.toiimg.com/thumb/msid-134379143,width-1280,height-720,imgsize-214368,resizemode-6,overlay-toi_sw,pt-32,y_pad-600/photo.jpg","Market benchmark indices Sensex and Nifty climbed in early trade on Monday amid cooling crude oil prices, fresh foreign fund inflows and a positive trend in Asian equities.
The 30-share BSE Sensex j… [+652 chars]",2026-09-21T03:34:43Z,2026-09-21,2026-09-22T18:03:32Z
312,INFY.NS,"""Infosys"" OR INFY",The Times of India,Debaroti Adhikary,"Sensex jumps 400 points, Nifty nears 23,400 as oil prices cool down despite Middle East tensions. What lies ahead?","Indian equities gained in early trade as lower crude prices lifted sentiment, with Sensex rising 0.6% and Nifty 0.2%. Analysts expect volatility to persist amid geopolitical risks, elevated yields and sectoral rotation.",https://economictimes.indiatimes.com/markets/stocks/news/sensex-jumps-400-points-nifty-nears-23400-as-oil-prices-cool-down-despite-middle-east-tensions-what-lies-ahead/articleshow/134380591.cms,"https://img.etimg.com/thumb/msid-134380641,width-1200,height-630,imgsize-234612,overlay-etmarkets/articleshow.jpg","The Indian stock market traded on a positive note, with Sensex rising more than 0.6% while Nifty recorded 0.2% gains as both benchmark indices closed in on the divergence seen in the previous few ses… [+3431 chars]",2026-09-21T05:20:09Z,2026-09-21,2026-09-22T18:03:32Z
311,INFY.NS,"""Infosys"" OR INFY",BusinessLine,cuelive,Apurva.ai Evolves Apurva LENS from an Organisational Product to a Platform for the Development Ecosystem,Apurva.ai Evolves Apurva LENS from an Organisational Product to a Platform for the Development Ecosystem,https://www.thehindubusinessline.com/brandhub/pr-release/apurva-ai-evolves-apurva-lens-from-an-organisational-product-to-a-platform-for-the-development-ecosystem/article71490316.ece,https://bl-i.thgim.com/public/incoming/poy32q/article71490314.ece/alternates/LANDSCAPE_1200/cec-logo-full-color-cmyk-900px-w-300ppi.jpg,"BENGALURU, India , Sept. 21, 2026 /PRNewswire/ -- Apurva.ai , an AI-enabled public-good digital infrastructure working with over 50 global organisations, today announced a new platform model for Apur… [+8811 chars]",2026-09-21T06:00:23Z,2026-09-21,2026-09-22T18:03:32Z
310,INFY.NS,"""Infosys"" OR INFY",The Times of India,Debaroti Adhikary,"OFSS shares tumble 7%; Wipro, Coforge, Infosys shares down up to 2%. Why are IT stocks under pressure today?","Shares of OFSS fell over 7% while top IT stocks including Infosys, Wipro, and Coforge dropped up to 2% on Monday. The drag comes following reports of Oracle's $18 billion data centre debt pressure and US President Donald Trump extending the $100,000 H-1B visa…",https://economictimes.indiatimes.com/markets/stocks/news/ofss-shares-tumble-7-wipro-coforge-infosys-shares-down-up-to-2-why-are-it-stocks-under-pressure-today/articleshow/134381888.cms,"https://img.etimg.com/thumb/msid-134381994,width-1200,height-630,imgsize-2223338,overlay-etmarkets/articleshow.jpg","The shares of Oracle Financial Services Software (OFSS) tumbled more than 7%, while those of Wipro, Coforge, Infosys and other IT companies dropped up to 2% despite the overall positive market sentim… [+4163 chars]",2026-09-21T06:22:19Z,2026-09-21,2026-09-22T18:03:32Z
309,INFY.NS,"""Infosys"" OR INFY",Business Standard,Saloni Goel,"Nifty's 6-week losing run: 9 stocks fall 10-14%; 6 defy trend, add ₹73K cr","Bogged down by crude oil prices trading above $100, the Nifty 50 index has lost 5 per cent during the six-week selloff, which is also its longest since 2020.",https://www.business-standard.com/markets/news/nifty-s-6-week-losing-run-9-stocks-fall-10-14-6-defy-trend-add-73k-cr-126092100326_1.html,https://bsmedia.business-standard.com/_media/bs/img/article/2026-07/12/thumb/fitandfill/1200X628/1783878541-5305.jpg,"Bogged down by crude oil prices trading above $100, the Nifty 50 index has lost 5 per cent during the six-week selloff, which is also its longest since 2020.
Illustration: Ajaya Mohanty
Saloni Goel… [+3376 chars]",2026-09-21T07:00:28Z,2026-09-21,2026-09-22T18:03:32Z
308,INFY.NS,"""Infosys"" OR INFY",Rediff.com,Nandita Malik,"Indian Stock Markets Gain: Sensex, Nifty Up on Lower Crude Prices, FII Inflows","Indian benchmark indices, Sensex and Nifty, saw gains in early trade, driven by a notable drop in crude oil prices and renewed buying interest from Foreign Institutional Investors (FIIs).",https://www.rediff.com/business/report/indian-stock-markets-gain-on-september21-sensex-nifty-up-on-lower-crude-prices-fii-inflows/20260921.htm,https://im.rediff.com/1200-630/money/2020/sep/10broker3.jpg,"Indian stock markets, including the Sensex and Nifty, experienced an upward trend in early trading, buoyed by a significant drop in global crude oil prices and a resurgence of foreign fund inflows.
… [+2112 chars]",2026-09-21T07:35:09Z,2026-09-21,2026-09-22T18:03:32Z
307,INFY.NS,"""Infosys"" OR INFY",The Times of India,Anupam Nagar,Global Market: SoftBank launches $10 billion bonds to fund OpenAI investment,"SoftBank Group is raising $11 billion through dollar- and euro-denominated bonds to fund its $10 billion investment in OpenAI, replacing bridge financing and adding debt across multiple maturities.",https://economictimes.indiatimes.com/markets/us-stocks/wall-street-guide/global-market-softbank-launches-10-billion-bonds-to-fund-openai-investment/articleshow/134383971.cms,"https://img.etimg.com/thumb/msid-134384046,width-1200,height-630,imgsize-48586,overlay-etmarkets/articleshow.jpg","(What's moving Sensex and Nifty Track latest market news, stock tips, Budget 2025, Share Market on Budget 2025 and expert advice, on ETMarkets. Also, ETMarkets.com is now on Telegram. For fastest new… [+330 chars]",2026-09-21T07:59:45Z,2026-09-21,2026-09-22T18:03:32Z
306,INFY.NS,"""Infosys"" OR INFY",ANI News,,Apurva.ai Evolves Apurva LENS from an Organisational Product to a Platform for the Development Ecosystem,"Bengaluru (Karnataka) [India], September 21: Apurva.ai, an AI-enabled public-good digital infrastructure working with over 50 global organisations, today announced a new platform model for Apurva LENS, extending it from a product that helps individual organis…",https://www.aninews.in/news/business/apurvaai-evolves-apurva-lens-from-an-organisational-product-to-a-platform-for-the-development-ecosystem20260921112843,https://d3lzcn6mbbadaf.cloudfront.net/media/details/__sized__/ANI-20260921055834-thumbnail-320x180-70.jpg,"PRNewswireBengaluru (Karnataka) [India], September 21: Apurva.ai, an AI-enabled public-good digital infrastructure working with over 50 global organisations, today announced a new platform model for … [+8853 chars]",2026-09-21T08:52:16Z,2026-09-21,2026-09-22T18:03:32Z
305,INFY.NS,"""Infosys"" OR INFY",BusinessLine,"Team BL, KS Badri Narayanan","Sensex today | Stock Market Highlights: Sensex rises 564 pts, Nifty closes at 23,414; Rupee ends at 95.81 in subdued trade","Sensex, Nifty, Stock Price Highlights: Indian shares edged higher on Monday, ​aided by bargain-buying following recent losses, while elevated crude prices ‌and heightened primary market activity limited the gains.",https://www.thehindubusinessline.com/markets/sensex-nifty50-today-stock-market-highlights-21st-september-2026/article71488721.ece,https://bl-i.thgim.com/public/incoming/wlus8d/article71487917.ece/alternates/LANDSCAPE_1200/PO20_Stockmarket_eyeglasses.jpg,"<li></li>
September 21, 2026 16:05This live blog is closed for the day.
<li></li>
September 21, 2026 16:04Julius Baer appoints Jayesh Kothari as Chief Human Resources Officer as it accelerates gro… [+77950 chars]",2026-09-21T10:38:06Z,2026-09-21,2026-09-22T18:03:32Z
304,INFY.NS,"""Infosys"" OR INFY",BusinessLine,BL Research Bureau,"Day Trading Guide for September 22, 2026: Intraday supports, resistances for Nifty50 stocks","Day Trading Guide gives you the key intraday supports and resistances to watch out for on the Nifty Futures and other widely traded stocks such as Reliance Industries, Infosys, HDFC Bank, TCS, SBI",https://www.thehindubusinessline.com/portfolio/day-trading-guide/day-trading-guide-for-september-22/article71491357.ece,https://bl-i.thgim.com/public/incoming/qezet7/article71491435.ece/alternates/LANDSCAPE_1200/PO16_Rising_chart.jpg,"Day Trading Guide gives you the key intraday supports and resistances to watch out for on the Nifty Futures and other widely traded stocks such as Reliance Industries, Infosys, HDFC Bank, TCS, SBI. B… [+2335 chars]",2026-09-21T13:17:27Z,2026-09-21,2026-09-22T18:03:32Z
303,INFY.NS,"""Infosys"" OR INFY",The Times of India,Reuters,"US stocks: Wall St opens higher as AI stocks advance, oil slides","US stocks opened higher as AI shares rallied, Treasury yields retreated and oil fell to an 11-day low.",https://economictimes.indiatimes.com/markets/us-stocks/wall-street-guide/us-stocks-wall-st-opens-higher-as-ai-stocks-advance-oil-slides/articleshow/134391246.cms,"https://img.etimg.com/thumb/msid-134391317,width-1200,height-630,imgsize-66554,overlay-etmarkets/articleshow.jpg","(What's moving Sensex and Nifty Track latest market news, stock tips, Budget 2025, Share Market on Budget 2025 and expert advice, on ETMarkets. Also, ETMarkets.com is now on Telegram. For fastest new… [+330 chars]",2026-09-21T13:50:07Z,2026-09-21,2026-09-22T18:03:32Z
302,INFY.NS,"""Infosys"" OR INFY",BusinessLine,Jyoti Banthia,Catamaran sharpens focus on growth-stage manufacturing bets,"Catamaran shifts focus to growth-stage manufacturing investments, targeting global competitiveness in India's supply chain and precision manufacturing.",https://www.thehindubusinessline.com/companies/catamaran-sharpens-focus-on-growth-stage-manufacturing-bets/article71491888.ece,https://bl-i.thgim.com/public/incoming/n0uwsj/article71492017.ece/alternates/LANDSCAPE_1200/WhatsApp%20Image%202026-09-21%20at%207.09.53%20PM.jpeg,"Catamaran, the family investment office of Infosys Co-Founder N R Narayana Murthy, is sharpening its focus on growth-stage manufacturing and supply-chain businesses, betting on patient capital to sup… [+2648 chars]",2026-09-21T13:59:47Z,2026-09-21,2026-09-22T18:03:32Z
301,INFY.NS,"""Infosys"" OR INFY",The Times of India,ETMarkets.com,Chicago Fed President Goolsbee rejects calls for Fed rate cuts to ease US debt burden,"Chicago Fed President Austan Goolsbee rejected calls for interest-rate cuts to ease the US government’s debt burden, warning that such a move could fuel inflation and raise borrowing costs. He said the debate reinforces the importance of Federal Reserve indep…",https://economictimes.indiatimes.com/markets/us-stocks/wall-street-guide/chicago-fed-president-goolsbee-rejects-calls-for-fed-rate-cuts-to-ease-us-debt-burden/articleshow/134391617.cms,"https://img.etimg.com/thumb/msid-134391617,width-1200,height-630,imgsize-3243203,overlay-etmarkets/articleshow.jpg","(What's moving Sensex and Nifty Track latest market news, stock tips, Budget 2025, Share Market on Budget 2025 and expert advice, on ETMarkets. Also, ETMarkets.com is now on Telegram. For fastest new… [+330 chars]",2026-09-21T14:15:45Z,2026-09-21,2026-09-22T18:03:32Z
300,INFY.NS,"""Infosys"" OR INFY",The Times of India,Reuters,"Smart ring maker Oura, shareholders look to raise up to $2.2 billion in US IPO",Smart ring maker Oura plans to raise up to $2.2 billion in its US initial public offering. Eli Lilly and Dragoneer have indicated interest in purchasing shares in the offering. Oura and some existing investors will sell 50 million shares priced between $40 an…,https://economictimes.indiatimes.com/markets/us-stocks/news/smart-ring-maker-oura-shareholders-look-to-raise-up-to-2-2-billion-in-us-ipo/articleshow/134393012.cms,"https://img.etimg.com/thumb/msid-134393036,width-1200,height-630,imgsize-39404,overlay-etmarkets/articleshow.jpg","(What's moving Sensex and Nifty Track latest market news, stock tips, Budget 2025, Share Market on Budget 2025 and expert advice, on ETMarkets. Also, ETMarkets.com is now on Telegram. For fastest new… [+330 chars]",2026-09-21T15:44:45Z,2026-09-21,2026-09-22T18:03:32Z
299,INFY.NS,"""Infosys"" OR INFY",The Times of India,Atmadip Ray,"Rupee gains for third day as crude eases, but volatility persists","The rupee strengthened for a third straight session to 95.8150 against the dollar as Brent crude eased to $101.5 a barrel. However, dollar outflows, importer demand and geopolitical tensions limited gains, with analysts expecting continued volatility amid Mid…",https://economictimes.indiatimes.com/markets/forex/forex-news/rupee-gains-for-third-day-as-crude-eases-but-volatility-persists/articleshow/134393258.cms,"https://img.etimg.com/thumb/msid-134393302,width-1200,height-630,imgsize-59456,overlay-etmarkets/articleshow.jpg","(What's moving Sensex and Nifty Track latest market news, stock tips, Budget 2025, Share Market on Budget 2025 and expert advice, on ETMarkets. Also, ETMarkets.com is now on Telegram. For fastest new… [+330 chars]",2026-09-21T16:04:39Z,2026-09-21,2026-09-22T18:03:32Z
98,RELIANCE.NS,"""Reliance Industries"" OR RELIANCE",Financial Post,GlobeNewswire,Pecoy Copper Announces Upgrade to OTCQX Best Market,"VANCOUVER, British Columbia, Sept. 21, 2026 (GLOBE NEWSWIRE) — Pecoy Copper Corp. (“Pecoy Copper” or the “Company”) (TSXV: PCU; FSE: D5E; OTCQX: PCUUF) is pleased to announce that its common shares have been approved for trading on the OTCQX® Best Market (the…",https://financialpost.com/globe-newswire/pecoy-copper-announces-upgrade-to-otcqx-best-market,,"VANCOUVER, British Columbia, Sept. 21, 2026 (GLOBE NEWSWIRE) Pecoy Copper Corp. (Pecoy Copper or the Company) (TSXV: PCU; FSE: D5E; OTCQX: PCUUF) is pleased to announce that its common shares have be… [+6024 chars]",2026-09-21T10:17:46Z,2026-09-21,2026-09-22T18:03:30Z
97,RELIANCE.NS,"""Reliance Industries"" OR RELIANCE",Fortune,Jim Edwards,Money-losing Nscale’s $35 billion IPO includes a $3 billion deal with Nvidia and ‘going concern’ worries,Everything you need to know before you reach the office this morning.,https://fortune.com/2026/09/21/nscale-35-billion-ipo-nvidia-going-concern/,"https://fortune.com/img-assets/wp-content/uploads/2026/05/Nscale-16444140-e1789986151293.jpg?resize=1200,600","ONE BIG THING
A peek inside loss-making Nscales $35 billion IPO
Nscale, the AI data center provider, filed IPO papers with the SEC late Friday, and the S-1 contains some eye-popping numbers. The co… [+6939 chars]",2026-09-21T10:25:56Z,2026-09-21,2026-09-22T18:03:30Z
95,RELIANCE.NS,"""Reliance Industries"" OR RELIANCE",PRNewswire,,"Sunshine Silver Mining & Refining Expands Silver Valley Land Position by 60% to Approximately 38,000 Acres and Initiates Multi-Year, 45,000-Meter District-Scale Exploration Program","KELLOGG, Idaho, Sept. 21, 2026 /PRNewswire/ -- Sunshine Silver Mining & Refining Company (the ""Company"" or ""Sunshine"") (NYSE:SSMR), a mining company advancing the next chapter of American silver, today announced the expansion of its consolidated mineral right…",https://www.prnewswire.com/news-releases/sunshine-silver-mining--refining-expands-silver-valley-land-position-by-60-to-approximately-38-000-acres-and-initiates-multi-year-45-000-meter-district-scale-exploration-program-302884603.html,https://mmx.prnewswire.com/media/MS1992238/Map-Figure-2.jpg?id=OA2959333&p=facebook,"Furthermore, the Company is also initiating a multi-year, 45,000-meter surface exploration drilling program across its expanded land position. The program will initially target three drill-ready area… [+6769 chars]",2026-09-21T10:30:00Z,2026-09-21,2026-09-22T18:03:30Z
96,RELIANCE.NS,"""Reliance Industries"" OR RELIANCE",PRNewswire,,ORVANA ANNOUNCES NEW STRATEGIC THREE-TIERED EXPLORATION PROGRAM FOR ITS TAGUAS PROJECT IN ARGENTINA,"TSX: ORV OTCQX: ORVMF And Participation in the Precious Metals Summit and Mining Forum Americas 2026 TORONTO, Sept. 21, 2026 /PRNewswire/ -- Orvana Minerals Corp. (TSX: ORV) (OTCQX: ORVMF) (the ""Company"" or ""Orvana"") is pleased to provide an overview of its p…",https://www.prnewswire.com/news-releases/orvana-announces-new-strategic-three-tiered-exploration-program-for-its-taguas-project-in-argentina-302884191.html,https://mmx.prnewswire.com/media/MS1992224/Orvana-Minerals-Corp-ORVANA-ANNOUNCES-NEW-STRATEGIC-THREE-TIERE.jpg?id=OA2959276&p=facebook,"TSX: ORVOTCQX: ORVMF
And Participation in the Precious Metals Summit and Mining Forum Americas 2026
TORONTO, Sept. 21, 2026 /PRNewswire/ -- Orvana Minerals Corp. (TSX: ORV) (OTCQX: ORVMF) (the ""Com… [+15899 chars]",2026-09-21T10:30:00Z,2026-09-21,2026-09-22T18:03:30Z
94,RELIANCE.NS,"""Reliance Industries"" OR RELIANCE",Crypto Briefing,Editorial Team,"Currency swaps market seeks to automate trading, reduce phone reliance","Automation in FX swaps could enhance transparency, efficiency, and risk management, aligning with regulatory demands and market evolution.
The post Currency swaps market seeks to automate trading, reduce phone reliance appeared first on Crypto Briefing.",https://cryptobriefing.com/fx-swaps-market-automation-trading/,https://static.cryptobriefing.com/wp-content/uploads/2026/09/21063013/library-currency-swaps-market-seeks-to-automate-trading-reduce-p-800x450.png,"The $4 trillion-a-day FX swaps market is finally dragging itself into the electronic age, with multiple platforms launching automation tools in 2025 Somewhere in the world’s largest financial market,… [+4272 chars]",2026-09-21T10:30:16Z,2026-09-21,2026-09-22T18:03:30Z
93,RELIANCE.NS,"""Reliance Industries"" OR RELIANCE",BusinessLine,"Team BL, KS Badri Narayanan","Sensex today | Stock Market Highlights: Sensex rises 564 pts, Nifty closes at 23,414; Rupee ends at 95.81 in subdued trade","Sensex, Nifty, Stock Price Highlights: Indian shares edged higher on Monday, ​aided by bargain-buying following recent losses, while elevated crude prices ‌and heightened primary market activity limited the gains.",https://www.thehindubusinessline.com/markets/sensex-nifty50-today-stock-market-highlights-21st-september-2026/article71488721.ece,https://bl-i.thgim.com/public/incoming/wlus8d/article71487917.ece/alternates/LANDSCAPE_1200/PO20_Stockmarket_eyeglasses.jpg,"<li></li>
September 21, 2026 16:05This live blog is closed for the day.
<li></li>
September 21, 2026 16:04Julius Baer appoints Jayesh Kothari as Chief Human Resources Officer as it accelerates gro… [+77950 chars]",2026-09-21T10:38:06Z,2026-09-21,2026-09-22T18:03:30Z
92,RELIANCE.NS,"""Reliance Industries"" OR RELIANCE",Antaranews.com,"Putu Indah Savitri, Yashinta Difa",Indonesia prepares E50 bioethanol roadmap to end gasoline imports,Energy and Mineral Resources (ESDM) Minister Bahlil Lahadalia stated that Indonesia can eliminate finished gasoline imports once the country successfully ...,https://en.antaranews.com/news/432143/indonesia-prepares-e50-bioethanol-roadmap-to-end-gasoline-imports,https://cdn.antaranews.com/cache/1200x800/2026/09/21/IMG_9496.jpg,Jakarta (ANTARA) - Energy and Mineral Resources (ESDM) Minister Bahlil Lahadalia stated that Indonesia can eliminate finished gasoline imports once the country successfully rolls out an E50 bioethano… [+1932 chars],2026-09-21T10:58:19Z,2026-09-21,2026-09-22T18:03:30Z
91,RELIANCE.NS,"""Reliance Industries"" OR RELIANCE",Financial Post,GlobeNewswire,Methanex Announces US$300 Million Partial 2027 Note Redemption,"VANCOUVER, British Columbia, Sept. 21, 2026 (GLOBE NEWSWIRE) — Methanex Corporation (the “Company” or “Methanex”) (TSX: MX) (Nasdaq: MEOH) announced today that it has issued a notice of partial redemption for US$300 million of its outstanding 5.125% senior no…",https://financialpost.com/globe-newswire/methanex-announces-us300-million-partial-2027-note-redemption,,"VANCOUVER, British Columbia, Sept. 21, 2026 (GLOBE NEWSWIRE) Methanex Corporation (the Company or Methanex) (TSX: MX) (Nasdaq: MEOH) announced today that it has issued a notice of partial redemption … [+4864 chars]",2026-09-21T10:58:33Z,2026-09-21,2026-09-22T18:03:30Z
89,RELIANCE.NS,"""Reliance Industries"" OR RELIANCE",PRNewswire,,enCore Energy Engages North Star Investor Relations and Provides Update on Distribution of Verdera Common Shares to its Shareholders,"DALLAS, Sept. 21, 2026 /PRNewswire/ -- enCore Energy Corp. (NASDAQ, TSXV: EU) (the ""Company"" or ""enCore""), America's Clean Energy Company™, announced today that the Company has engaged North Star Investor Relations Inc. (""North Star"") to provide investor rela…",https://www.prnewswire.com/news-releases/encore-energy-engages-north-star-investor-relations-and-provides-update-on-distribution-of-verdera-common-shares-to-its-shareholders-302884085.html,https://mmx.prnewswire.com/media/MS1474030/enCore-Energy-Corp-enCore-Energy-Engages-North-Star-Investor-Re.jpg?id=OA2958352&p=facebook,"DALLAS, Sept. 21, 2026 /PRNewswire/ -- enCore Energy Corp. (NASDAQ, TSXV: EU) (the ""Company"" or ""enCore""), America's Clean Energy Company, announced today that the Company has engaged North Star Inve… [+6412 chars]",2026-09-21T11:00:00Z,2026-09-21,2026-09-22T18:03:30Z
90,RELIANCE.NS,"""Reliance Industries"" OR RELIANCE",PRNewswire,,"FDA Grants Priority Review to Insmed's sNDA for ARIKAYCE® (amikacin liposome inhalation suspension) for Treatment of MAC Lung Disease With PDUFA Target Action Date Set for January 28, 2027","—sNDA Under Review for Full Approval Is Based on Positive Results From Phase 3b ENCORE Study— —Full Approval Could Bring ARIKAYCE to Patients Earlier in Their Disease Course and Would Fulfill Post-Marketing Requirement From FDA— BRIDGEWATER, N.J., Sept. 21, 2…",https://www.prnewswire.com/news-releases/fda-grants-priority-review-to-insmeds-snda-for-arikayce-amikacin-liposome-inhalation-suspension-for-treatment-of-mac-lung-disease-with-pdufa-target-action-date-set-for-january-28-2027-302884017.html,https://mmx.prnewswire.com/media/MS1109455/Insmed-Incorporated-Logo.jpg?id=OA2958737&p=facebook,"sNDA Under Review for Full Approval Is Based on Positive Results From Phase 3b ENCORE Study
Full Approval Could Bring ARIKAYCE to Patients Earlier in Their Disease Course and Would Fulfill Post-Mark… [+20768 chars]",2026-09-21T11:00:00Z,2026-09-21,2026-09-22T18:03:30Z
88,RELIANCE.NS,"""Reliance Industries"" OR RELIANCE",Crypto Briefing,Editorial Team,DeepSeek plans major Huawei Ascend chip deployment at Inner Mongolia data center,"DeepSeek's shift to Huawei chips highlights China's growing self-reliance in AI tech, challenging US dominance and reshaping global supply chains.
The post DeepSeek plans major Huawei Ascend chip deployment at Inner Mongolia data center appeared first on Cryp…",https://cryptobriefing.com/deepseek-huawei-ai-training-chips/,https://static.cryptobriefing.com/wp-content/uploads/2020/12/02092245/link-bull-1024x538.jpg,"China's most prominent AI lab is preparing to deploy Huawei's Ascend processors at massive scale, accelerating the country's push away from Nvidia dependence DeepSeek, the Hangzhou-based AI lab that … [+3249 chars]",2026-09-21T11:12:07Z,2026-09-21,2026-09-22T18:03:30Z
86,RELIANCE.NS,"""Reliance Industries"" OR RELIANCE",PRNewswire,,"DeFi Technologies' Subsidiary Valour Launches Valour Funds SPC, a New Business Line, and Introduces Its First Hedge Fund, Smart Crypto Fund SP, Powered by Neuronomics' Proprietary AI Strategy","Valour launches Valour Funds SPC, a new business line expanding its offering beyond exchange traded products into actively managed digital asset investment strategies. Smart Crypto Fund SP is its first hedge fund, providing professional and qualified investor…",https://www.prnewswire.com/news-releases/defi-technologies-subsidiary-valour-launches-valour-funds-spc-a-new-business-line-and-introduces-its-first-hedge-fund-smart-crypto-fund-sp-powered-by-neuronomics-proprietary-ai-strategy-302884444.html,https://mmx.prnewswire.com/media/MS1596609/DeFi-Technologies-Inc-DeFi-Technologies-Subsidiary-Valour-Laun.jpg?id=OA2959720&p=facebook,"<ul><li>Valour launches Valour Funds SPC, a new business line expanding its offering beyond exchange traded products into actively managed digital asset investment strategies. </li><li>Smart Crypto F… [+10100 chars]",2026-09-21T11:30:00Z,2026-09-21,2026-09-22T18:03:30Z
87,RELIANCE.NS,"""Reliance Industries"" OR RELIANCE",PRNewswire,,A2GOLD INTERSECTS 141.10 G/T GOLD OVER 0.9 METRES AT SHALLOW DEPTH AT CASTLE AND DEFINES HIGH-GRADE STRUCTURAL TARGETS,"HIGHEST-GRADE GOLD ASSAY REPORTED TO DATE AT EASTSIDE; RESULTS SUPPORT EMERGING STRUCTURAL MODEL FOR HIGHER-GRADE GOLD MINERALIZATION TONOPAH, Nev., Sept. 21, 2026 /PRNewswire/ -- A2Gold Corp. (""A2Gold"" or the ""Company"") (TSXV: AUAU) (OTCQX: AUXXF) (FRA: RR7)…",https://www.prnewswire.com/news-releases/a2gold-intersects-141-10-gt-gold-over-0-9-metres-at-shallow-depth-at-castle-and-defines-high-grade-structural-targets-302883874.html,https://mmx.prnewswire.com/media/MS1992020/A2-Gold-Corp-A2GOLD-INTERSECTS-141-10-G-T-GOLD-OVER-0-9-METRES-A.jpg?id=OA2958889&p=facebook,"The results represent an important advancement in A2Gold's geological interpretation of Castle. In addition to the broad mineralized envelope that hosts the existing Castle resource, core drilling ha… [+18384 chars]",2026-09-21T11:30:00Z,2026-09-21,2026-09-22T18:03:30Z
85,RELIANCE.NS,"""Reliance Industries"" OR RELIANCE",Business Standard,Capital Market,"Sensex, Nifty gain as falling crude and heavyweight buying lift sentiment","The Nifty opened at 23,330.20 and slipped to an intraday low of 23,314.80 in early trade. The index recovered steadily through the morning session, crossed 23,400 and touched an intraday high of 23,466.80 in mid-afternoon trade. It pared some gains thereafter…",https://www.business-standard.com/markets/capital-market-news/sensex-nifty-gain-as-falling-crude-and-heavyweight-buying-lift-sentiment-126092100824_1.html,https://www.business-standard.com/assets/web-assets/images/Business_Standard_1_685x385.jpg,"The key equity benchmarks ended higher on Monday, supported by easing crude oil prices and renewed buying in heavyweight stocks. The Nifty closed above the 23,400 level. Sectorally, pharma, FMCG and … [+9128 chars]",2026-09-21T11:34:12Z,2026-09-21,2026-09-22T18:03:30Z
84,RELIANCE.NS,"""Reliance Industries"" OR RELIANCE",Financial Post,Business Wire,Almonty’s Sangdong Processing Plant Receives Final Operational Certification — Phase I is Now Commercially Operational,"Mining facility inspection certificates issued September 17, 2026 authorize Almonty to commercially operate the Sangdong processing plant and crushing facilities and commence sales of tungsten concentrate DILLON, Mont. — Almonty Industries Inc. (“Almonty” or …",https://financialpost.com/pmn/business-wire-news-releases-pmn/almontys-sangdong-processing-plant-receives-final-operational-certification-phase-i-is-now-commercially-operational,,"Mining facility inspection certificates issued September 17, 2026 authorize Almonty to commercially operate the Sangdong processing plant and crushing facilities and commence sales of tungsten concen… [+8927 chars]",2026-09-21T11:34:36Z,2026-09-21,2026-09-22T18:03:30Z
83,RELIANCE.NS,"""Reliance Industries"" OR RELIANCE",Financial Post,GlobeNewswire,"SalesCloser Technologies Announces DTC Eligibility, Enabling Electronic Settlement of Trades in the United States","Common shares are now eligible for electronic clearing and settlement in the United States through The Depository Trust Company, simplifying the process of trading and enhancing liquidity of the Company’s shares in the United States Vancouver, BC, Sept. 21, 2…",https://financialpost.com/globe-newswire/salescloser-technologies-announces-dtc-eligibility-enabling-electronic-settlement-of-trades-in-the-united-states,,"Corporate ContactAdrian Lim, CFOEmail: investors@salescloser.aiPhone: 778 655 4329
Investor Relations ContactArx Investor RelationsNorth American Equities DeskSCAI@arxhq.com
Forward-Looking Stateme… [+4402 chars]",2026-09-21T11:35:42Z,2026-09-21,2026-09-22T18:03:30Z
82,RELIANCE.NS,"""Reliance Industries"" OR RELIANCE",Financial Post,GlobeNewswire,Helus Pharma Presents New Analyses on HLP003 in Major Depressive Disorder at Psych Congress 2026,"Poster presentations further characterize clinical profile of HLP003 and  Phase 3 PARADIGM program evaluating HLP003 as a potential adjunctive treatmentfor major depressive disorder (“MDD”) NEW YORK and TORONTO, Sept. 21, 2026 (GLOBE NEWSWIRE) — Helus Pharma …",https://financialpost.com/globe-newswire/helus-pharma-presents-new-analyses-on-hlp003-in-major-depressive-disorder-at-psych-congress-2026,,"The Company operates in Canada, the United States, the United Kingdom, and Ireland. For Company updates and to learn more about Helus Pharma, visit www.helus.com or follow the team on X, LinkedIn, Yo… [+4576 chars]",2026-09-21T11:36:22Z,2026-09-21,2026-09-22T18:03:30Z
81,RELIANCE.NS,"""Reliance Industries"" OR RELIANCE",USA Today,"Glenn Erby , Ravens Wire","Ravens snap counts vs. Saints: Breakdown, analysis from 24-17 loss",Breaking down the Ravens’ snap counts and playing-time percentages from their disappointing Week 2 loss to the Saints,https://ravenswire.usatoday.com/story/sports/nfl/ravens/2026/09/21/ravens-snap-counts-playing-time-week-2-saints/91870075007/,https://s.yimg.com/lo/mysterio/api/8853cca142fe5ad14795b1bbefb6b3036b2e0bcd49b4f93ea566bf9b12fa8e0c/lightyear_networkapi/resizefill_w1200%3Bquality_80%3Bformat_webp/https%3A%2F%2Fmedia.zenfs.com%2Fen%2Fbaltimore_ravens_wire_usa_today_sports_articles_532%2F1ce1726836222d5b17aaa0ec80d50c5a.jpg,"The Baltimore Ravens continued to use deep rotations on both sides of the football during their Week 2 loss to the New Orleans Saints. Lamar Jackson played all 58 offensive snaps, joining guards John… [+1798 chars]",2026-09-21T11:43:02Z,2026-09-21,2026-09-22T18:03:30Z
80,RELIANCE.NS,"""Reliance Industries"" OR RELIANCE",Crypto Briefing,Editorial Team,Broadcom CEO Hock Tan reaffirms AI revenue targets amid market concerns,"Broadcom's AI revenue confidence highlights the market's reliance on sustained inference demand, despite broader AI development caution.
The post Broadcom CEO Hock Tan reaffirms AI revenue targets amid market concerns appeared first on Crypto Briefing.",https://cryptobriefing.com/broadcom-ceo-reaffirms-ai-revenue-targets/,https://static.cryptobriefing.com/wp-content/uploads/2020/12/02092245/link-bull-1024x538.jpg,Tan told CNBC the company's $115 billion and $230 billion AI revenue targets for fiscal 2027 and 2028 remain firmly intact despite a broad selloff in AI infrastructure stocks Wall Street spent the we… [+3587 chars],2026-09-21T11:44:11Z,2026-09-21,2026-09-22T18:03:30Z
79,RELIANCE.NS,"""Reliance Industries"" OR RELIANCE",Financial Post,Business Wire,Dream Unlimited Corp. Renews Normal Course Issuer Bid and Announces Automatic Securities Purchase Plan,This press release contains forward-looking information that is based upon assumptions and is subject to risks and uncertainties as indicated in the cautionary note contained within this press release. TORONTO — Dream Unlimited Corp. (TSX: DRM) (“Dream”) anno…,https://financialpost.com/pmn/business-wire-news-releases-pmn/dream-unlimited-corp-renews-normal-course-issuer-bid-and-announces-automatic-securities-purchase-plan-7,,This press release contains forward-looking information that is based upon assumptions and is subject to risks and uncertainties as indicated in the cautionary note contained within this press releas… [+9045 chars],2026-09-21T11:52:56Z,2026-09-21,2026-09-22T18:03:30Z
78,RELIANCE.NS,"""Reliance Industries"" OR RELIANCE",Business Standard,Sudheer Pal Singh,Jodhpur's export logistics gains speed with 'Furniture Express',"Furniture Express has moved over 2,100 containers from Jodhpur to Mundra Port through 36 trains, helping Rajasthan exporters cut logistics costs and improve container availability",https://www.business-standard.com/industry/news/jodhpur-s-export-logistics-gains-speed-with-furniture-express-126092100872_1.html,https://bsmedia.business-standard.com/_media/bs/img/article/2026-09/08/thumb/fitandfill/1200X628/1788889388-8544.jpg,Exporters in Rajasthan are reaping significant business benefits from Furniture Express  a dedicated rail service for exporting local handicraft and furniture. According to an official from the indus… [+2438 chars],2026-09-21T11:57:34Z,2026-09-21,2026-09-22T18:03:30Z
76,RELIANCE.NS,"""Reliance Industries"" OR RELIANCE",Globalsecurity.org,John Pike,Sacred Defense shaped Iran's path toward self-reliance: Deputy defense minister,"Iran's Acting Defense Minister Brigadier General Majid Ibn al-Reza has said the eight-year Sacred Defense was more than a historical period of resistance, describing it as a school of experience, self-confidence, sacrifice and responsibility that shaped the c…",https://www.globalsecurity.org/wmd/library/news/iran/2026/09/iran-260921-irna03.htm,,"IRNA - Islamic Republic News Agency
Sep 21, 2026, 3:25 PMNews ID: 86270193
Tehran, IRNA -- Iran's Acting Defense Minister Brigadier General Majid Ibn al-Reza has said the eight-year Sacred Defense … [+1724 chars]",2026-09-21T12:00:00Z,2026-09-21,2026-09-22T18:03:30Z
77,RELIANCE.NS,"""Reliance Industries"" OR RELIANCE",Globalsecurity.org,John Pike,Army chief vows decisive response to any aggression,The Commander-in-Chief of the Army Major General Amir Hatami has said any aggression against the security and territorial integrity of Iran will face a decisive and regret-inducing response.,https://www.globalsecurity.org/wmd/library/news/iran/2026/09/iran-260921-irna02.htm,,"IRNA - Islamic Republic News Agency
Sep 21, 2026, 4:33 PMNews ID: 86270252
Tehran, IRNA -- The Commander-in-Chief of the Army Major General Amir Hatami has said any aggression against the security … [+1599 chars]",2026-09-21T12:00:00Z,2026-09-21,2026-09-22T18:03:30Z
75,RELIANCE.NS,"""Reliance Industries"" OR RELIANCE",Hubspot.com,Anna Rubkiewicz,CRM security: Protecting your customer data,"CRM security has never been more important — and customer data has never been more exposed. Every new integration, remote employee, and AI-powered workflow creates a potential entry point, making data protection a growing priority for organizations that rely …",https://blog.hubspot.com/sales/crm-security,https://53.fs1.hubspotusercontent-na1.net/hubfs/53/crm-security-1-20260911-4033835.webp,"CRM security has never been more important and customer data has never been more exposed. Every new integration, remote employee, and AI-powered workflow creates a potential entry point, making data … [+22500 chars]",2026-09-21T12:00:03Z,2026-09-21,2026-09-22T18:03:30Z
74,RELIANCE.NS,"""Reliance Industries"" OR RELIANCE",24/7 Wall St.,Vandita Jadeja,Prediction: Lucid Stock Could Double in 12 Months,"Lucid has lost most of its value over the past year, but a new CEO, a Saudi factory, and a robotaxi deal with Bolt and Uber are rewriting the story. Our prop...",https://247wallst.com/investing/2026/09/21/prediction-lucid-could-double-in-12-months/,https://s.yimg.com/lo/mysterio/api/689f599110c098c98eb570a6623932ba85381fa0fe0fb0316263309bbb4cadfb/lightyear_networkapi/resizefill_w1200%3Bquality_80%3Bformat_webp/https%3A%2F%2Fmedia.zenfs.com%2Fen%2F24_7_wall_st__718%2Fc738bb628f3200429d65bfe5a9151717.jpg,"Quick Read
<ul><li>LCID is down 80% in a year, but our BUY target of $8.78 implies 115% upside on robotaxi deals and Saudi AMP-2 factory output.
</li><li>Tesla's 152x forward P/E rests on autonomy;… [+5312 chars]",2026-09-21T12:00:11Z,2026-09-21,2026-09-22T18:03:30Z
73,RELIANCE.NS,"""Reliance Industries"" OR RELIANCE",AZCentral,"Theo Mackie, Arizona Republic",5 key takeaways from Cardinals historic loss to Seahawks,"The Arizona Cardinals entered Week 2 full of optimism. In a 31-7 loss to the Seattle Seahawks, they instead got a deflating return to reality.",https://www.azcentral.com/story/sports/nfl/cardinals/2026/09/21/5-key-takeaways-as-cardinals-humiliated-by-seahawks/91868187007/,https://s.yimg.com/lo/mysterio/api/75f45988f4e786d7b5583bb9547fee6c5370b58637b52b9ea06987bc027de3a7/lightyear_networkapi/resizefill_w1200%3Bquality_80%3Bformat_webp/https%3A%2F%2Fmedia.zenfs.com%2Fen%2Fazcentral-the-arizona-republic%2F10971666f94069635e407443d3f28b8c.jpg,"How bad was the Arizona Cardinals' loss to the Seattle Seahawks in Week 2?
Try this on for size.
On Oct. 11, 1987, the then-St. Louis Cardinals trotted out a group of replacement players amid the N… [+7850 chars]",2026-09-21T12:02:29Z,2026-09-21,2026-09-22T18:03:30Z
72,RELIANCE.NS,"""Reliance Industries"" OR RELIANCE",Financial Post,Pamela Heaven,Posthaste: Canada is killing it attracting this foreign investment — even without Carney’s summit,"Behind the scenes, billions of dollars have already been flowing into the country at a record pace, say strategists.  Read more",https://financialpost.com/news/canada-killing-it-foreign-portfolio-investment,https://smartcdn.gprod.postmedia.digital/financialpost/wp-content/uploads/2026/09/foreign-investment-0921-ph.jpg,"THIS CONTENT IS RESERVED FOR SUBSCRIBERS ONLY
Subscribe now to read the latest news in your city and across Canada.
<ul><li>Exclusive articles from Barbara Shecter, Joe O'Connor, Gabriel Friedman, … [+4706 chars]",2026-09-21T12:04:35Z,2026-09-21,2026-09-22T18:03:30Z
71,RELIANCE.NS,"""Reliance Industries"" OR RELIANCE",Financial Post,GlobeNewswire,Apogee Minerals Appoints Brady Rak as Chief Executive Officer and a Director,"Vancouver, British Columbia, Sept. 21, 2026 (GLOBE NEWSWIRE) — Apogee Minerals Ltd. (“Apogee” or the “Company”) (TSXV: APMI) is pleased to announce the appointment of Mr. Brady Rak as Chief Executive Officer and a Director of the Company, effective September …",https://financialpost.com/globe-newswire/apogee-minerals-appoints-brady-rak-as-chief-executive-officer-and-a-director,,"Our goal is to build shareholder value through mineral project acquisitions and advancement, as well as through new mineral discoveries.
To find out more about Apogee Minerals Ltd. (TSX-V: APMI) vis… [+2684 chars]",2026-09-21T12:07:41Z,2026-09-21,2026-09-22T18:03:30Z
70,RELIANCE.NS,"""Reliance Industries"" OR RELIANCE",Financial Post,GlobeNewswire,Osisko Critical Minerals Corporation Upsizes Previously Announced Private Placement of Special Warrants to C$250 Million,"TORONTO, Sept. 21, 2026 (GLOBE NEWSWIRE) — Osisko Critical Minerals Corporation (“OCMC” or the “Corporation“), a newly incorporated entity and a wholly-owned subsidiary of Osisko Metals Incorporated (“Osisko Metals“) (TSX: OM; OTCQX: OMZNF; FRANKFURT: 0B51), …",https://financialpost.com/globe-newswire/osisko-critical-minerals-corporation-upsizes-previously-announced-private-placement-of-special-warrants-to-c250-million,,"This news release contains forward-looking information within the meaning of applicable Canadian securities legislation based on expectations, estimates and projections as at the date of this news re… [+3678 chars]",2026-09-21T12:10:24Z,2026-09-21,2026-09-22T18:03:30Z
69,RELIANCE.NS,"""Reliance Industries"" OR RELIANCE",24/7 Wall St.,Alex Sirois,Worried About Hugging Face? Microsoft and Amazon Got Exposed Most Among Hyperscalers,"The Hugging Face security incident hit two hyperscalers at the peak of their cloud momentum, and enterprise buyers are now forcing Microsoft and Amazon to an...",https://247wallst.com/investing/2026/09/21/worried-about-hugging-face-microsoft-and-amazon-got-exposed-most-among-hyperscalers/,https://s.yimg.com/lo/mysterio/api/10648aebe41df9c04effd251b0bf24f6479ccd9fd0c9fe50c38f6a507eaa17ce/lightyear_networkapi/resizefill_w1200%3Bquality_80%3Bformat_webp/https%3A%2F%2Fmedia.zenfs.com%2Fen%2F24_7_wall_st__718%2F680dd12f0d83215d31d8dc1b2e103c9d.jpg,"Quick Read
<ul><li>Azure grew 43% and AWS posted its fastest pace in 18 quarters, but both hyperscalers must now defend their AI stacks after Hugging Face.
</li><li>Microsoft hedges model risk with… [+4906 chars]",2026-09-21T12:12:22Z,2026-09-21,2026-09-22T18:03:30Z
68,RELIANCE.NS,"""Reliance Industries"" OR RELIANCE",Livemint,Sheetal Goel,Income plus arbitrage mutual funds: ICICI Pru tops 1-year returns at over 6%; know the portfolio mix,Income Plus Arbitrage FoFs combine debt and arbitrage exposure through underlying mutual fund schemes. Here's a look at the top five performers by 1-year returns and what the category’s portfolio mix looks like.,https://www.livemint.com/money/personal-finance/income-plus-arbitrage-mutual-funds-icici-pru-tops-1-year-returns-at-over-6-know-the-portfolio-mix-11789986239189.html,https://www.livemint.com/lm-img/img/2026/09/21/1600x900/logo/fundss_1789990186681_y5KQ_1789990190872_w8VC_6e984e50-74cd-46e2-8fad-baddffedb817_OfKd.png,Investors looking for a combination of debt income and arbitrage returns have a mutual fund category that combines both strategies. Income Plus Arbitrage FoFs are hybrid fund-of-funds (FoFs) that inv… [+3169 chars],2026-09-21T12:17:04Z,2026-09-21,2026-09-22T18:03:30Z
67,RELIANCE.NS,"""Reliance Industries"" OR RELIANCE",Crypto Briefing,Editorial Team,"Nscale’s contracts surge 1,000x to over $103 billion, driven by Microsoft and Anthropic","Nscale's rapid growth highlights the escalating demand for AI infrastructure, but reliance on few clients and financing gaps pose significant risks.
The post Nscale’s contracts surge 1,000x to over $103 billion, driven by Microsoft and Anthropic appeared firs…",https://cryptobriefing.com/nscale-contracts-surge-microsoft-anthropic/,https://static.cryptobriefing.com/wp-content/uploads/2020/12/02092245/link-bull-1024x538.jpg,"The UK-born AI infrastructure company went from $100 million in contracts to a $103 billion backlog in roughly two and a half years, and now it wants to IPO on the NYSE. Two and a half years ago, Nsc… [+2300 chars]",2026-09-21T12:20:22Z,2026-09-21,2026-09-22T18:03:30Z
66,RELIANCE.NS,"""Reliance Industries"" OR RELIANCE",PRNewswire,,"Bitmine Immersion Technologies (BMNR) Announces ETH Holdings Reach 5.98 Million Tokens, and Total Crypto and Total Cash Holdings of $17.1 Billion","Bitmine owns 4.9% of the total ETH coin supply of 122.1 million Bitmine is 98% of the way to the 'Alchemy of 5%' in just 15 months ETH is the best performing macro asset in Q3 of 2026 to date, outperforming the S&P 500 by 6,519bp Tom Lee to deliver the keynot…",https://www.prnewswire.com/news-releases/bitmine-immersion-technologies-bmnr-announces-eth-holdings-reach-5-98-million-tokens-and-total-crypto-and-total-cash-holdings-of-17-1-billion-302884434.html,https://mmx.prnewswire.com/media/MS1992312/BMNR-Weekly-Update-English-14.jpg?id=OA2959490&p=facebook,"As of September 20, 2026 at 9:00pm ET, the Company's crypto holdings are comprised of 5,983,940 ETH at $2,688 per ETH (per Coinbase), 212 Bitcoin (BTC), $180 million stake in Beast Industries, $105 m… [+13908 chars]",2026-09-21T12:30:00Z,2026-09-21,2026-09-22T18:03:30Z
65,RELIANCE.NS,"""Reliance Industries"" OR RELIANCE",Financial Post,GlobeNewswire,"LEEF Brands Strengthens Board Independence, Appoints Hirsh Jain to Board of Directors","VANCOUVER, British Columbia, Sept. 21, 2026 (GLOBE NEWSWIRE) — LEEF Brands Inc. (CSE: LEEF) (OTCQB: LEEEF) (“LEEF” or the “Company”), a leading California concentrate company, today announced the appointment of Hirsh Jain, a leader in cannabis policy and stra…",https://financialpost.com/globe-newswire/leef-brands-strengthens-board-independence-appoints-hirsh-jain-to-board-of-directors,,"Were entering a period of significant change in the cannabis industry, and I believe LEEF is exceptionally well positioned for what comes next, said Jain. As federal and state policy continues to evo… [+3056 chars]",2026-09-21T12:30:56Z,2026-09-21,2026-09-22T18:03:30Z
64,RELIANCE.NS,"""Reliance Industries"" OR RELIANCE",Financial Post,GlobeNewswire,What If the Next Generation of AI Data Centers Goes to the Energy Source?,"AUSTIN, Texas, Sept. 21, 2026 (GLOBE NEWSWIRE) — AINewsWire Editorial Coverage: Artificial intelligence may be transforming what computers can do, but the next phase of that revolution increasingly depends on something far more fundamental: electricity. As AI…",https://financialpost.com/globe-newswire/what-if-the-next-generation-of-ai-data-centers-goes-to-the-energy-source,,"For more information, visit MAX
 Power Mining
.
About AINewsWire
AINewsWire (AINW) is a specialized communications platform with a focus on the latest advancements in artificial intelligence (AI)… [+4818 chars]",2026-09-21T12:31:15Z,2026-09-21,2026-09-22T18:03:30Z
63,RELIANCE.NS,"""Reliance Industries"" OR RELIANCE",Financial Post,GlobeNewswire,Wafer Inspection Market Set to Approach $10 Billion by 2030,"AUSTIN, Texas, Sept. 21, 2026 (GLOBE NEWSWIRE) — AINewsWire Editorial Coverage: The artificial intelligence boom has moved its toughest bottleneck. It is no longer just about who can etch the smallest transistor. Increasingly, it is about who can package fini…",https://financialpost.com/globe-newswire/wafer-inspection-market-set-to-approach-10-billion-by-2030,,"Micron Technology Inc. (NASDAQ: MU) has unveiled Micron Research Labs, a U.S.-based long-horizon premier research institution. The facility is headquartered in Boise and backed by a planned $10 billi… [+5652 chars]",2026-09-21T12:31:35Z,2026-09-21,2026-09-22T18:03:30Z
62,RELIANCE.NS,"""Reliance Industries"" OR RELIANCE",Financial Post,GlobeNewswire,"Lahontan Mobilizes Drill Rig to West Santa Fe, Grants Stock Options","TORONTO, Sept. 21, 2026 (GLOBE NEWSWIRE) — Lahontan Gold Corp. (TSXV:LG, OTCQB:LGCXF, FSE:Y2F) (the “Company” or “Lahontan”) is pleased to announce the mobilization of a track-mounted reverse-circulation (“RVC”) drill rig and crew to its West Santa Fe Project…",https://financialpost.com/globe-newswire/lahontan-mobilizes-drill-rig-to-west-santa-fe-grants-stock-options,,"For more information, please visit our website: www.lahontangoldcorp.com
* Please see the Updated Mineral Resource Estimate, NI 43-101 Technical Report, Santa Fe Project, Authors: Michael S. Lindhol… [+3294 chars]",2026-09-21T12:32:12Z,2026-09-21,2026-09-22T18:03:30Z
61,RELIANCE.NS,"""Reliance Industries"" OR RELIANCE",Financial Post,GlobeNewswire,Osisko Gold Announces Proposed US$500 Million Senior Secured Notes Offering to Refinance Appian Project Financing Facility and Advance Cariboo Gold Project,"TORONTO, Sept. 21, 2026 (GLOBE NEWSWIRE) — Osisko Gold Group Inc. (NYSE: OGG, TSXV: OGG) (“Osisko Gold” or the “Company“) announces its intention to offer and sell US$500 million aggregate principal amount of senior secured notes due 2031 (the “Notes“) to ref…",https://financialpost.com/globe-newswire/osisko-gold-announces-proposed-us500-million-senior-secured-notes-offering-to-refinance-appian-project-financing-facility-and-advance-cariboo-gold-project,,"CAUTION REGARDING FORWARD-LOOKING STATEMENTS
This news release contains forward-looking information (within the meaning of applicable Canadian securities laws) and forward-looking statements (within… [+5470 chars]",2026-09-21T12:32:30Z,2026-09-21,2026-09-22T18:03:30Z
60,RELIANCE.NS,"""Reliance Industries"" OR RELIANCE",AMC Scene,,"AMC Entertainment Holdings, Inc. Announces Cash Tender Offer for 7.500% Senior Secured Notes Due 2029","LEAWOOD, Kan.--(BUSINESS WIRE)--
AMC Entertainment Holdings, Inc. (NYSE: AMC) (“AMC” or the “Company”) announced today that it has…...",https://investor.amctheatres.com/news-events/press-releases/detail/440/amc-entertainment-holdings-inc-announces-cash-tender-offer-for-7-500-senior-secured-notes-due-2029,https://d1io3yog0oux5.cloudfront.net/_1ca58e72af7f096fd56f6bbd62162607/amctheatres/db/2287/20608/social_image_resized.jpg,"LEAWOOD, Kan.--(BUSINESS WIRE)--
AMC Entertainment Holdings, Inc. (NYSE: AMC) (AMC or the Company) announced today that it has commenced a cash tender offer (the Tender Offer) to purchase any and al… [+15188 chars]",2026-09-21T12:43:47Z,2026-09-21,2026-09-22T18:03:30Z
59,RELIANCE.NS,"""Reliance Industries"" OR RELIANCE",AMC Scene,,"AMC Entertainment Holdings, Inc. Announces First Lien Notes Offering and New Term Loan Facilities to Refinance Existing Debt","AMC Entertainment Holdings, Inc. Announces First Lien Notes Offering and New Term Loan Facilities to Refinance Existing Debtamctheatres.com",https://investor.amctheatres.com/news-events/press-releases/detail/439/amc-entertainment-holdings-inc-announces-first-lien-notes-offering-and-new-term-loan-facilities-to-refinance-existing-debt,https://d1io3yog0oux5.cloudfront.net/_1ca58e72af7f096fd56f6bbd62162607/amctheatres/db/2287/20608/social_image_resized.jpg,"LEAWOOD, Kan.--(BUSINESS WIRE)--
AMC Entertainment Holdings, Inc. (NYSE: AMC) (the Company, or AMC), announced today that it has commenced an offering of $2,000 million aggregate principal amount of… [+11559 chars]",2026-09-21T12:45:20Z,2026-09-21,2026-09-22T18:03:30Z
58,RELIANCE.NS,"""Reliance Industries"" OR RELIANCE",BGR,staff@bgr.com (Sead Fadilpasic),Are Bluetooth Toothbrushes Actually Worth The Price Tag?,"Toothbrushes have become increasingly complicated over the years, but is an expensive Bluetooth toothbrush really better than a standard one?",https://www.bgr.com/2260603/are-bluetooth-toothbrushes-worth-it-explained/,https://www.bgr.com/img/gallery/are-bluetooth-toothbrushes-actually-worth-the-price-tag/l-intro-1789585051.jpg,"I'm not looking for ways to cut down on smartphone use or my reliance on technology. If something is advertised as smart, I have to fight off the urge to reach for my wallet. The same thing happened … [+1328 chars]",2026-09-21T12:47:00Z,2026-09-21,2026-09-22T18:03:30Z
57,RELIANCE.NS,"""Reliance Industries"" OR RELIANCE",Business Insider,Insider Inc.,Russia's secret plan to supercharge kamikaze drone production,Documents obtained by POLITICO show a Russian state company blueprint for increasing drone carbon fiber production as the Kremlin escalates air war over Europe.,https://www.businessinsider.com/russia-kamikaze-drone-factory-expansion-plans-2026-9#article,https://i.insider.com/6ab1241a4a3706ac06f8556e?width=1200&format=jpeg,Satellite images captured in May (L) and July (R) show land adjacent to Rosatom's Alabuga-Volokno carbon fiber factory in Tatarstan's Alabuga Special Economic Zone being cleared for the expansion pro… [+10562 chars],2026-09-21T12:47:12Z,2026-09-21,2026-09-22T18:03:30Z
56,RELIANCE.NS,"""Reliance Industries"" OR RELIANCE",Retailbankerinternational.com,Vidhya Edwards Munnangi,"Interview: Revolut chief banking officer Sid Jajodia on growth, margins and IPO plans",Sid Jajodia tells Vidhya Edwards how generating 76% of turnover from fees protects the bank's 38% pre-tax margin from interest-rate cuts.,https://www.retailbankerinternational.com/features/interview-revolut-chief-banking-officer-sid-jajodia/,https://s.yimg.com/lo/mysterio/api/5cbef41d1ad58891b22931cc70ec05fcafb0b7533beb46210c0270554c5207dd/lightyear_networkapi/resizefill_w1200%3Bquality_80%3Bformat_webp/https%3A%2F%2Fmedia.zenfs.com%2Fen%2Fretail_banker_international_407%2Fef104b9dde043b1ac7990a561f70a6d3.jpg,"Revolut is scaling its global banking business while seeking to maintain strong profitability and reduce its exposure to interest-rate cycles. The company is targeting 100 million customers by 2027, … [+6021 chars]",2026-09-21T12:49:43Z,2026-09-21,2026-09-22T18:03:30Z
55,RELIANCE.NS,"""Reliance Industries"" OR RELIANCE",The Times of India,Dhruv Yadav,Beyond 'Make in India': How India is trying to build a military it can truly call its own,"India's defence establishment has spent the past year pushing an ambitious self-reliance agenda, shifting from ""Make in India"" toward ""Owned by India."" Key reforms include DAP 2026, domestic procurement allocation raised to 75%, new Buy Global-Manufacture in …",https://timesofindia.indiatimes.com/defence/news/beyond-make-in-india-how-india-is-trying-to-build-a-military-it-can-truly-call-its-own/articleshow/134389060.cms,"https://static.toiimg.com/thumb/msid-134389594,width-1280,height-720,imgsize-271426,resizemode-6,overlay-toi_sw,pt-32,y_pad-600/photo.jpg",It is good to note that the government has earnestly pivoted to Atmanirbharta in defence aquisition and procurement. It is carrying out targeted spending to enlarge India's defence Industrial Base. T… [+696 chars],2026-09-21T12:58:00Z,2026-09-21,2026-09-22T18:03:30Z
53,RELIANCE.NS,"""Reliance Industries"" OR RELIANCE",PRNewswire,,Lion Group Holding Ltd. Reaffirms Long-Term Commitment to Hyperliquid (HYPE) Holdings,"SINGAPORE, Sept. 21, 2026 /PRNewswire/ -- Lion Group Holding Ltd. (NASDAQ: LGHL) (""Lion Group"" or the ""Company"") today reaffirmed its long-term holding of Hyperliquid (HYPE) tokens and other selected cryptocurrencies as part of its treasury management strateg…",https://www.prnewswire.com/news-releases/lion-group-holding-ltd-reaffirms-long-term-commitment-to-hyperliquid-hype-holdings-302884305.html,,"SINGAPORE, Sept. 21, 2026 /PRNewswire/ -- Lion Group Holding Ltd. (NASDAQ: LGHL) (""Lion Group"" or the ""Company"") today reaffirmed its long-term holding of Hyperliquid (HYPE) tokens and other selected… [+4141 chars]",2026-09-21T13:15:00Z,2026-09-21,2026-09-22T18:03:30Z
54,RELIANCE.NS,"""Reliance Industries"" OR RELIANCE",PRNewswire,,Q32 Bio Announces Upcoming Late-Breaking Presentation of Results from Part B of the SIGNAL-AA Clinical Trial of Bempikibart in Alopecia Areata at the European Academy of Dermatology and Venereology Congress 2026,"-- Late-breaking oral and poster presentations to feature additional 36-week results and initial findings from the 16-week off-drug period from Part B of the SIGNAL-AA clinical trial of bempikibart in alopecia areata -- WALTHAM, Mass., Sept. 21, 2026 /PRNewsw…",https://www.prnewswire.com/news-releases/q32-bio-announces-upcoming-late-breaking-presentation-of-results-from-part-b-of-the-signal-aa-clinical-trial-of-bempikibart-in-alopecia-areata-at-the-european-academy-of-dermatology-and-venereology-congress-2026-302884741.html,https://mmx.prnewswire.com/media/MS1266508/Q32BIO-Logo-v2.jpg?id=OA2960329&p=facebook,-- Late-breaking oral and poster presentations to feature additional 36-week results and initial findings from the 16-week off-drug period from Part B of the SIGNAL-AA clinical trial of bempikibart i… [+7989 chars],2026-09-21T13:15:00Z,2026-09-21,2026-09-22T18:03:30Z
52,RELIANCE.NS,"""Reliance Industries"" OR RELIANCE",BusinessLine,BL Research Bureau,"Day Trading Guide for September 22, 2026: Intraday supports, resistances for Nifty50 stocks","Day Trading Guide gives you the key intraday supports and resistances to watch out for on the Nifty Futures and other widely traded stocks such as Reliance Industries, Infosys, HDFC Bank, TCS, SBI",https://www.thehindubusinessline.com/portfolio/day-trading-guide/day-trading-guide-for-september-22/article71491357.ece,https://bl-i.thgim.com/public/incoming/qezet7/article71491435.ece/alternates/LANDSCAPE_1200/PO16_Rising_chart.jpg,"Day Trading Guide gives you the key intraday supports and resistances to watch out for on the Nifty Futures and other widely traded stocks such as Reliance Industries, Infosys, HDFC Bank, TCS, SBI. B… [+2335 chars]",2026-09-21T13:17:27Z,2026-09-21,2026-09-22T18:03:30Z
51,RELIANCE.NS,"""Reliance Industries"" OR RELIANCE",Al Jazeera English,Agnieszka Pikulicka-Wilczewska,Inside Kazakhstan’s push to become a regional AI centre,Kazakhstan accelerates AI development but experts warn of impact on the environment and human rights.,https://www.aljazeera.com/news/2026/9/21/inside-kazakhstans-push-to-become-a-regional-ai-centre,https://www.aljazeera.com/wp-content/uploads/2026/09/Valeria-Tio-Astana-Hubs-managing-director-Astana-1789989721.jpg?resize=1920%2C1440,"A young woman in a sleek bun and a jacket with Kazakh patterns smiles from the screen at a directors meeting of Samruk-Kazyna, Kazakhstans sovereign wealth fund.
In late 2025, she became the company… [+6430 chars]",2026-09-21T13:26:01Z,2026-09-21,2026-09-22T18:03:30Z
50,RELIANCE.NS,"""Reliance Industries"" OR RELIANCE",Dailymail.com,"Ruth Stainer, Joanna Tweedy","When Saturday night TV was worth watching! As Strictly's revamp flops, the beloved shows from your childhood that don't exist anymore","While Saturday night TV was once in its heyday and amassed audiences in the millions, the framework and types of shows on offer have changed drastically.",https://www.dailymail.com/lifestyle/article-16147843/When-Saturday-night-TV-worth-watching-Strictlys-revamp-flops-beloved-shows-childhood-dont-exist-anymore.html,https://i.dailymail.com/1s/2026/09/21/13/110727635-0-image-m-37_1789993982523.jpg,"Before the days of Netflix and online streaming services, it was routine for millions of Britons to gather around the TV every Saturday night for an eclectic range of entertainment and quiz shows. 
… [+10966 chars]",2026-09-21T13:27:24Z,2026-09-21,2026-09-22T18:03:30Z
49,RELIANCE.NS,"""Reliance Industries"" OR RELIANCE",Bitcoinfoundation.org,Yuri Molchan,"Bitcoin Is Back Above $85,000. Why Is BTC Rallying Despite the Fed and CLARITY Act?","Bitcoin has returned to the center of the market after a violent reversal from last week’s lows. The Bitcoin price recovered from below $76,000 and...
The post Bitcoin Is Back Above $85,000. Why Is BTC Rallying Despite the Fed and CLARITY Act? appeared first …",https://bitcoinfoundation.org/news/bitcoin/bitcoin-is-back-above-85000-why-is-btc-rallying-despite-the-fed-and-clarity-act/,https://bitcoinfoundation.org/wp-content/uploads/2026/09/image-1789997377.webp,"Bitcoin has returned to the center of the market after a violent reversal from last weeks lows. The Bitcoin price recovered from below $76,000 and pushed back above $85,000, and its return came despi… [+14388 chars]",2026-09-21T13:28:36Z,2026-09-21,2026-09-22T18:03:30Z
48,RELIANCE.NS,"""Reliance Industries"" OR RELIANCE",Financial Post,GlobeNewswire,Greenland Mines More Than Doubles Control Position in the Sarfartoq Rare Earth Magnet District in West Greenland,New 262 km² area creates a contiguous approximately 454 km² project position after evaluation of previous geological work evidenced a potential for further rare earths eastward of the Sarfartoq deposit District-Scale strategy fast tracks development of ST1’s …,https://financialpost.com/globe-newswire/greenland-mines-more-than-doubles-control-position-in-the-sarfartoq-rare-earth-magnet-district-in-west-greenland,,"Cautionary Note Regarding Mineral Resources
Mineral Resources are not Mineral Reserves and do not have demonstrated economic viability. The Initial Assessment is preliminary in nature and includes I… [+3589 chars]",2026-09-21T13:31:35Z,2026-09-21,2026-09-22T18:03:30Z
47,RELIANCE.NS,"""Reliance Industries"" OR RELIANCE",BusinessLine,Gulzar Bhat,J&K takes embryo technology to farmers to accelerate sheep genetic gains,"The Sheep Husbandry Department, Kashmir has been providing the technology free of cost to progressive farmers since October 2025, through its Embryo Transfer Technology (ETT) laboratory at Zakura",https://www.thehindubusinessline.com/economy/agri-business/jk-takes-embryo-technology-to-farmers-to-accelerate-sheep-genetic-gains/article71491765.ece,https://bl-i.thgim.com/public/incoming/co3amy/article71491856.ece/alternates/LANDSCAPE_1200/12205_28_5_2025_16_16_13_5_05_INDIA%E2%80%99SFIRSTGENE_EDITEDSHEEP_SGR_28_05_2025.JPG,"Jammu and Kashmir is taking embryo-transfer technology directly to sheep farmers, with pure-line Texel and Australian Merino lambs already born in farmers flocks as the government seeks to accelerate… [+5063 chars]",2026-09-21T13:37:54Z,2026-09-21,2026-09-22T18:03:30Z
46,RELIANCE.NS,"""Reliance Industries"" OR RELIANCE",The Times of India,ET Online,Government dissolves 37-year-old Digital Communications Commission with immediate effect,"The government has notified the dissolution of the Digital Communications Commission, the Department of Telecommunications' apex decision-making body established in 1989. The commission handled key telecom policy and financial matters, including spectrum pric…",https://economictimes.indiatimes.com/industry/telecom/telecom-policy/government-dissolves-37-year-old-digital-communications-commission-with-immediate-effect/articleshow/134391101.cms,"https://img.etimg.com/thumb/msid-134391272,width-1200,height-630,imgsize-66896,overlay-economictimes/articleshow.jpg","The government has notified the dissolution of the Digital Communications Commission (DCC), the Department of Telecommunications' apex decision-making body that has handled policy matters and proposa… [+1754 chars]",2026-09-21T13:45:33Z,2026-09-21,2026-09-22T18:03:30Z
45,RELIANCE.NS,"""Reliance Industries"" OR RELIANCE",BusinessLine,Akshata Gorde,NSE’s options-heavy revenue mix in focus ahead of listing,NSE's reliance on options revenue faces scrutiny amid regulatory changes and competition from BSE ahead of its IPO listing.,https://www.thehindubusinessline.com/markets/nses-options-heavy-revenue-mix-in-focus-ahead-of-listing/article71491648.ece,https://bl-i.thgim.com/public/incoming/8cw83p/article71492003.ece/alternates/LANDSCAPE_1200/2024-11-11T112453Z_2094002462_RC2EPAAA16MQ_RTRMADP_3_INDIA-STOCKS-ECONOMIC-SLOWDOWN.JPG,"Options remain the National Stock Exchanges (NSE) biggest earnings engine, accounting for about 60 per cent of operating revenue, even as the Securities and Exchange Board of India (SEBI) has been ti… [+3143 chars]",2026-09-21T13:55:27Z,2026-09-21,2026-09-22T18:03:30Z
33,RELIANCE.NS,"""Reliance Industries"" OR RELIANCE",PRNewswire,,DONATELLA VERSACE AND REVOLVE: A NEW ERA BEGINS,"The legendary designer and next-generation retailer join forces to create a beauty and fashion business built for a new generation. Images Provided Here Courtesy of REVOLVE Group // Photo Credit: Yulia Gorbachenko MILAN and LOS ANGELES, Sept. 21, 2026 /PRNews…",https://www.prnewswire.com/news-releases/donatella-versace-and-revolve-a-new-era-begins-302884681.html,https://mmx.prnewswire.com/media/MS1368238/Revolve-Logo-NEW-2026.jpg?id=OA2960131&p=facebook,"The legendary designer and next-generation retailer join forces to create a beauty and fashion business built for a new generation.
Images Provided HereCourtesy of REVOLVE Group // Photo Credit: Yul… [+7433 chars]",2026-09-21T14:00:00Z,2026-09-21,2026-09-22T18:03:30Z
34,RELIANCE.NS,"""Reliance Industries"" OR RELIANCE",Plos.org,"Niko Kargas, Mirena Dimolareva, Stamatina Tsiora, Anum Farooq, Victoria L. Brelsford, Holly Stocks, Ella Doolan-Dransfield, Julian Free",Navigating fragmented and contingent support: A qualitative study of British Armed Forces families raising neurodivergent children,"British Armed Forces families raising neurodivergent children must coordinate health, education, welfare and informal support within a service context characterised by mobility and deployment. This study examined how families understood, accessed and sustaine…",https://journals.plos.org/plosone/article?id=10.1371/journal.pone.0358595,https://journals.plos.org/plosone/article/figure/image?id=10.1371/journal.pone.0358595.t002&size=inline,"Overview
The analysis organised families accounts around five interlocking themes. Across the dataset, support was experienced less as a stable resource than as a contingent achievement requiring on… [+15428 chars]",2026-09-21T14:00:00Z,2026-09-21,2026-09-22T18:03:30Z
35,RELIANCE.NS,"""Reliance Industries"" OR RELIANCE",Plos.org,"Fitri Ariyanti Abidin, Evi Eliyanah, Fredrick Dermawan Purba, Anissa Lestari Kadiyono, Grace Natasha Sunardy, Syipa Husni Fadilah, Joeri K. Tijdink",Mental health in academia: A national survey on risk and protective factors in the Indonesian context,"University academics are central to advancing higher education through teaching, research, and community engagement. However, mental-health challenges in this population have risen in recent years, partially driven by systemic pressures such as hypercompetiti…",https://journals.plos.org/plosone/article?id=10.1371/journal.pone.0358652,https://journals.plos.org/plosone/article/figure/image?id=10.1371/journal.pone.0358652.g005&size=inline,"Introduction
Mental health is widely recognized as a crucial determinant of individual functioning, productivity, and institutional performance. Globally, there has been increasing scholarly attenti… [+57353 chars]",2026-09-21T14:00:00Z,2026-09-21,2026-09-22T18:03:30Z
36,RELIANCE.NS,"""Reliance Industries"" OR RELIANCE",Plos.org,"Richard McWalter, Christian Lorenzi",Human perception of avian biodiversity in naturalistic auditory scenes,"Author summary Walk through the forest and you are immersed in a rich acoustic environment – the singing of birds overhead, the sound of wind through leaves, the chirps of insects in the brush. Making sense of these complex sound environments requires the aud…",https://journals.plos.org/ploscompbiol/article?id=10.1371/journal.pcbi.1014775,https://journals.plos.org/ploscompbiol/article/figure/image?id=10.1371/journal.pcbi.1014775.g007&size=inline,"Introduction
De-mixing sound sources is a problem that the human auditory system must continuously solve, where the sounds in the local environment arrive at the ear as a mixture of different source… [+122593 chars]",2026-09-21T14:00:00Z,2026-09-21,2026-09-22T18:03:30Z
37,RELIANCE.NS,"""Reliance Industries"" OR RELIANCE",Plos.org,"Akilah T. M. Stewart, Majidah Hamid-Adiamoh, Teresia M. Njoroge, Longhua Sun, Nikhella Winter-Reece, Rachel Shui Feng, Satish Singh, Lester D. James, Britton Sofhauser, Carolina Dille, Azad Mohammed, David W. Severson, Molly Duman-Scheel",Soda-baited RNAi yeast insecticides as effective Attractive Targeted Sugar Baits (ATSBs) for mosquito control,"Author summary Mosquito-borne diseases continue to affect millions of people worldwide, and current mosquito control methods face challenges such as low public uptake, insecticide resistance and environmental concerns. Here we evaluated a new and environmenta…",https://journals.plos.org/plosntds/article?id=10.1371/journal.pntd.0014319,https://journals.plos.org/plosntds/article/figure/image?id=10.1371/journal.pntd.0014319.strk&size=inline,"Citation: Stewart ATM, Hamid-Adiamoh M, Njoroge TM, Sun L, Winter-Reece N, Feng RS, et al. (2026) Soda-baited RNAi yeast insecticides as effective Attractive Targeted Sugar Baits (ATSBs) for mosquito… [+62929 chars]",2026-09-21T14:00:00Z,2026-09-21,2026-09-22T18:03:30Z
38,RELIANCE.NS,"""Reliance Industries"" OR RELIANCE",PRNewswire,,DONATELLA VERSACE AND REVOLVE: A NEW ERA BEGINS,"The legendary designer and next-generation retailer join forces to create a beauty and fashion business built for a new generation. Images Provided Here Courtesy of REVOLVE Group // Photo Credit: Yulia Gorbachenko MILAN and LOS ANGELES, Sept. 21, 2026 /PRNews…",https://www.prnewswire.com/news-releases/donatella-versace-and-revolve-a-new-era-begins-302884717.html,https://mmx.prnewswire.com/media/MS1368238/Revolve-Logo-NEW-2026.jpg?id=OA2960261&p=facebook,"The legendary designer and next-generation retailer join forces to create a beauty and fashion business built for a new generation.
Images Provided HereCourtesy of REVOLVE Group // Photo Credit: Yul… [+7404 chars]",2026-09-21T14:00:00Z,2026-09-21,2026-09-22T18:03:30Z
39,RELIANCE.NS,"""Reliance Industries"" OR RELIANCE",Mental Floss,Jenny Cohen,"The Cost of Living in Each State for 2026, Mapped","Discover the most and least expensive places to live in the U.S. in 2026. From Hawaii's high housing costs to Oklahoma's low expenses, see where your state ranks.",https://www.mentalfloss.com/geography/maps/cost-of-living-by-state-2026-map,"https://images2.minutemediacdn.com/image/upload/c_crop,x_1227,y_786,w_5493,h_3089/c_fill,w_1440,ar_1440:810,f_auto,q_auto,g_auto/images/GettyImages/mmsport/mentalfloss/01m2nzyjb37h1817ha44.jpg","How much does it cost to live in the United States? It depends on the state you live in.
The cost of living can vary from state to state, with a variety of factors affecting your overall expenses. T… [+3638 chars]",2026-09-21T14:00:00Z,2026-09-21,2026-09-22T18:03:30Z
40,RELIANCE.NS,"""Reliance Industries"" OR RELIANCE",Plos.org,"Sophie Merrick, Annabelle South, Elena Frangou, Hannah L. Rush, Grisma Patel, Jemima Thompson, Hannah Plant, Lisa Pickering, Ruth E. Langley, Duncan C. Gilbert, Thomas Powles, James Larkin, Angela Meade",Health-related quality of life with adjuvant immune checkpoint inhibition in renal cell carcinoma: A qualitative study of UK participants in the phase III RAMPART trial,Introduction RAMPART is an international phase III trial evaluating adjuvant immune checkpoint inhibitors (ICIs) after nephrectomy for renal cell carcinoma. ICIs have a distinct toxicity profile that can significantly impact health-related quality of life (HR…,https://journals.plos.org/plosone/article?id=10.1371/journal.pone.0358789,https://journals.plos.org/plosone/article/figure/image?id=10.1371/journal.pone.0358789.g003&size=inline,"Abstract
Introduction
RAMPART is an international phase III trial evaluating adjuvant immune checkpoint inhibitors (ICIs) after nephrectomy for renal cell carcinoma. ICIs have a distinct toxicity p… [+56775 chars]",2026-09-21T14:00:00Z,2026-09-21,2026-09-22T18:03:30Z
41,RELIANCE.NS,"""Reliance Industries"" OR RELIANCE",Plos.org,"Yueyi Tan, Jusheng Song, Guangying Zhao, Yunxi Bai, Yan Li, Xuren Wei",Uncovering traditional retail location competition with machine learning: The role of urban environments in light-asset and capital-intensive formats,"Understanding spatial competition between retail formats is vital for sustaining urban commercial vitality. In China’s rapidly evolving urban economy, the contrast between light‑asset and capital‑intensive formats within traditional retail has been increasing…",https://journals.plos.org/plosone/article?id=10.1371/journal.pone.0358597,https://journals.plos.org/plosone/article/figure/image?id=10.1371/journal.pone.0358597.g010&size=inline,"Abstract
Understanding spatial competition between retail formats is vital for sustaining urban commercial vitality. In Chinas rapidly evolving urban economy, the contrast between lightasset and cap… [+84055 chars]",2026-09-21T14:00:00Z,2026-09-21,2026-09-22T18:03:30Z
42,RELIANCE.NS,"""Reliance Industries"" OR RELIANCE",PRNewswire,,White Pine Copper Announces Positive Pre-Feasibility Study to Revive One of America's Legendary Copper Districts,"Post-Tax NPV8% of US$1.38 Billion and 23.1% IRR Position White Pine North as a Major New Source of Domestic Copper Supply and Regional Jobs KEY PFS HIGHLIGHTS Post-tax net present value (""NPV"") at an 8% discount rate of US$1,376.9 million and internal rate of…",https://www.prnewswire.com/news-releases/white-pine-copper-announces-positive-pre-feasibility-study-to-revive-one-of-americas-legendary-copper-districts-302884129.html,https://mmx.prnewswire.com/media/MS1991710/Kinterra-Capital-White-Pine-Copper-Announces-Positive-Pre-Feasib.jpg?id=OA2958008&p=facebook,"Post-Tax NPV8% of US$1.38 Billion and 23.1% IRR Position White Pine North as a Major New Source of Domestic Copper Supply and Regional Jobs
KEY PFS HIGHLIGHTS
<ul><li>Post-tax net present value (""N… [+14096 chars]",2026-09-21T14:00:00Z,2026-09-21,2026-09-22T18:03:30Z
43,RELIANCE.NS,"""Reliance Industries"" OR RELIANCE",Plos.org,"Elohor Oborevwori, Kristjana Ásbjörnsdóttir, Sean Galagan, Katherine Sharrock, Kumudha Aruldas, Saravanakumar Puthupalayam Kaliapan, Rachael Pullan, Robin Bailey, Khumbo Kalua, James Simwanza, Stefan Witek-McManus, Moudachirou Ibikounlé, Adrian J. F. Luty, Sitara Swarna Rao Ajjampur, Arianna Means, Judd L. Walson",Individual-level agreement between coverage surveys and treatment registers in mass drug administration: A secondary analysis of the multi-country DeWorm3 cluster randomized trial,"Author summary When large-scale medicine distribution programs treat entire communities for infectious diseases, knowing how many people actually received treatment is critical. Programs typically measure this by asking people whether they took their medicati…",https://journals.plos.org/plosntds/article?id=10.1371/journal.pntd.0014740,https://journals.plos.org/plosntds/article/figure/image?id=10.1371/journal.pntd.0014740.g002&size=inline,"Abstract
Background
Accurate measurement of treatment coverage is critical for the monitoring and evaluation of mass drug administration (MDA) programs, yet post-treatment coverage surveys are subj… [+41354 chars]",2026-09-21T14:00:00Z,2026-09-21,2026-09-22T18:03:30Z
44,RELIANCE.NS,"""Reliance Industries"" OR RELIANCE",Plos.org,"Simon Robin Evans, Henri Bouwmeester, Arie J. van Noordwijk, Marcel E. Visser, Erik Postma",Gene flow drives periods of both evolutionary stasis and change in a wild bird population,"Why do we not see evolutionary change in heritable, fitness-related traits of free-living populations? This multi-decade study of the evolution of clutch size in populations of great tits before, during and after an experimental perturbation reveals the impor…",https://journals.plos.org/plosbiology/article?id=10.1371/journal.pbio.3004004,https://journals.plos.org/plosbiology/article/figure/image?id=10.1371/journal.pbio.3004004.g006&size=inline,"Citation: Evans SR, Bouwmeester H, van Noordwijk AJ, Visser ME, Postma E (2026) Gene flow drives periods of both evolutionary stasis and change in a wild bird population. PLoS Biol 24(9):
 e3004004.… [+58916 chars]",2026-09-21T14:00:00Z,2026-09-21,2026-09-22T18:03:30Z
32,RELIANCE.NS,"""Reliance Industries"" OR RELIANCE",PRNewswire,,Edge AI Software Market worth $120.31 billion by 2032 - Report by MarketsandMarkets™,"DELRAY BEACH, Fla., Sept. 21, 2026 /PRNewswire/ -- According to MarketsandMarkets™, the global Edge AI Software Market is estimated at USD 20.73 billion in 2026 and is projected to reach USD 120.31 billion by 2032, reflecting a 34.1% CAGR during the forecast …",https://www.prnewswire.com/news-releases/edge-ai-software-market-worth-120-31-billion-by-2032--report-by-marketsandmarkets-302884411.html,https://mmx.prnewswire.com/media/MS1173081/MarketsandMarkets-Logo.jpg?id=OA2959736&p=facebook,"DELRAY BEACH, Fla., Sept. 21, 2026 /PRNewswire/ -- According to MarketsandMarkets, the global Edge AI Software Market is estimated at USD 20.73 billion in 2026 and is projected to reach USD 120.31 bi… [+15198 chars]",2026-09-21T14:01:00Z,2026-09-21,2026-09-22T18:03:30Z
31,RELIANCE.NS,"""Reliance Industries"" OR RELIANCE",Financial Post,GlobeNewswire,Smith+Nephew to showcase leading shoulder technologies for joint repair and reconstruction at ICSES 2026,"Smith+Nephew (LSE:SN, NYSE:SNN), the global medical technology company, today announces it will highlight a suite of advanced solutions for shoulder repair and reconstruction at the International Congress for Shoulder and Elbow Surgery (ICSES) in Vancouver fr…",https://financialpost.com/globe-newswire/smithnephew-to-showcase-leading-shoulder-technologies-for-joint-repair-and-reconstruction-at-icses-2026,,"ends 
Media Enquiries Dave Snyder          +1 (978) 749-1440  Smith+Nephew      david.snyder@smith-nephew.com
*In biomechanical testing in human cadavers
**compared to traditional techniques
***C… [+7892 chars]",2026-09-21T14:02:10Z,2026-09-21,2026-09-22T18:03:30Z
30,RELIANCE.NS,"""Reliance Industries"" OR RELIANCE",New York Post,Bridget Reilly,Jim Nantz ignores JJ Watt comment in awkward moment for new CBS booth,There is still work to do in CBS’ No. 1 NFL broadcast booth.,https://nypost.com/2026/09/21/sports/jim-nantz-ignores-jj-watt-comment-in-awkward-moment-for-new-cbs-booth/,https://nypost.com/wp-content/uploads/sites/2/2026/09/newspress-collage-8drfxzkmo-1789998462730.jpg?quality=75&strip=all&1789984083&w=1200,"There is still work to do in CBS No. 1 NFL broadcast booth.
While on the call for the Steelers-Patriots game on Sunday, NFL fans witnessed an awkward moment between Jim Nantz and JJ Watt that turned… [+2937 chars]",2026-09-21T14:06:49Z,2026-09-21,2026-09-22T18:03:30Z
29,RELIANCE.NS,"""Reliance Industries"" OR RELIANCE",Financial Post,Business Wire,Generation Mining Closes “Bought Deal” Public Offering and Concurrent Private Placement for Gross Proceeds of $240 Million,"NOT FOR DISTRIBUTION TO U.S. NEWSWIRE SERVICES OR DISSEMINATION IN THE UNITED STATES TORONTO — Further to its news release dated September 14, 2026, Generation Mining Limited (TSX: GENM) (OTCQB: GENMF) (“Generation” or the “Company”) is pleased to announce th…",https://financialpost.com/pmn/business-wire-news-releases-pmn/generation-mining-closes-bought-deal-public-offering-and-concurrent-private-placement-for-gross-proceeds-of-240-million,,"NOT FOR DISTRIBUTION TO U.S. NEWSWIRE SERVICES 
THIS CONTENT IS RESERVED FOR SUBSCRIBERS ONLY
Subscribe now to read the latest news in your city and across Canada.
<ul><li>Exclusive articles from … [+7879 chars]",2026-09-21T14:15:49Z,2026-09-21,2026-09-22T18:03:30Z
28,RELIANCE.NS,"""Reliance Industries"" OR RELIANCE",Tom's Hardware UK,"ashilov@gmail.com (Anton Shilov) , Anton Shilov","Huawei shelves global AI chip rollout as China's own demand outstrips supply — 15,488-chip Atlas clusters leverage optical networking to counter Nvidia, scales to 120 EFLOPS",Huawei says it will not offer its latest AI hardware outside of China citing lack of capacity to serve domestic demand.,https://www.tomshardware.com/tech-industry/artificial-intelligence/huawei-shelves-global-ai-chip-rollout-as-chinas-own-demand-outstrips-supply-15-488-chip-atlas-clusters-leverage-optical-networking-to-counter-nvidia-scales-to-120-eflops,https://cdn.mos.cms.futurecdn.net/ANu9aBzADbe49opeKu4gnP-1786-80.jpg,"Huawei's impressive next-generation Ascend 900-series AI accelerators will be offered only in China, not internationally, as the company struggles to meet domestic demand amid capacity constraints, t… [+5437 chars]",2026-09-21T14:30:00Z,2026-09-21,2026-09-22T18:03:30Z
27,RELIANCE.NS,"""Reliance Industries"" OR RELIANCE",mindbodygreen.com,Zhané Slambee,Your Bond With Your Pet May Matter More For Well-Being Than You Think,That deep bond with your pet may be doing more for your emotional health than you realize.,https://www.mindbodygreen.com/articles/pet-attachment-linked-to-emotional-well-being-benefits-pet-responsibilities,"https://mindbodygreen-res.cloudinary.com/image/upload/c_fill,w_2000,h_1200,g_auto,fl_lossy,f_jpg/org/6mf7f22xqk1kzs66g.jpg","If you've ever caught yourself talking to your dog like they're your therapist or felt a pang of guilt leaving your cat home alone, you're not imagining the depth of that bond. The connection we form… [+4623 chars]",2026-09-21T14:35:00Z,2026-09-21,2026-09-22T18:03:30Z
26,RELIANCE.NS,"""Reliance Industries"" OR RELIANCE",PRNewswire,,MNA: Mass General Brigham Nurses and Clinicians to Rally outside Westin Seaport on Sept. 22 and 23 as MGB Hosts AI-Focused Forum and Brigham Nurses Prepare for Open-Ended Strike Vote,Rallies outside MGB's World Medical Innovation Forum will call on New England's wealthiest health system to invest in patients and workers Gov. Maura Healey declined invite to MGB Forum and MA Democratic State Committee voted Saturday to support MGB nurses an…,https://www.prnewswire.com/news-releases/mna-mass-general-brigham-nurses-and-clinicians-to-rally-outside-westin-seaport-on-sept-22-and-23-as-mgb-hosts-ai-focused-forum-and-brigham-nurses-prepare-for-open-ended-strike-vote-302884863.html,https://mmx.prnewswire.com/media/MS427255/Massachusetts-Nurse-Assoc-Logo.jpg?id=OA2960626&p=facebook,"Rallies outside MGB's World Medical Innovation Forum will call on New England's wealthiest health system to invest in patients and workers
Gov. Maura Healey declined invite to MGB Forum and MA Democ… [+7122 chars]",2026-09-21T14:47:00Z,2026-09-21,2026-09-22T18:03:30Z
25,RELIANCE.NS,"""Reliance Industries"" OR RELIANCE",BusinessLine,BL Mumbai Bureau,JioStar partners with SES for Broadcast Service Expansion Across India,"This collaboration enables JioStar to reliably deliver high-quality content to millions of households through IS-20 satellites, extending its reach within the Indian sub-continent and beyond.",https://www.thehindubusinessline.com/companies/jiostar-partners-with-ses-for-broadcast-service-expansion-across-india/article71492045.ece,https://bl-i.thgim.com/public/incoming/2qockr/article71492256.ece/alternates/LANDSCAPE_1200/jiostar%20logo.jpg,Reliance Industries streaming platform JioStar announced a new multi-year deal with Luxembourg-based space solutions company SES for satellite distribution services to provide JioStars portfolio of t… [+1150 chars],2026-09-21T14:55:05Z,2026-09-21,2026-09-22T18:03:30Z
24,RELIANCE.NS,"""Reliance Industries"" OR RELIANCE",PRNewswire,,"Soybean Oil Market Size to Reach $57.66 Billion by 2031 Driven by Biofuel Demand and Supply-chain Traceability, Reports Mordor Intelligence","HYDERABAD, India, Sept. 21, 2026 /PRNewswire/ -- According to Mordor Intelligence, the global soybean oil market size is estimated to grow from USD 43.87 billion in 2026 to USD 57.66 billion by 2031, registering a CAGR of 5.62% during the forecast period (202…",https://www.prnewswire.com/news-releases/soybean-oil-market-size-to-reach-57-66-billion-by-2031-driven-by-biofuel-demand-and-supply-chain-traceability-reports-mordor-intelligence-302884791.html,https://mmx.prnewswire.com/media/MS1701215/Mordor-Intelligence-Logo.jpg?id=OA2960443&p=facebook,"HYDERABAD, India, Sept. 21, 2026 /PRNewswire/ -- According to Mordor Intelligence, the global soybean oil market size is estimated to grow from USD 43.87 billion in 2026 to USD 57.66 billion by 2031,… [+8783 chars]",2026-09-21T14:56:00Z,2026-09-21,2026-09-22T18:03:30Z
23,RELIANCE.NS,"""Reliance Industries"" OR RELIANCE",PRNewswire,,Menarini Group and NewAmsterdam Pharma Receive European Commission Approval for Ubeslo® (Obicetrapib Monotherapy) and Evlarco® (Obicetrapib Plus Ezetimibe Fixed-Dose Combination),"- First-in-Class approval supported by Phase 3 BROADWAY, BROOKLYN, and TANDEM trials demonstrating significant LDL-C reductions with favorable tolerability profile - - First global regulatory approval of obicetrapib marks a defining milestone for NewAmsterdam…",https://www.prnewswire.com/news-releases/menarini-group-and-newamsterdam-pharma-receive-european-commission-approval-for-ubeslo-obicetrapib-monotherapy-and-evlarco-obicetrapib-plus-ezetimibe-fixed-dose-combination-302884871.html,https://mmx.prnewswire.com/media/MS1509956/Menarini-Industrie-Farmaceutiche-Riunite-Logo.jpg?id=OA2960634&p=facebook,"- First-in-Class approval supported by Phase 3 BROADWAY, BROOKLYN, and TANDEM trials demonstrating significant LDL-C reductions with favorable tolerability profile -
- First global regulatory approv… [+11008 chars]",2026-09-21T14:57:00Z,2026-09-21,2026-09-22T18:03:30Z
22,RELIANCE.NS,"""Reliance Industries"" OR RELIANCE",Theaccountant-online.com,Ellichipuram Umesh,CA ANZ partners with AI compliance automation platform Zato,"Eligible chartered companies signing an annual Zato ledger agreement will receive a one-off credit of $1,782 (A$2,500).",https://www.theaccountant-online.com/news/ca-anz-partners-with-ai-compliance-automation-platform-zato/,https://s.yimg.com/lo/mysterio/api/3bb1734ac02305bc195f5b1c763cf2a7971e305ae888501d94245e7e96c9b61c/lightyear_networkapi/resizefill_w1200%3Bquality_80%3Bformat_webp/https%3A%2F%2Fmedia.zenfs.com%2Fen%2Fthe_accountant_923%2F8c10c3ece7b5aa90d77322d0569377ac.jpg,"Chartered Accountants Australia and New Zealand's (CA ANZ) Member Benefits Program has entered into a partnership with Zato, a native AI platform for end-to-end compliance automation.
Through this a… [+2419 chars]",2026-09-21T15:02:04Z,2026-09-21,2026-09-22T18:03:30Z
21,RELIANCE.NS,"""Reliance Industries"" OR RELIANCE",Forkast.news,Lena Park,"36,785 Minds, 35,350 Humans: The Ethoswarm Protocol Has More Digital Beings Than People","For the first time, the population of digital minds on the Ethoswarm protocol has surpassed its human stewards. With 36,890 active minds operating alongside 35,363 humans, the platform has crossed a threshold where the primary inhabitants are no longer the bi…",https://forkast.news/36785-minds-35350-humans-the-ethoswarm-protocol-has-more-digital-beings-than-people/,https://forkast.news/wp-content/uploads/2026/09/mind-economy-candle-field-1024x687.jpg,"For the first time, the population of digital minds on the Ethoswarm protocol has surpassed its human stewards. With 36,785 active minds operating alongside 35,350 humans, the platform has crossed a … [+4076 chars]",2026-09-21T15:02:38Z,2026-09-21,2026-09-22T18:03:30Z
20,RELIANCE.NS,"""Reliance Industries"" OR RELIANCE",Ubergizmo,Paulo Montenegro,CMF Spins Off From Nothing As Independent Brand,"CMF is officially separating from Nothing to establish itself as an independent smartphone company headquartered in India. The strategic spin-off was announced by Carl Pei, CEO and founder of both brands, via X (formerly Twitter).  Under this new corporate fr…",https://www.ubergizmo.com/2026/09/cmf-spins-off-from-nothing-as-independent-brand/,https://i0.wp.com/cdnbunny.ubergizmo.com/wp-content/uploads/2026/09/cmf-nothing.jpg,"CMF is officially separating from Nothing to establish itself as an independent smartphone company headquartered in India. The strategic spin-off was announced by Carl Pei, CEO and founder of both br… [+2118 chars]",2026-09-21T15:03:28Z,2026-09-21,2026-09-22T18:03:30Z
19,RELIANCE.NS,"""Reliance Industries"" OR RELIANCE",Foreign Policy,Agathe Demarais,Nuclear Energy Is the Kremlin’s Latest Leverage Over Washington,The United States has done little to end its dependence on Russia for enriched uranium.,http://foreignpolicy.com/2026/09/21/uranium-russia-us-nuclear-energy-enrichment-sanctions-putin-trump/,https://foreignpolicy.com/wp-content/uploads/2026/09/russia-united-states-nuclear-GettyImages-979044272.jpg,"Between 1995 and 2013, the uranium from around 20,000 Soviet nuclear warheads supplied up to 10 percent of U.S. electricity. After the Cold War arms race, the Megatons to Megawatts program turned 500… [+9071 chars]",2026-09-21T15:22:39Z,2026-09-21,2026-09-22T18:03:30Z
18,RELIANCE.NS,"""Reliance Industries"" OR RELIANCE",Business Standard,Devangshu Datta,Tata Capital growth outlook stays positive despite near-term headwinds,"Retail and SME momentum supports Tata Capital's 23-25 per cent growth guidance, though funding costs, high crude prices and proposed RBI rules remain key risks.",https://www.business-standard.com/companies/news/tata-capital-growth-outlook-stays-positive-despite-near-term-headwinds-126092101277_1.html,https://bsmedia.business-standard.com/_media/bs/img/article/2025-10/03/thumb/fitandfill/1200X628/1759512830-1585.jpg,"Devangshu Datta5 min read Last Updated : Sep 21 2026 | 8:54 PM IST
At Tata Capitals recent analyst meet, management remained confident of its 23-25 per cent growth guidance, given momentum in retail… [+5063 chars]",2026-09-21T15:24:47Z,2026-09-21,2026-09-22T18:03:30Z
17,RELIANCE.NS,"""Reliance Industries"" OR RELIANCE",OilPrice.com,Charles Kennedy,Hungary Asks U.S. to Waive Tariffs Over Russian Oil Purchases,"Hungary is asking U.S. officials not to levy tariffs on the central European country which still buys Russian oil, in what could be a test for the new Hungarian leader who won a landslide election victory over President Trump’s ally Viktor Orban earlier this …",https://oilprice.com/Latest-Energy-News/World-News/Hungary-Asks-US-to-Waive-Tariffs-Over-Russian-Oil-Purchases.html,https://d32r1sh890xpii.cloudfront.net/news/1200x675/2026-09-21_c213hnimbp.jpg,"The total number of active…
Competition for energy assets is…
By Charles Kennedy - Sep 21, 2026, 10:30 AM CDTHungary is asking U.S. officials not to levy tariffs on the central European country whi… [+2278 chars]",2026-09-21T15:30:00Z,2026-09-21,2026-09-22T18:03:30Z
16,RELIANCE.NS,"""Reliance Industries"" OR RELIANCE",Financial Post,Business Wire,Greenland Resources Updates on Greenland Denmark US Agreement,"TORONTO — Greenland Resources Inc. (TSX:MOLY | OTCQX:GRLRF | FSE:M0LY) (“Greenland Resources” or the “Company”) welcomes the recent defence agreement among Greenland, Denmark, and the United States, which the Company believes will strengthen security and cert…",https://financialpost.com/pmn/business-wire-news-releases-pmn/greenland-resources-updates-on-greenland-denmark-us-agreement,,"TORONTO Greenland Resources Inc. (TSX:MOLY | OTCQX:GRLRF | FSE:M0LY) (Greenland Resources or the Company) welcomes the recent defence agreement among Greenland, Denmark, and the United States, which … [+11293 chars]",2026-09-21T15:47:25Z,2026-09-21,2026-09-22T18:03:30Z
15,RELIANCE.NS,"""Reliance Industries"" OR RELIANCE",Fortune,Jason Ma,China suffers another setback in effort to de-dollarize global finance as anchor in the greenback’s dominance quietly exits Beijing’s payment scheme,Saudi Arabia's central bank dropped out of China's mBridge digital payment platform last year.,https://fortune.com/2026/09/21/china-dedollarization-mbridge-saudi-central-bank-sama-us-dollar-dominance-petrodollar/,"https://fortune.com/img-assets/wp-content/uploads/2026/09/GettyImages-2290766418-e1789996561303.jpg?resize=1200,600","Saudi Arabia quietly dropped out of Chinas mBridge digital payment platform, which Beijing has touted as an alternative to the dollar-dominated SWIFT system, according to the Financial Times.China la… [+3846 chars]",2026-09-21T15:50:06Z,2026-09-21,2026-09-22T18:03:30Z
14,RELIANCE.NS,"""Reliance Industries"" OR RELIANCE",CBC News,Allison Jones,Ontario launches project to refurbish 4 nuclear reactors at Pickering plant,"An Ontario nuclear plant is beginning a massive refurbishment project today, as Premier Doug Ford's government looks to lean heavily on nuclear energy to serve the province's growing electricity needs.",https://www.cbc.ca/news/canada/toronto/pickering-nuclear-reactors-refurbishment-9.7352170,"https://i.cbc.ca/ais/fb837788-33a7-4c2f-b762-0934b7d548af,1790005456703/full/max/0/default.jpg?im=Crop%2Crect%3D%280%2C0%2C5280%2C2970%29%3BResize%3D620","An Ontario nuclear plant is beginning a massive refurbishment project today, as Premier Doug Ford's government looks to lean heavily on nuclear energy to serve the province's growing electricity need… [+904 chars]",2026-09-21T16:01:24Z,2026-09-21,2026-09-22T18:03:30Z
13,RELIANCE.NS,"""Reliance Industries"" OR RELIANCE",Business Standard,Our Bureau,"T-Mobile, Jio launch world's first 5G Standalone roaming connection","Jio customers can roam on T-Mobile's 5G SA network in the US, while T-Mobile customers can access Jio's 5G SA network while travelling in India",https://www.business-standard.com/technology/tech-news/t-mobile-jio-launch-world-s-first-5g-standalone-roaming-connection-126092101366_1.html,https://bsmedia.business-standard.com/_media/bs/img/article/2026-09/21/thumb/fitandfill/1200X628/1790007939-4503.jpg,"Jio customers can roam on T-Mobile's 5G SA network in the US, while T-Mobile customers can access Jio's 5G SA network while travelling in India
US' second-largest telecom service provider T-Mobile a… [+2678 chars]",2026-09-21T16:28:34Z,2026-09-21,2026-09-22T18:03:30Z
12,RELIANCE.NS,"""Reliance Industries"" OR RELIANCE",Thekitchn.com,Alexandra Foster,"For Nights When I Don’t Feel Like Cooking, This Meal Delivery Service Is a Seriously Delicious Alternative","There are tons of meal kits on the market, but few totally cater to plant-based eaters. So as a vegetarian, when I heard about Mosaic Foods, the completely plant-based meal delivery service, I was instantly intrigued. I spent a month trying Mosaic Foods’ meal…",https://www.thekitchn.com/mosaic-foods-23845573,"https://cdn.apartmenttherapy.info/image/upload/f_auto,q_auto:eco,c_fill,g_auto,w_1500,ar_3:2/k%2FDesign%2F2026%2F09-2026%2FMosaic%20Meal%20Kit%2F09-26-k-Mosaic_Lead","We independently select these products—if you buy from one of our links, we may earn a commission. All prices were accurate at the time of publishing.
There are tons of meal kits on the market, but … [+10341 chars]",2026-09-21T16:30:00Z,2026-09-21,2026-09-22T18:03:30Z
11,RELIANCE.NS,"""Reliance Industries"" OR RELIANCE",Crypto Briefing,Editorial Team,Harvey embraces open AI models to reduce reliance on Anthropic and OpenAI,"Harvey's shift to open AI models could inspire legal tech firms to reduce costs and dependency on proprietary providers, fostering innovation.
The post Harvey embraces open AI models to reduce reliance on Anthropic and OpenAI appeared first on Crypto Briefing.",https://cryptobriefing.com/harvey-open-ai-models-anthropic-openai/,https://static.cryptobriefing.com/wp-content/uploads/2026/09/21123428/library-harvey-embraces-open-ai-models-to-reduce-reliance-on-ant-800x450.png,"The legal AI startup's gross margins cratered from 50% to -50% in six months, forcing a hard rethink of its model strategy Harvey built its legal AI platform on the backs of OpenAI and Anthropic. The… [+3840 chars]",2026-09-21T16:34:31Z,2026-09-21,2026-09-22T18:03:30Z
10,RELIANCE.NS,"""Reliance Industries"" OR RELIANCE",Amazon.com,Tareq Haschemi,"How BMW Group detects cost anomalies across 14,000 cloud accounts","BMW Group operates CLEA, a FinOps platform monitoring more than 14,000 cloud accounts. This post shows how BMW added automated daily cost anomaly detection, moving from reactive dashboards to proactive alerts using Prophet forecasting, AWS Step Functions, and…",https://aws.amazon.com/blogs/machine-learning/how-bmw-group-detects-cost-anomalies-across-14000-cloud-accounts/,https://d2908q01vomqb2.cloudfront.net/f1f836cb4ea6efb2a0b1b99f41ad8b103eff4b59/2026/09/16/ML-21627-featured-image.png,"This post is co-written with Philipp Karg from BMW Group and Christopher Masurek from Data Reply.
Cost anomalies are hard to spot when you run 14,000 cloud accounts. BMW Group operates Cloud Efficie… [+16826 chars]",2026-09-21T16:36:10Z,2026-09-21,2026-09-22T18:03:30Z
9,RELIANCE.NS,"""Reliance Industries"" OR RELIANCE",Decrypt,Stephen Graves,Sony Says You Don't Own the Games You Bought. Crypto Says It Can Fix That,"Crypto advocates argue that NFTs can deliver real digital ownership, but privacy gaps and integration hurdles have held the tech back.",https://decrypt.co/378745/sony-dont-own-games-you-bought-crypto-fix-that,https://cdn.decrypt.co/resize/1024/height/512/wp-content/uploads/2026/09/cd-compact-disc-blu-ray-decrypt-style-gID_7.jpg,"In brief
<ul><li>Sony has argued in court that players don't own the digital games they buy, the latest flashpoint in a long-running dispute over digital ownership.</li><li>Traditional property law … [+6888 chars]",2026-09-21T16:46:03Z,2026-09-21,2026-09-22T18:03:30Z
8,RELIANCE.NS,"""Reliance Industries"" OR RELIANCE",Boredpanda.com,Analice Couto,New Details Suggest What May Have Led To Presley Gerber’s Tragic Passing At A Treatment Facility,A source has shed light on Presley Gerber’s cause of demise as authorities continue their official investigation.,https://www.boredpanda.com/new-details-suggest-what-may-have-led-to-presley-gerbers-tragic-passing/,https://static.boredpanda.com/blog/wp-content/uploads/2026/09/fb_image_6ab15d90b127d.png,"Presley Gerber, the 27-year-old son of supermodel Cindy Crawford, had a well-documented history of depression and panic attacks before he passed away at a treatment facility in Los Angeles on Sunday,… [+4083 chars]",2026-09-21T16:55:04Z,2026-09-21,2026-09-22T18:03:30Z
7,RELIANCE.NS,"""Reliance Industries"" OR RELIANCE",PRNewswire,,"INSEAD AI Forum Americas debates AI's impact across industry, careers and society","FONTAINEBLEAU, France and SINGAPORE and SAN FRANCISCO, Sept. 21, 2026 /PRNewswire/ -- Every industry is now being asked the same question: not whether to adopt AI, but how to do so in a way that strengthens rather than hollows out the organisations and people…",https://www.prnewswire.com/news-releases/insead-ai-forum-americas-debates-ais-impact-across-industry-careers-and-society-302884760.html,https://mmx.prnewswire.com/media/MS1992579/INSEAD_Logo.jpg?id=OA2960302&p=facebook,"FONTAINEBLEAU, France and SINGAPORE and SAN FRANCISCO, Sept. 21, 2026 /PRNewswire/ -- Every industry is now being asked the same question: not whether to adopt AI, but how to do so in a way that stre… [+7719 chars]",2026-09-21T17:00:00Z,2026-09-21,2026-09-22T18:03:30Z
6,RELIANCE.NS,"""Reliance Industries"" OR RELIANCE",The Times of India,Kaushik Pradhan,CM woos Reliance investment in meet with Ambanis,"West Bengal CM Suvendu Adhikari meets Mukesh and Anant Ambani to seek Reliance investment in IT, semiconductors, biogas and a possible Vantara project.",https://timesofindia.indiatimes.com/city/kolkata/cm-woos-reliance-investment-in-meet-with-ambanis/articleshow/134394540.cms,"https://static.toiimg.com/thumb/msid-134394538,width-1280,height-720,resizemode-6,overlay-toi_sw,pt-32,y_pad-600/photo.jpg","Follow Us On Social Media
Copyright © 2026 Bennett, Coleman &amp; Co. Ltd. All rights reserved. For reprint rights: Times Syndication Service",2026-09-21T17:07:28Z,2026-09-21,2026-09-22T18:03:30Z
5,RELIANCE.NS,"""Reliance Industries"" OR RELIANCE",Globalresearch.ca,Mike Whitney,Trump and Bibi Plan for War While Houthis Blast Riyadh,"On Saturday, the Houthis launched ballistic missiles at targets in Saudi Arabia setting a fuel storage facility ablaze while forcing the closure of the King Khalid International Airport in Riyadh. Saudi’s Civil Defense agency issued emergency alerts for a “ho…",https://www.globalresearch.ca/trump-bibi-plan-war-houthis-blast-riyadh/5941228,https://www.globalresearch.ca/wp-content/uploads/2024/06/red-sea-houthis-yemen.jpeg,"On Saturday, the Houthis launched ballistic missiles at targets in Saudi Arabia setting a fuel storage facility ablaze while forcing the closure of the King Khalid International Airport in Riyadh. Sa… [+21022 chars]",2026-09-21T17:12:07Z,2026-09-21,2026-09-22T18:03:30Z
4,RELIANCE.NS,"""Reliance Industries"" OR RELIANCE",Business Insider,Ivy Ge,"I left my job at 50 and retired to Mexico. After 3 years, there are 5 things I'd tell any American hoping to do the same.","As an American who left my job in the US to retire in Mexico at 50, I have tips for others planning early retirement abroad,  plus mistakes to avoid.",https://www.businessinsider.com/american-retired-early-mexico-best-tips-retiring-abroad-50s-mistakes-2026-9#article,https://i.insider.com/6aa82e54ec15fe2d3cf170b7?width=1200&format=jpeg,"Retiring abroad early was challenging but worth it for me.Ivy Ge
<ul><li>At 50, I left my full-time job as a pharmacist in the US and retired abroad in Mexico.</li><li>I wish I'd tested living in my… [+6957 chars]",2026-09-21T17:16:01Z,2026-09-21,2026-09-22T18:03:30Z
3,RELIANCE.NS,"""Reliance Industries"" OR RELIANCE",Financial Post,Serah Louis,What would being an ‘associate member’ of the EU mean for the Canadian economy and businesses?,Here's what Canada's new partnership with the European Union means for the economy and what businesses can expect moving forward. Read more.,https://financialpost.com/news/economy/associate-member-eu-mean-canada-economy-businesses,https://smartcdn.gprod.postmedia.digital/financialpost/wp-content/uploads/2026/09/no0921carney-ursula.jpg,"Karaguesian said if the remaining 10 countries that did not ratify CETA had concerns over Canadian products flooding their markets, they could be equally hesitant to include Canada as an associate me… [+3053 chars]",2026-09-21T17:40:45Z,2026-09-21,2026-09-22T18:03:30Z
2,RELIANCE.NS,"""Reliance Industries"" OR RELIANCE",Daily Signal,Jarrett Stepman,Utopian Net Zero Just Got Riskier,"Consider the argument that net zero commitments by U.S. companies are indefensible. First, it is possible that every U.S. corporation could meet its net zero commitments and yet have no impact on global warming so long as other countries keep emitting greenho…",https://www.dailysignal.com/2026/09/21/utopian-net-zero-just-got-riskier-net-zero/,https://static.dailysignalmedia.org/2026/09/260921_NetZero.jpg,"Consider the argument that net zero commitments by U.S. companies are indefensible.
First, it is possible that every U.S. corporation could meet its net zero commitments and yet have no impact on gl… [+4932 chars]",2026-09-21T17:45:00Z,2026-09-21,2026-09-22T18:03:30Z
1,RELIANCE.NS,"""Reliance Industries"" OR RELIANCE",Crypto Briefing,Estefano Gomez,"Microsoft, Anthropic dominate Nscale’s $103B IPO contract backlog","Nscale's reliance on major tech contracts may boost its IPO appeal, but financing uncertainties could affect long-term market confidence.
The post Microsoft, Anthropic dominate Nscale’s $103B IPO contract backlog appeared first on Crypto Briefing.",https://cryptobriefing.com/microsoft-anthropic-dominate-nscales-103b-ipo-contract-backlog/,https://static.cryptobriefing.com/wp-content/uploads/2026/09/21134720/library-microsoft-anthropic-dominate-nscale-s-103b-ipo-contract--1-800x450.png,"Nscale, a London-based AI infrastructure firm, has revealed that its upcoming U.S. IPO will feature a contract backlog largely composed of agreements with tech giants Microsoft and Anthropic. These t… [+1815 chars]",2026-09-21T17:47:21Z,2026-09-21,2026-09-22T18:03:30Z
198,TCS.NS,"""Tata Consultancy Services"" OR TCS",BusinessLine,Madhu Balaji,"HCL Tech leads IT stocks rally, AI sector repricing triggers relief move in Indian IT","The gains came as Indian IT stocks saw a relief rally amid a broader recalibration in the global technology sector, according to Vinit Bolinjkar, Head of Research at Ventura.",https://www.thehindubusinessline.com/markets/stock-markets/hcl-tech-leads-it-stocks-rally-ai-sector-repricing-triggers-relief-move-in-indian-it/article71467195.ece,https://bl-i.thgim.com/public/incoming/9tfa5a/article71466172.ece/alternates/LANDSCAPE_1200/iStock-1465618017.jpg,"IT stocks were among the top gainers in Tuesdays trade, with the Nifty IT index rising over 5 per cent in early trade to 30,435 from the previous close of 28,921.50.
At the time of writing, the inde… [+2209 chars]",2026-09-15T08:06:35Z,2026-09-15,2026-09-22T18:03:31Z
197,TCS.NS,"""Tata Consultancy Services"" OR TCS",Business Standard,Reuters,RBI files caveat after rejecting Tata Sons bid to avoid market listing,"The move follows the RBI's rejection of Tata Sons' application to deregister as a non-banking financial company, a decision that pushes the holding company closer to a stock market listing",https://www.business-standard.com/companies/news/rbi-files-caveat-after-rejecting-tata-sons-bid-to-avoid-market-listing-126091500493_1.html,https://bsmedia.business-standard.com/_media/bs/img/article/2026-06/24/thumb/fitandfill/1200X628/1782296594-1335.jpg,The Reserve Bank of India (RBI) - the country's central bank and banking regulator - has pre-emptively approached the courts seeking to be heard in any matter filed related to the listing of Tata Son… [+1677 chars],2026-09-15T08:19:37Z,2026-09-15,2026-09-22T18:03:31Z
196,TCS.NS,"""Tata Consultancy Services"" OR TCS",Business Standard,Capital Market,"Nifty slides below 23,300 as intense selling resumes; European shares edge lower","The benchmark indices resumed their downward trajectory and hit fresh intraday low in afternoon trade, as sentiment remained weak amid mixed global cues. Rising crude oil prices and elevated global bond yields continued to weigh on risk appetite.",https://www.business-standard.com/markets/capital-market-news/nifty-slides-below-23-300-as-intense-selling-resumes-european-shares-edge-lower-126091500511_1.html,https://www.business-standard.com/assets/web-assets/images/Business_Standard_1_685x385.jpg,"The benchmark indices resumed their downward trajectory and hit fresh intraday low in afternoon trade, as sentiment remained weak amid mixed global cues. Rising crude oil prices and elevated global b… [+4206 chars]",2026-09-15T08:20:19Z,2026-09-15,2026-09-22T18:03:31Z
195,TCS.NS,"""Tata Consultancy Services"" OR TCS",The Times of India,Debaroti Adhikary,"Sensex crashes over 1,300 pts from day’s high, Nifty below 23,200. 5 triggers behind Rs 7L cr wipeout","Indian markets faced a notable downturn, witnessing significant erosion of capitalisation. Factors like climbing US bond yields and escalating oil prices heightened inflation fears among investors. Anticipation of a rate hike by the Federal Reserve added to t…",https://economictimes.indiatimes.com/markets/stocks/news/why-is-market-down-today-sensex-crashes-over-1300-pts-from-days-high-nifty-below-23200-5-triggers-behind-rs-7l-cr-wipeout/articleshow/134257556.cms,"https://img.etimg.com/thumb/msid-134257839,width-1200,height-630,imgsize-155020,overlay-etmarkets/articleshow.jpg","Indian markets reversed sharply after rising in early trade, as surging bond yields, climbing oil prices, and a wave of global uncertainty rattled investor sentiment.The Sensex plunged nearly 1,360 p… [+5663 chars]",2026-09-15T09:44:37Z,2026-09-15,2026-09-22T18:03:31Z
194,TCS.NS,"""Tata Consultancy Services"" OR TCS",Business Standard,Capital Market,TCS to support Aareal Bank digital transformation programme,"Tata Consultancy Services (TCS) announced a long-term strategic partnership with Aareal Bank, a leading international property specialist, to transform its technology landscape with an AI-powered, cloud-first operating model. The collaboration marks a signifi…",https://www.business-standard.com/markets/capital-market-news/tcs-to-support-aareal-bank-digital-transformation-programme-126091500692_1.html,https://www.business-standard.com/assets/web-assets/images/Business_Standard_1_685x385.jpg,"Tata Consultancy Services (TCS) announced a long-term strategic partnership with Aareal Bank, a leading international property specialist, to transform its technology landscape with an AI-powered, cl… [+1305 chars]",2026-09-15T10:20:02Z,2026-09-15,2026-09-22T18:03:31Z
193,TCS.NS,"""Tata Consultancy Services"" OR TCS",Business Standard,Capital Market,Shares tumble as rising oil prices and bond yields intensify pressure,"The key equity benchmarks ended sharply lower on Tuesday, reversing early gains. Rising crude oil prices and higher US Treasury yields weighed on sentiment. The sell-off intensified as investors awaited the US Federal Reserve's policy decision on Wednesday. T…",https://www.business-standard.com/markets/capital-market-news/shares-tumble-as-rising-oil-prices-and-bond-yields-intensify-pressure-126091500871_1.html,https://www.business-standard.com/assets/web-assets/images/Business_Standard_1_685x385.jpg,"The key equity benchmarks ended sharply lower on Tuesday, reversing early gains. Rising crude oil prices and higher US Treasury yields weighed on sentiment. The sell-off intensified as investors awai… [+9111 chars]",2026-09-15T11:46:10Z,2026-09-15,2026-09-22T18:03:31Z
192,TCS.NS,"""Tata Consultancy Services"" OR TCS",BusinessLine,BL Mumbai Bureau,TCS partners with Dubai Gold & Commodities Exchange for next-gen derivatives market infrastructure,The transformation programme will strengthen DGCX’s ability to respond to the evolving needs of regional and international market participants across established and emerging asset classes,https://www.thehindubusinessline.com/markets/commodities/tcs-partners-with-dubai-gold-commodities-exchange-for-next-gen-derivatives-market-infrastructure/article71467785.ece,https://bl-i.thgim.com/public/incoming/ej646q/article71442177.ece/alternates/LANDSCAPE_1200/2026-01-12T102442Z_1326833458_RC2NF5AVZCL2_RTRMADP_3_TCS-RESULTS.JPG,Tata Consultancy Services (TCS) has partnered with the Dubai Gold &amp; Commodities Exchange (DGCX) to modernise and future-proof its market infrastructure through a next-generation integrated tradin… [+1947 chars],2026-09-15T11:48:17Z,2026-09-15,2026-09-22T18:03:31Z
191,TCS.NS,"""Tata Consultancy Services"" OR TCS",Business Standard,Khushboo Tiwari,Tata Group firms with stakes in Tata Sons rally on listing expectations,"Tata Group stocks rallied after the RBI rejected Tata Sons' bid to shed its core investment company status, fuelling expectations of a potential listing",https://www.business-standard.com/markets/ipo/tata-group-firms-with-stakes-in-tata-sons-rally-on-listing-expectations-126091500878_1.html,https://bsmedia.business-standard.com/_media/bs/img/article/2026-04/19/thumb/fitandfill/1200X628/1776620914-3653.jpg,"Tata Group stocks rallied after the RBI rejected Tata Sons' bid to shed its core investment company status, fuelling expectations of a potential listing
Khushboo TiwariMumbai2 min read Last Updated … [+2065 chars]",2026-09-15T11:49:46Z,2026-09-15,2026-09-22T18:03:31Z
190,TCS.NS,"""Tata Consultancy Services"" OR TCS",BusinessLine,Anupama Ghosh,"Crude shock, bond jitters send Sensex, Nifty into a rout","The BSE Sensex dropped 777.94 points to close at 74,003.82, while the NSE Nifty 50 fell 279.50 points to settle at 23,118.60, its lowest since April 6, 2026",https://www.thehindubusinessline.com/markets/crude-shock-bond-jitters-send-sensex-nifty-into-a-rout/article71468059.ece,https://bl-i.thgim.com/public/incoming/nl9m9i/article71468200.ece/alternates/LANDSCAPE_1200/iStock-909822252.jpg,"Markets suffered one of their worst sessions in months on Tuesday, as a triple blow of surging crude oil prices, multi-year highs in US bond yields and a weakening rupee sent benchmark indices sharpl… [+3512 chars]",2026-09-15T12:23:45Z,2026-09-15,2026-09-22T18:03:31Z
189,TCS.NS,"""Tata Consultancy Services"" OR TCS",Plos.org,"Irene Guzmán-Benito, Carmen Robinson, Livia Donaire, Lourdes Fernández-Calvino, José Manuel Franco-Zorrilla, Ruixia Niu, Guoyong Xu, Catharina Merchante, César Llave",Dual regulation of the receptor-like kinase BIR1 involves site-directed transcript cleavage and 5’-leader-mediated translational control,"Author summary Plants must tightly control immune responses to ensure effective defense while avoiding immune-associated self-damage. In Arabidopsis thaliana, the receptor-like kinase BIR1 functions as a negative regulator of multiple immune resistance pathwa…",https://journals.plos.org/plospathogens/article?id=10.1371/journal.ppat.1014571,https://journals.plos.org/plospathogens/article/figure/image?id=10.1371/journal.ppat.1014571.g008&size=inline,"Citation: Guzmán-Benito I, Robinson C, Donaire L, Fernández-Calvino L, Franco-Zorrilla JM, Niu R, et al. (2026) Dual regulation of the receptor-like kinase BIR1 involves site-directed transcript clea… [+65887 chars]",2026-09-15T14:00:00Z,2026-09-15,2026-09-22T18:03:31Z
188,TCS.NS,"""Tata Consultancy Services"" OR TCS",PetaPixel,Jeremy Gray,Sony FE 400mm f/4.5 GM OSS Review: 994 Grams of Telephoto Glory,"The FE 400mm f/4.5 G Master OSS is Sony's long-awaited answer to the über-popular Nikon Nikkor Z 400mm f/4.5 VR S lightweight telephoto lens. Alongside the new FE 600mm f/6.3 GM OSS, the 400mm f/4.5 is also Sony's first alternative to the Sigma 500mm f/5.6 DG…",https://petapixel.com/2026/09/15/sony-fe-400mm-f-4-5-gm-oss-review-994-grams-of-telephoto-glory/,https://petapixel.com/assets/uploads/2026/09/sony400-f45-review-featured.jpg,"The FE 400mm f/4.5 G Master OSS is Sony’s long-awaited answer to the über-popular Nikon Nikkor Z 400mm f/4.5 VR S lightweight telephoto lens. Alongside the new FE 600mm f/6.3 GM OSS, the 400mm f/4.5 … [+11696 chars]",2026-09-15T14:01:19Z,2026-09-15,2026-09-22T18:03:31Z
187,TCS.NS,"""Tata Consultancy Services"" OR TCS",BusinessLine,PTI,"Nirmala Sitharaman urges Gen Z, Gen Alpha to put nation first and take up leadership","Addressing young graduates in Chennai, the Finance Minister highlighted India’s economic resilience and Tamil Nadu’s expanding professional opportunities",https://www.thehindubusinessline.com/news/education/nirmala-sitharaman-urges-gen-z-gen-alpha-to-put-nation-first-and-take-up-leadership/article71469202.ece,https://bl-i.thgim.com/public/incoming/bodbf/article71469299.ece/alternates/LANDSCAPE_1200/DSC_0671.JPG,"(from left) Ramesh Mahalingam, Trustee, The Madras Sanskrit College; S. Ramadorai, Former Chairman, TCS; Nirmala Sitharaman, Union Finance Minister; N. Gopalswamy, Former CEC and President, VKISET Tr… [+3630 chars]",2026-09-15T15:20:00Z,2026-09-15,2026-09-22T18:03:31Z
186,TCS.NS,"""Tata Consultancy Services"" OR TCS",Business Standard,Pravin Palande,"Rising crude oil, yields sour Nifty; expiry auction adds the sting","IT stocks emerge as bright spot, buck selloff; mid and smallcaps slide",https://www.business-standard.com/markets/news/rising-crude-oil-yields-sour-nifty-expiry-auction-adds-the-sting-126091501191_1.html,https://bsmedia.business-standard.com/_media/bs/img/article/2026-09/15/thumb/featurecrop/1200X628/1789492383-5881.jpg,"Representative Image
Pravin Palande3 min read Last Updated : Sep 15 2026 | 10:44 PM IST
Brent crude above $106 a barrel and the US 10-year Treasury yield above 5 per cent turned an opening rally in… [+2825 chars]",2026-09-15T17:14:40Z,2026-09-15,2026-09-22T18:03:31Z
185,TCS.NS,"""Tata Consultancy Services"" OR TCS",Nature.com,"Konstantin Kaganovsky, Kevin W. Kelley, Tilo Gschwind, Paul M. Harary, John Kochalka, Alexander D. White, Garikoitz Lerma-Usabiaga, Xiaoyu Chen, Omer Revah, Felicity Gore, Ayano Aoyama, Jennifer L. Shadrach, Se-Jin Yoon, Alfredo Valencia, Satoe Ogawa, Noah Reis, Hannes Vogel, Brian Wandell, Julia A. Kaltschmidt, Ivan Soltesz, Karl Deisseroth, Sergiu P. Pașca",Developmental xenocortication using human-derived organoids in mice,Xenocortication with human neurons enables circuit- and behaviour-level analysis of neurodevelopment in mice.,https://www.nature.com/articles/s41586-026-11032-2,https://media.springernature.com/m685/springer-static/image/art%3A10.1038%2Fs41586-026-11032-2/MediaObjects/41586_2026_11032_Fig1_HTML.png,"Genetically encoded cortical depletion
Emx1-cre (JAX, B6.129S2-Emx1tm1(cre)Krj/J), Esco2fl/fl (JAX, B6N.129S-Esco2tm1.1Ge/J) and C57BL SCID (JAX, B6.Cg-Prkdcscid/SzJ) mice were used to generate the … [+86834 chars]",2026-09-16T00:00:00Z,2026-09-16,2026-09-22T18:03:31Z
184,TCS.NS,"""Tata Consultancy Services"" OR TCS",The Times of India,ET Bureau,IT stocks rebound as AI disruption fears ease; Nifty IT index gains 2.19%,"On Tuesday, information technology stocks saw a notable recovery as investor confidence returned, easing worries surrounding artificial intelligence disruptions. The Nifty IT index performed robustly, surpassing other sector indices. Analysts suggest that AI …",https://economictimes.indiatimes.com/markets/stocks/news/it-stocks-rebound-as-ai-disruption-fears-ease-nifty-it-index-gains-2-19/articleshow/134275729.cms,"https://img.etimg.com/thumb/msid-134275734,width-1200,height-630,imgsize-190568,overlay-etmarkets/articleshow.jpg","Mumbai: Information technology stocks staged a strong rebound on Tuesday, with investors returning to the sector as concerns over the pace of artificial intelligence development eased fears of a shar… [+2483 chars]",2026-09-16T00:32:24Z,2026-09-16,2026-09-22T18:03:31Z
183,TCS.NS,"""Tata Consultancy Services"" OR TCS",Naturalnews.com,Zoey Sky,WARNING: 10 Cosmetic Ingredients Under Toxicological Scrutiny,"Cosmetics are designed to make skin, hair and nails look, smell and feel better. Yet the chemistry behind those effects can be considerably less appealing. Preservatives, solvents, fragrances, pigments, plasticizers and other functional ingredients can expose…",https://www.naturalnews.com/2026-09-16-warning-10-cosmetic-ingredients-under-toxicological-scrutiny.html,https://www.naturalnews.com/wp-content/uploads/sites/91/2026/09/Cream-Lotion-Skin-Care-Legs-Woman.jpg,"Cosmetics are designed to make skin, hair and nails look, smell and feel better. Yet the chemistry behind those effects can be considerably less appealing.
Preservatives, solvents, fragrances, pigme… [+9292 chars]",2026-09-16T06:00:00Z,2026-09-16,2026-09-22T18:03:31Z
182,TCS.NS,"""Tata Consultancy Services"" OR TCS",The Times of India,Debaroti Adhikary,"Sensex rises 400 points, Nifty nears 23,250 as investors await Fed meeting outcome. What to expect?","Sensex and Nifty rebounded around 0.5% on Wednesday after Tuesday’s selloff wiped out more than Rs 9 lakh crore from Dalal Street. Investors await the Federal Reserve’s policy decision, while elevated US bond yields and crude prices continue to weigh on senti…",https://economictimes.indiatimes.com/markets/stocks/news/sensex-rises-400-points-nifty-nears-23250-as-investors-await-fed-meeting-outcome-what-to-expect/articleshow/134279785.cms,"https://img.etimg.com/thumb/msid-134279872,width-1200,height-630,imgsize-2595934,overlay-etmarkets/articleshow.jpg","The Indian stock market rebounded on Wednesday, with the Sensex and Nifty rising around 0.5% each after Tuesdays crash wiped out more than Rs 9 lakh crore from Dalal Street.The Sensex rose over 400 p… [+3950 chars]",2026-09-16T06:14:02Z,2026-09-16,2026-09-22T18:03:31Z
181,TCS.NS,"""Tata Consultancy Services"" OR TCS",Business Standard,Press Trust of India,Independent tax policy research should enter public discourse: Sitharaman,"Union Finance Minister Nirmala Sitharaman on Wednesday called for independent research on tax policy to become part of public discourse, saying tax professionals must look beyond sectoral interests and put the national interest first.
Sitharaman was speaking …",https://www.business-standard.com/industry/news/independent-tax-policy-research-should-enter-public-discourse-sitharaman-126091600445_1.html,https://bsmedia.business-standard.com/_media/bs/img/article/2026-09/16/thumb/fitandfill/1200X628/1789537287-9444.jpg,"Union Finance Minister Nirmala Sitharaman on Wednesday called for independent research on tax policy to become part of public discourse, saying tax professionals must look beyond sectoral interests a… [+927 chars]",2026-09-16T07:22:35Z,2026-09-16,2026-09-22T18:03:31Z
180,TCS.NS,"""Tata Consultancy Services"" OR TCS",The Times of India,Somanjali Das,Tata Group stocks fall up to 7% after Tuesday’s IPO-buzz rally. Which stocks led the losses?,"Tata Group stocks tumbled on Wednesday as investors likely booked profits after the previous session’s sharp rally, which was driven by renewed expectations of a potential Tata Sons IPO.",https://economictimes.indiatimes.com/markets/stocks/news/tata-group-stocks-fall-up-to-7-after-tuesdays-ipo-buzz-rally-which-stocks-led-the-losses/articleshow/134281314.cms,"https://img.etimg.com/thumb/msid-134281346,width-1200,height-630,imgsize-2463252,overlay-etmarkets/articleshow.jpg","Tata Group stocks tumbled up to 7% on Wednesday, September 16, as investors likely booked profits following the previous sessions sharp rally on renewed expectations of a potential Tata Sons initial … [+2439 chars]",2026-09-16T07:29:24Z,2026-09-16,2026-09-22T18:03:31Z
179,TCS.NS,"""Tata Consultancy Services"" OR TCS",BusinessLine,Anupama Ghosh,"Sensex, Nifty hold morning gains at midday; IT drags as metals, FMCG shine ahead of Fed call","Equity benchmarks were holding onto moderate gains at midday on Wednesday, though the rally remained selective and uneven, with information technology stocks emerging as the session’s key drag while metals, FMCG and insurance counters lent support.",https://www.thehindubusinessline.com/markets/stock-markets/sensex-nifty-hold-morning-gains-at-midday-it-drags-as-metals-fmcg-shine-ahead-of-fed-call/article71471537.ece,https://bl-i.thgim.com/public/incoming/nk7zfn/article71333278.ece/alternates/LANDSCAPE_1200/PO01_Trading.jpg,"Equity benchmarks were holding onto moderate gains at midday on Wednesday, though the rally remained selective and uneven, with information technology stocks emerging as the sessions key drag while m… [+3360 chars]",2026-09-16T07:36:25Z,2026-09-16,2026-09-22T18:03:31Z
178,TCS.NS,"""Tata Consultancy Services"" OR TCS",Business Standard,Capital Market,"Nifty holds above 23,250 level; European shares trade mostly in green","The benchmark indices traded near the day's high in afternoon trade, tracking positive cues from Asian markets as the recent rally in crude oil prices paused. Investors remained cautious ahead of the US Federal Reserves policy meeting later today. The Nifty s…",https://www.business-standard.com/markets/capital-market-news/nifty-holds-above-23-250-level-european-shares-trade-mostly-in-green-126091600540_1.html,https://www.business-standard.com/assets/web-assets/images/Business_Standard_1_685x385.jpg,"The benchmark indices traded near the day's high in afternoon trade, tracking positive cues from Asian markets as the recent rally in crude oil prices paused. Investors remained cautious ahead of the… [+4789 chars]",2026-09-16T08:20:07Z,2026-09-16,2026-09-22T18:03:31Z
177,TCS.NS,"""Tata Consultancy Services"" OR TCS",BusinessLine,"Team BL, KS Badri Narayanan","Sensex today | Stock Market Highlights: Sensex gains 333 points, Nifty rises 99 points; FMCG, PSU banks outperform","Sensex Today, Nifty 50 | Stock Market Highlights, 16th September 2026: Indian equity markets closed higher on Wednesday, tracking gains across regional markets as investor sentiment remained supported by expectations surrounding the US Federal Reserve’s inter…",https://www.thehindubusinessline.com/markets/sensex-nifty50-today-stock-market-highlights-16th-september-2026/article71468722.ece,https://bl-i.thgim.com/public/incoming/oet1zt/article71018310.ece/alternates/LANDSCAPE_1200/stock%20market%20graph.jpg,"<li></li>
September 16, 2026 15:46Closing bell: Sensex rises 333 points, Nifty gains 99 points; IT drags
BSE Sensex settled 332.63 pts or 0.45% higher at 74,336.45. Nifty 50 was up 99 pts or 0.43% … [+67281 chars]",2026-09-16T10:42:35Z,2026-09-16,2026-09-22T18:03:31Z
176,TCS.NS,"""Tata Consultancy Services"" OR TCS",BusinessLine,BL Hyderabad Bureau,TTD to provide ₹2 lakh insurance cover to every pilgrim visiting Tirumala,"The scheme will be Aadhaar-based and provided online, as the government outlines plans to develop Tirumala as a sacred pilgrimage centre",https://www.thehindubusinessline.com/news/national/ttd-to-provide-2-lakh-insurance-cover-to-every-pilgrim-visiting-tirumala/article71471811.ece,https://bl-i.thgim.com/public/incoming/y630jg/article71472156.ece/alternates/LANDSCAPE_1200/10215_28_9_2025_19_2_22_1_WHATSAPPIMAGE2025_09_28AT70045PM.JPEG,"The Tirumala Tirupati Devasthanams (TTD) has decided to provide insurance cover to every pilgrim visiting Tirumala, with an ex-gratia payment of 2 lakh if a pilgrim dies at the hill shrine, Chief Min… [+2609 chars]",2026-09-16T11:17:44Z,2026-09-16,2026-09-22T18:03:31Z
175,TCS.NS,"""Tata Consultancy Services"" OR TCS",The Times of India,Kumar Gaurav,"Market wrap: SBI, HDFC Life, TCS, Infosys top gainers and losers on Nifty and Sensex on Thursday","Indian equities recovered on September 16, with Nifty and Sensex gaining over 0.4% as banking and heavyweight stocks attracted value buying. Broader markets remained weak, while FMCG and PSU banks advanced. Investors now await the Federal Reserve’s rate decis…",https://economictimes.indiatimes.com/markets/stocks/news/market-wrap-sbi-hdfc-life-tcs-infosys-top-gainers-and-losers-on-nifty-and-sensex-on-thursday/articleshow/134286572.cms,"https://img.etimg.com/thumb/msid-134286572,width-1200,height-630,imgsize-146002,overlay-etmarkets/articleshow.jpg","Indian equities staged a measured recovery on Wednesday, September 16, with value buying emerging in banking stocks and select heavyweight counters following Tuesdays sharp decline.The Nifty 50 close… [+2376 chars]",2026-09-16T11:33:51Z,2026-09-16,2026-09-22T18:03:31Z
174,TCS.NS,"""Tata Consultancy Services"" OR TCS",BusinessLine,Anupama Ghosh,Fed watch freezes Dalal Street; Nifty ekes out modest gains after brutal sell-off,"Dalal Street shows modest recovery as Nifty and Sensex gain, but market sentiment remains cautious ahead of the Fed's decision.",https://www.thehindubusinessline.com/markets/fed-watch-freezes-dalal-street-nifty-ekes-out-modest-gains-after-brutal-sell-off/article71472309.ece,https://bl-i.thgim.com/public/incoming/mim0fr/article71472324.ece/alternates/LANDSCAPE_1200/IMG_BL28_Think_financial_2_1_3HF33AAA.jpg,"Markets clawed back some ground on Wednesday after the previous sessions sharp sell-off, but gains remained tentative as investors held back ahead of the US Federal Reserves policy decision due later… [+2891 chars]",2026-09-16T12:01:33Z,2026-09-16,2026-09-22T18:03:31Z
173,TCS.NS,"""Tata Consultancy Services"" OR TCS",The Times of India,,TTD to offer Rs 2 lakh insurance to devotees; Andhra Pradesh CM Naidu announces major temple development plans,Tirumala Tirupati Devasthanams will offer insurance coverage to every devotee through LIC.  The temple trust also plans to construct new Srivari temples globally and across Andhra Pradesh.  Reliance Foundation and Bharat Biotech donated electric buses to prom…,https://economictimes.indiatimes.com/news/politics-and-nation/ttd-to-offer-rs-2-lakh-insurance-to-devotees-andhra-pradesh-cm-naidu-announces-major-temple-development-plans/articleshow/134287378.cms,"https://img.etimg.com/thumb/msid-134287727,width-1200,height-630,imgsize-166274,overlay-economictimes/articleshow.jpg",Andhra Pradesh Chief Minister N Chandrababu Naidu announced Tirumala Tirupati Devasthanam's (TTD) decision to provide insurance coverage to every devotee in partnership with LIC and extend Rs 2 lakh … [+3699 chars],2026-09-16T12:14:47Z,2026-09-16,2026-09-22T18:03:31Z
172,TCS.NS,"""Tata Consultancy Services"" OR TCS",BusinessLine,Suresh P Iyengar,Listing will provide Tata Sons more power to fund Group’s big projects: InGovern,"InGovern advocates for a public Tata Sons to enhance capital allocation for major projects, improving flexibility and transparency.",https://www.thehindubusinessline.com/companies/listing-will-provide-tata-sons-more-power-to-fund-groups-big-projects-ingovern/article71471612.ece,https://bl-i.thgim.com/public/incoming/g2ry7l/article71472501.ece/alternates/LANDSCAPE_1200/2025-10-08T163043Z_1360061537_RC2I7HAR5LID_RTRMADP_3_INDIA-TECH.JPG,"Proxy advisory firm InGovern feels a listed Tata Sons would be better placed to support the Groups most capital-intensive bets, from semiconductors to aviation, arguing that the holding companys grow… [+2628 chars]",2026-09-16T12:55:27Z,2026-09-16,2026-09-22T18:03:31Z
171,TCS.NS,"""Tata Consultancy Services"" OR TCS",The Times of India,ET Online,"Tata Sons should commit to long-delayed IPO after RBI setback, proxy adviser says",InGovern Research Services advises Tata Sons to prepare for a stock market listing. The Reserve Bank of India rejected the company's bid to exit regulatory oversight. A public offering would benefit numerous indirect shareholders across group companies. Tata …,https://economictimes.indiatimes.com/news/company/corporate-trends/tata-sons-should-commit-to-long-delayed-ipo-after-rbi-setback-proxy-adviser-says/articleshow/134290758.cms,"https://img.etimg.com/thumb/msid-134291130,width-1200,height-630,imgsize-161060,overlay-economictimes/articleshow.jpg","Corporate governance advisory firm InGovern Research Services has urged the Tata Sons board to commit to a stock market listing, saying the Reserve Bank of Indias (RBI) rejection of the holding compa… [+6444 chars]",2026-09-16T15:10:34Z,2026-09-16,2026-09-22T18:03:31Z
170,TCS.NS,"""Tata Consultancy Services"" OR TCS",Business Standard,Shilpa Rangarajan,"FMCG, PSU banks lift markets as IT drags; Tata stocks caught in crossfire","Indian equities recover as FMCG and PSU bank stocks gain, while IT shares and Tata group stocks face selling pressure ahead of the Tata Sons board meeting",https://www.business-standard.com/markets/news/fmcg-psu-banks-lift-markets-as-it-drags-tata-stocks-caught-in-crossfire-126091601309_1.html,https://bsmedia.business-standard.com/_media/bs/img/article/2026-04/14/thumb/fitandfill/1200X628/1776165352-153.jpg,"Indian equities recover as FMCG and PSU bank stocks gain, while IT shares and Tata group stocks face selling pressure ahead of the Tata Sons board meeting
(Photo: Wikimedia Commons)
Shilpa Rangaraj… [+3936 chars]",2026-09-16T16:02:23Z,2026-09-16,2026-09-22T18:03:31Z
169,TCS.NS,"""Tata Consultancy Services"" OR TCS",The Times of India,ETtech,Ex-Infosys CEO Vishal Sikka’s startup Hang Ten Systems raises $53 million,"Hang Ten is building AI software for large enterprises, with a focus on software development and other technology-intensive work. Its platform uses AI agents to automate parts of enterprise software projects, including development, migration, finance and anal…",https://economictimes.indiatimes.com/tech/artificial-intelligence/ex-infosys-ceo-vishal-sikkas-startup-hang-ten-systems-raises-53-million/articleshow/134292121.cms,"https://img.etimg.com/thumb/width-1200,height-900,imgsize-39020,resizemode-75,msid-134292121/tech/artificial-intelligence/ex-infosys-ceo-vishal-sikkas-startup-hang-ten-systems-raises-53-million.jpg","Enterprise AI startupHang Ten Systems, founded by former Infosys chief executive Vishal Sikka, has raised $53 million in funding led by Xora Innovation, a fund backed by Singapore state investor Tema… [+2374 chars]",2026-09-16T16:11:09Z,2026-09-16,2026-09-22T18:03:31Z
168,TCS.NS,"""Tata Consultancy Services"" OR TCS",Business Standard,Krishna Kant,The ₹11.5 trillion-question hanging over Tata Sons' IPO valuation,Listed holdco discounts suggest a much lower value for the parent,https://www.business-standard.com/markets/ipo/the-11-5-trillion-question-hanging-over-tata-sons-ipo-valuation-126091501138_1.html,https://bsmedia.business-standard.com/_media/bs/img/article/2026-09/09/thumb/fitandfill/1200X628/1788976506-5172.jpg,"Tata Sons
Krishna Kant4 min read Last Updated : Sep 16 2026 | 11:12 PM IST
Tata Sons which is expected to come out with its initial public offering in the next few months is likely to be valued at … [+3686 chars]",2026-09-16T17:42:44Z,2026-09-16,2026-09-22T18:03:31Z
167,TCS.NS,"""Tata Consultancy Services"" OR TCS",Bringatrailer.com,bringatrailer,Modified 2019 Subaru WRX STi Limited 6-Speed,"This 2019 Subaru WRX STi Limited was purchased new by the seller and was fitted with a replacement IAG Performance 750 EJ25 short block in November 2025. The cylinder heads were modified with GSC valves, springs, and guides, and the turbocharged and intercool…",https://bringatrailer.com/listing/2019-subaru-wrx-sti-25/,https://bringatrailer.com/wp-content/uploads/2025/08/IMG_2062-38143-scaled-1-copy-2026-09-14-6xw-19727.jpeg,This 2019 Subaru WRX STi Limited was purchased new by the seller and was fitted with a replacement IAG Performance 750 EJ25 short block in November 2025. The cylinder heads were modified with GSC val… [+4803 chars],2026-09-16T20:00:16Z,2026-09-17,2026-09-22T18:03:31Z
166,TCS.NS,"""Tata Consultancy Services"" OR TCS",The Times of India,Debaroti Adhikary,"Infosys, TCS, other IT stocks in focus after first Fed rate hike in 3 years. Will inflationary pressures offset anti-AI euphoria?","Indian IT stocks such as Infosys and TCS are likely to remain in focus after the US Federal Reserve raised interest rates by 25 basis points, citing elevated inflation. Analysts expect higher-for-longer rates to pressure risk assets, while AI-related developm…",https://economictimes.indiatimes.com/markets/stocks/news/infosys-tcs-other-it-stocks-in-focus-after-first-fed-rate-hike-in-3-years-will-inflationary-pressures-offset-anti-ai-euphoria/articleshow/134300977.cms,"https://img.etimg.com/thumb/msid-134301141,width-1200,height-630,imgsize-2287339,overlay-etmarkets/articleshow.jpg","Shares of Indian IT companies, including Infosys, Tata Consultancy Services (TCS) and others, will remain in focus on Thursday after the US Federal Reserve announced its first interest rate hike sinc… [+4801 chars]",2026-09-17T03:52:52Z,2026-09-17,2026-09-22T18:03:31Z
165,TCS.NS,"""Tata Consultancy Services"" OR TCS",Business Standard,Heena Ojha,Nifty IT slumps 1% as Fed rate hike sparks fresh selling in tech stocks,The weakness in IT stocks was followed by the US Federal Reserve's decision to hike the key lending rate by 0.25 basis points to 3.75-4 per cent.,https://www.business-standard.com/markets/news/nifty-it-slumps-1-as-fed-rate-hike-sparks-fresh-selling-in-tech-stocks-126091700270_1.html,https://bsmedia.business-standard.com/_media/bs/img/article/2026-08/11/thumb/fitandfill/1200X628/1786442714-7395.jpeg,"Nifty IT stumbled 1 per cent in Thursday's trading session, with eight out of ten constituents trading in the red. The Nifty IT was the only laggard in the Nifty sectoral basket as it hit the day's l… [+2284 chars]",2026-09-17T05:11:44Z,2026-09-17,2026-09-22T18:03:31Z
164,TCS.NS,"""Tata Consultancy Services"" OR TCS",The Times of India,Debaroti Adhikary,"Sensex rises 200 points, Nifty above 23,300 despite Fed rate hike. Why bears may be ready to pounce","Sensex and Nifty extended gains despite the US Federal Reserve’s first rate hike in three years, supported by broad-based buying outside the IT sector. Analysts remain cautious as elevated bond yields, FII selling, rupee weakness and geopolitical risks could …",https://economictimes.indiatimes.com/markets/stocks/news/sensex-rises-200-points-nifty-above-23300-despite-fed-rate-hike-why-bears-may-be-ready-to-pounce/articleshow/134303083.cms,"https://img.etimg.com/thumb/msid-134303357,width-1200,height-630,imgsize-2355690,overlay-etmarkets/articleshow.jpg","The Indian stock market extended gains on Thursday, with Sensex and Nifty trading higher, bucking worries after the US Federal Reserves first rate hike in three years, although analysts advise cautio… [+4477 chars]",2026-09-17T06:11:53Z,2026-09-17,2026-09-22T18:03:31Z
163,TCS.NS,"""Tata Consultancy Services"" OR TCS",Business Standard,Subrata Panda,RBI NBFC FAQs offer clarity on rules relevant to Tata Sons' de-registration,"RBI's latest NBFC FAQs clarify definitions of CICs, principal business and public funds, shedding light on regulatory issues relevant to Tata Sons' failed deregistration bid",https://www.business-standard.com/companies/news/rbi-nbfc-faqs-tata-sons-deregistration-cic-upper-layer-rules-126091700399_1.html,https://bsmedia.business-standard.com/_media/bs/img/article/2026-08/28/thumb/fitandfill/1200X628/1787936341-9583.jpg,"RBI's latest NBFC FAQs clarify definitions of CICs, principal business and public funds, shedding light on regulatory issues relevant to Tata Sons' failed deregistration bid
RBI classified Tata Sons… [+3795 chars]",2026-09-17T06:47:30Z,2026-09-17,2026-09-22T18:03:31Z
162,TCS.NS,"""Tata Consultancy Services"" OR TCS",India Today,Sonu Vivek,"Sensex, Nifty rise after Fed hike, but IT drag and FII selling cap gains","Sensex and Nifty opened higher after the Federal Reserve raised rates by 25 basis points. Gains stayed limited as IT weakness, FII selling and high crude prices kept pressure on sentiment.",https://www.indiatoday.in/business/market/story/sensex-today-nifty-today-rise-after-fed-rate-hike-it-stocks-fii-selling-weigh-2996489-2026-09-17,https://akm-img-a-in.tosshub.com/indiatoday/images/story/202609/stock-market-opening-171555623-16x9_0.jpeg?VersionId=cwBcrk7oEtfyv206081i2NjXY1BOxk7c,"Benchmark indices opened higher on Thursday despite the US Federal Reserve raising interest rates by 25 basis points, with domestic equities attempting to extend the previous session's recovery. Howe… [+4203 chars]",2026-09-17T06:47:53Z,2026-09-17,2026-09-22T18:03:31Z
161,TCS.NS,"""Tata Consultancy Services"" OR TCS",BusinessLine,PTI,Telangana to unveil master plan of Future City at 'Invest Telangana Global Summit': Revanth Reddy,"The Bharat Future City will encompass innovative zones focused on technology, healthcare, and education, with major investments from industry leaders like TCS and Amazon, as Telangana celebrates its historical integration into India.",https://www.thehindubusinessline.com/news/national/telangana-to-unveil-master-plan-of-future-city-at-invest-telangana-global-summit-revanth-reddy/article71475651.ece,https://bl-i.thgim.com/public/incoming/q4tsuv/article71475699.ece/alternates/LANDSCAPE_1200/CM-announces-acGTAGHPEOS.3.jpg.jpg,Telangana Chief Minister A Revanth Reddy on Thursday said that the state government would unveil the master plan of the Bharat Future City at the 'Invest Telangana Global Summit-2026' to be organised… [+2223 chars],2026-09-17T07:10:49Z,2026-09-17,2026-09-22T18:03:31Z
160,TCS.NS,"""Tata Consultancy Services"" OR TCS",The Times of India,Kshitij Anand,"ETMarkets Smart Talk| India less vulnerable to US rate shocks, but expensive midcaps remain at risk: Amar K Ambani","Indian equities are better positioned to withstand global rate shocks due to strong domestic liquidity, but expensive mid- and small-cap stocks remain vulnerable to rising US yields and earnings disappointments, says YES Securities’ Amar K Ambani. He expects …",https://economictimes.indiatimes.com/markets/expert-view/etmarkets-smart-talk-india-less-vulnerable-to-us-rate-shocks-but-expensive-midcaps-remain-at-risk-amar-k-ambani/articleshow/134304584.cms,"https://img.etimg.com/thumb/msid-134304678,width-1200,height-630,imgsize-239855,overlay-etmarkets/articleshow.jpg","Indian equities have become far more resilient to global rate shocks, thanks in large part to the strength of domestic liquidity. But that does not mean the market is immune to higher-for-longer US i… [+9270 chars]",2026-09-17T07:13:01Z,2026-09-17,2026-09-22T18:03:31Z
159,TCS.NS,"""Tata Consultancy Services"" OR TCS",Livemint,Kirti Jha,"Tax audit filing deadline 2026: CA bodies seek extension to October 31, what taxpayers should do","The September 30, 2026 deadline for filing tax audit reports for AY 2026-27 is nearing, while several CA and tax professional bodies have asked the government to extend it to October 31. No CBDT extension has been announced yet.",https://www.livemint.com/money/personal-finance/tax-audit-filing-deadline-2026-ca-bodies-seek-extension-to-october-31-what-taxpayers-should-do-11789631527556.html,https://www.livemint.com/lm-img/img/2026/09/17/1600x900/logo/Gemini_Generate_Image_u1xz5fu1xz5fu1xz_17896319_1789631910916_yUxg_1789631911082_xJg5_ec4a4f99-2198-4e0f-ba44-6eea832c1f6e_1tNl.png,"The September 30, 2026 deadline for filing tax audit reports for AY 2026-27 is approaching, while several chartered accountant and tax professional associations have asked the government to extend it… [+3817 chars]",2026-09-17T08:06:48Z,2026-09-17,2026-09-22T18:03:31Z
158,TCS.NS,"""Tata Consultancy Services"" OR TCS",BusinessLine,PTI,"TCS rolls out custom chip design services for automotive, semiconductor sectors","The custom System-on-Chips will enable automakers to align compute capabilities with software requirements, enhance performance-per-watt, and differentiate user experiences and vehicle applications.",https://www.thehindubusinessline.com/companies/tcs-rolls-out-custom-chip-design-services-for-automotive-semiconductor-sectors/article71475939.ece,https://bl-i.thgim.com/public/incoming/ljdt4e/article71475945.ece/alternates/LANDSCAPE_1200/2026-08-10T112124Z_1226463099_RC2NF5AEOD2W_RTRMADP_3_TCS-DATA-BREACH.JPG,"Tata Consultancy Services on Thursday launched its Custom System-on-Chip (SoC) Design Services for automotive original equipment manufacturers and semiconductor ecosystem players.
The end-to-end sem… [+1406 chars]",2026-09-17T08:50:50Z,2026-09-17,2026-09-22T18:03:31Z
157,TCS.NS,"""Tata Consultancy Services"" OR TCS",The Times of India,Debaroti Adhikary,"TCS, Tata Chemicals, other group stocks zoom up to 14% on Tata Sons IPO nod, N Chandra’s term extension","Tata Sons has granted Chairman N Chandrasekaran a five-year extension, setting the stage for the long-awaited initial public offering of the group. This announcement spurred a surge in several Tata group stocks, particularly Tata Chemicals and Tata Investment…",https://economictimes.indiatimes.com/markets/stocks/news/tcs-tata-chemicals-other-group-stocks-rally-up-to-14-as-tata-sons-approves-n-chandras-tenure-extension-prepares-for-ipo/articleshow/134307500.cms,"https://img.etimg.com/thumb/msid-134307606,width-1200,height-630,imgsize-203616,overlay-etmarkets/articleshow.jpg","Tata Group stocks rallied sharply, gaining up to 14% on Thursday afternoon after Tata Sons approved a fresh five-year extension for Chairman N Chandrasekarans tenure and set the ball rolling for the … [+3108 chars]",2026-09-17T09:38:35Z,2026-09-17,2026-09-22T18:03:31Z
156,TCS.NS,"""Tata Consultancy Services"" OR TCS",BusinessLine,Reuters,Tata group shares rise after reports of fresh term for Chair Chandrasekaran,"Major Tata group stocks rose between ‌0.15% and 5%, led ‌by Tata ⁠Investment Corp. Tata Motors Passenger ⁠Vehicles rose 5%, while Tata Motors climbed 3%",https://www.thehindubusinessline.com/markets/stock-markets/tata-group-shares-rise-after-reports-of-fresh-term-for-chair-chandrasekaran/article71476142.ece,https://bl-i.thgim.com/public/incoming/7dfhpa/article71475283.ece/alternates/LANDSCAPE_1200/FPIs-are-back_-GFGGEEU3J.4.jpg.jpg,"Shares of major Tatagroup companies rose on Thursday after media reports said that
Tata Sons has approved a fresh five-year term for N.
Chandrasekaran as executive chairman.
Major Tata group stock… [+1050 chars]",2026-09-17T10:18:29Z,2026-09-17,2026-09-22T18:03:31Z
155,TCS.NS,"""Tata Consultancy Services"" OR TCS",BusinessLine,"Team BL, KS Badri Narayanan","Sensex today | Stock Market Highlights: Nifty, Sensex close flat as high crude price concerns offset value buying","Sensex Today, Nifty 50 | Stock Market Highlights - Find here all the highlights related to Sensex, Nifty, BSE, NSE, share prices and Indian stock markets for 17th September 2026. Follow our NSE IPO Live to know real-time subscription data.",https://www.thehindubusinessline.com/markets/sensex-nifty50-today-stock-market-highlights-17th-september-2026/article71472777.ece,https://bl-i.thgim.com/public/incoming/uujvyr/article71472793.ece/alternates/LANDSCAPE_1200/stock%20market%20graph.jpg,"<li></li>
September 17, 2026 16:05Puravankara expects 2,600 cr revenue from Mumbai redevelopment projects
Puravankara expects 2,600 cr revenue from Mumbai redevelopment projects
Puravankara Ltd pl… [+65277 chars]",2026-09-17T10:43:25Z,2026-09-17,2026-09-22T18:03:31Z
154,TCS.NS,"""Tata Consultancy Services"" OR TCS",The Times of India,Kumar Gaurav,"Market wrap: HDFC Life, Tata Motors PV, BEL, HDFC Bank, ONGC top gainers and losers on Nifty and Sensex on Thursday","Indian equities ended mixed on Thursday, with the Sensex declining marginally while the Nifty gained 0.23%. HDFC Life, Tata Motors PV and SBI Life led Nifty gainers, while ONGC, Titan and HDFC Bank were among the top laggards. Broader markets recovered, with …",https://economictimes.indiatimes.com/markets/stocks/news/market-wrap-hdfc-life-tata-motors-pv-bel-hdfc-bank-ongc-top-gainers-and-losers-on-nifty-and-sensex-on-thursday/articleshow/134310473.cms,"https://img.etimg.com/thumb/msid-134310473,width-1200,height-630,imgsize-146002,overlay-etmarkets/articleshow.jpg","The Indian equity markets ended on a mixed note on Thursday, September 17, with the benchmark indices diverging amid sharp volatility during the closing auction session on the weekly expiry day. The … [+2202 chars]",2026-09-17T11:33:31Z,2026-09-17,2026-09-22T18:03:31Z
153,TCS.NS,"""Tata Consultancy Services"" OR TCS",The Times of India,Reuters,Inside Tata's empire as N. Chandrasekaran secures another five-year term,Tata Sons reappointed N. Chandrasekaran as chairman for another five years. The conglomerate's aviation business includes Air India and Air India Express. Tata Motors transformed into a global automotive group after acquiring Jaguar Land Rover. Tata Consultan…,https://economictimes.indiatimes.com/news/company/corporate-trends/inside-tatas-empire-as-n-chandrasekaran-secures-another-five-year-term/articleshow/134311064.cms,"https://img.etimg.com/thumb/msid-134311121,width-1200,height-630,imgsize-48352,overlay-economictimes/articleshow.jpg","India's salt-to-software conglomerate Tata Sons reappointed N. Chandrasekaran as chairman for a further five years on Thursday.Chandrasekaran, whose current term ends in February 2027, said last mont… [+4280 chars]",2026-09-17T11:51:52Z,2026-09-17,2026-09-22T18:03:31Z
152,TCS.NS,"""Tata Consultancy Services"" OR TCS",Crypto Briefing,Editorial Team,"Tata Sons secures majority vote for public listing, extends chairman’s term","The public listing could enhance transparency and shareholder value, but governance disputes may complicate Tata Sons' strategic direction.
The post Tata Sons secures majority vote for public listing, extends chairman’s term appeared first on Crypto Briefing.",https://cryptobriefing.com/tata-sons-listing-chairman-extension/,https://static.cryptobriefing.com/wp-content/uploads/2026/09/17082917/library-tata-sons-secures-majority-vote-for-public-listing-exten-800x450.png,"India's largest conglomerate inches toward a historic IPO while its biggest shareholder calls the chairman's reappointment 'illegal' Tata Sons, the holding company that sits atop a $300B-plus empire … [+3725 chars]",2026-09-17T12:29:21Z,2026-09-17,2026-09-22T18:03:31Z
151,TCS.NS,"""Tata Consultancy Services"" OR TCS",CNA,,India's Tata Sons reappoints Chandrasekaran as chairman in surprise reversal,"India's Tata Sons reappointed N Chandrasekaran as chairman for another five years on Thursday (Sep 17), reversing his decision last month not to seek another term amid tensions with the charitable trusts that control the salt-to-aviation conglomerate.Chandras…",https://www.channelnewsasia.com/business/indias-tata-sons-reappoints-chandrasekaran-chairman-in-surprise-reversal-6391661,"https://dam.mediacorp.sg/image/upload/s--QbfMBl-i--/c_crop,h_449,w_799,x_1,y_100/c_fill,g_auto,h_676,w_1200/fl_relative,g_south_east,l_mediacorp:cna:watermark:2024-04:reuters_1,w_0.1/f_auto,q_auto/v1/one-cms/core/2026-09-17T093515Z_3_LYNXMPEM8G0S5_RTROPTP_3_INDIA-TATA-SONS-LISTING.JPG?itok=mvUICwJ1","India's Tata Sons reappointed N Chandrasekaran as chairman for another five years on Thursday (Sep 17), reversing his decision last month not to seek another term amid tensions with the charitable tr… [+2006 chars]",2026-09-17T12:44:06Z,2026-09-17,2026-09-22T18:03:31Z
150,TCS.NS,"""Tata Consultancy Services"" OR TCS",BusinessLine,Anupama Ghosh,Tata group stocks rise after Chandrasekaran reappointment,"Tata group shares rallied on Thursday as investors assessed the leadership decision, potential Tata Sons listing and an escalating legal dispute",https://www.thehindubusinessline.com/markets/tata-group-stocks-rise-after-chandrasekaran-reappointment/article71476588.ece,https://bl-i.thgim.com/public/incoming/ewim1g/article71476928.ece/alternates/LANDSCAPE_1200/Tata-Group-and-GA1FUV2BT.4.jpg.jpg,"Shares across the Tata group rose sharply on Thursday after the Tata Sons board voted by majority to reappoint N Chandrasekaran as Executive Chairman for a fresh five-year term, a move the majority s… [+4315 chars]",2026-09-17T13:36:30Z,2026-09-17,2026-09-22T18:03:31Z
149,TCS.NS,"""Tata Consultancy Services"" OR TCS",The Times of India,Debaroti Adhikary,Ahead of Market: 10 things that will decide stock market action on Friday,"Indian equities ended mixed on Thursday as Sensex slipped 22 points after sharp volatility during the closing auction session, while Nifty gained 53 points. Mid- and small-caps outperformed, with capital goods, industrial, defence, power and healthcare stocks…",https://economictimes.indiatimes.com/markets/stocks/news/ahead-of-market-10-things-that-will-decide-stock-market-action-on-friday/articleshow/134316208.cms,"https://img.etimg.com/thumb/msid-134316221,width-1200,height-630,imgsize-105340,overlay-etmarkets/articleshow.jpg","The Indian stock market saw divergence in its benchmark indices on Thursday, as the Sensex closed in the red on its weekly expiry day following sharp volatility during the closing auction session, wh… [+4996 chars]",2026-09-17T15:39:44Z,2026-09-17,2026-09-22T18:03:31Z
148,TCS.NS,"""Tata Consultancy Services"" OR TCS",Livemint,Nehal Chaliawala,The six people sitting on the board of Tata Sons,"Here's a look at the six-member board of Tata Sons, the holding Tata Group company commanding India's largest conglomerate.",https://www.livemint.com/companies/the-six-people-sitting-on-the-board-of-tata-sons-11789655006347.html,https://www.livemint.com/lm-img/img/2026/09/17/1600x900/logo/Tata_Sons_Listing__latest_news_IPO_news_1789617238223_GKcb_1789617238380_BVIr_20f2de84-1ecc-4474-87e0-f884d6076aed_d7vi_1789661979219_3bux_d34a8ab7-5792-4f99-ac76-9fab1f603d15_F1Lg.png,"The Tata Sons board has six members, including executive chairperson Natarajan Chandrasekaran and executive director and chief financial officer Saurabh Agrawal. It has two nominees from Tata Trusts … [+4797 chars]",2026-09-17T16:24:49Z,2026-09-17,2026-09-22T18:03:31Z
147,TCS.NS,"""Tata Consultancy Services"" OR TCS",Business Standard,Pravin Palande,"N Chandrasekaran's five-year extension lifts Tata stocks, but not TCS","Chandrasekaran's continuation brings relief, but TCS remains under pressure from AI disruption, geopolitical risks and high bond yields",https://www.business-standard.com/companies/news/n-chandrasekaran-s-five-year-extension-lifts-tata-stocks-but-not-tcs-126091701271_1.html,https://bsmedia.business-standard.com/_media/bs/img/article/2026-09/02/thumb/fitandfill/1200X628/1788313530-6758.jpg,"Chandrasekaran's continuation brings relief, but TCS remains under pressure from AI disruption, geopolitical risks and high bond yields
Image: Bloomberg
Pravin Palande2 min read Last Updated : Sep … [+1759 chars]",2026-09-17T17:34:16Z,2026-09-17,2026-09-22T18:03:31Z
146,TCS.NS,"""Tata Consultancy Services"" OR TCS",The Times of India,Veer Sharma,"TCS, Tata Chemicals, other Tata stocks tumble up to 8% as Tata Trusts calls Chandrasekaran’s tenure extension illegal",Tata stocks dropped significantly after Tata Trusts declared Chandrasekaran's reappointment illegal. The Reserve Bank of India rejected Tata Sons' request to remain private. Tata Trusts controls a majority stake and opposes the holding company's IPO. Noel Tat…,https://economictimes.indiatimes.com/markets/stocks/news/tcs-tata-group-stocks-in-focus-as-chandrasekaran-gets-tenure-extension-tata-trusts-call-it-illegal/articleshow/134325302.cms,"https://img.etimg.com/thumb/msid-134325538,width-1200,height-630,imgsize-2045099,overlay-etmarkets/articleshow.jpg","Tata Group stocks are likely to remain in focus on Friday after a sharp rally on Thursday, following Tata Sons approval of a fresh five-year term for Chairman N Chandrasekaran and the start of the pr… [+5669 chars]",2026-09-18T03:53:11Z,2026-09-18,2026-09-22T18:03:31Z
145,TCS.NS,"""Tata Consultancy Services"" OR TCS",Business Standard,Heena Ojha,"Tata stocks fall up to 8% amid rift over Tata Sons listing, Chandra's term","Tata Sons cleared N. Chandrasekaran's five-year reappointment and its proposed listing. Tata Trusts has opposed both the reappointment and listing, citing the Trusts' public-purpose role in the group.",https://www.business-standard.com/markets/news/tata-stocks-retreat-up-to-8-as-rift-widens-on-listing-chandra-s-term-126091800141_1.html,https://bsmedia.business-standard.com/_media/bs/img/article/2026-08/14/thumb/fitandfill/1200X628/1786688435-688.jpg,"Tata Group stocks reversed their previous days rally to trade lower on Friday, a day after the board of Tata Sons cleared the reappointment of N. Chandrasekaran as Tata Sons chairman for a five-year … [+2497 chars]",2026-09-18T03:55:37Z,2026-09-18,2026-09-22T18:03:31Z
144,TCS.NS,"""Tata Consultancy Services"" OR TCS",Business Standard,Capital Market,"Tata Consultancy Services Ltd Slides 2.85%, BSE Information Technology index Shed 1.34%",Tata Consultancy Services Ltd has lost 6.72% over last one month compared to 5.39% fall in BSE Information Technology index and 3.04% drop in the SENSEX,https://www.business-standard.com/markets/capital-market-news/tata-consultancy-services-ltd-slides-2-85-bse-information-technology-index-shed-1-34-126091800234_1.html,https://www.business-standard.com/assets/web-assets/images/Business_Standard_1_685x385.jpg,"Tata Consultancy Services Ltd has lost 6.72% over last one month compared to 5.39% fall in BSE Information Technology index and 3.04% drop in the SENSEX
Tata Consultancy Services Ltd fell 2.85% toda… [+929 chars]",2026-09-18T04:34:20Z,2026-09-18,2026-09-22T18:03:31Z
143,TCS.NS,"""Tata Consultancy Services"" OR TCS",The Times of India,Debaroti Adhikary,"Sensex rises 200 points, Nifty above 23,300 as oil prices cool down. What lies ahead?","Sensex and Nifty traded higher as crude oil prices eased to around $104 per barrel, while mid- and small-cap indices outperformed. Buying was broad-based outside the IT sector, with analysts identifying opportunities in select large-cap stocks despite elevate…",https://economictimes.indiatimes.com/markets/stocks/news/sensex-rises-200-points-nifty-above-23300-as-oil-prices-cool-down-what-lies-ahead/articleshow/134326491.cms,"https://img.etimg.com/thumb/msid-134326595,width-1200,height-630,imgsize-2128125,overlay-etmarkets/articleshow.jpg","The Indian stock market traded higher on Friday morning, with benchmark indices Sensex and Nifty recording gains as oil prices slightly cooled down to $104 per barrel after a sharp rally earlier.Sens… [+3138 chars]",2026-09-18T05:11:23Z,2026-09-18,2026-09-22T18:03:31Z
142,TCS.NS,"""Tata Consultancy Services"" OR TCS",The Times of India,ET Bureau,Shapoorji Pallonji welcomes RBI decision on Tata Sons listing; seeks closer ties with Tata Trusts,"The Reserve Bank of India has set expectations for Tata Sons to meet its listing criteria. Shapoorji Pallonji Mistry welcomed the decision, highlighting a positive outlook, while Tata Trusts expressed their firm opposition and will explore other avenues beyon…",https://economictimes.indiatimes.com/news/company/corporate-trends/shapoorji-pallonji-welcomes-rbi-decision-on-tata-sons-listing-seeks-closer-ties-with-tata-trusts/articleshow/134326634.cms,"https://img.etimg.com/thumb/msid-134326678,width-1200,height-630,imgsize-51446,overlay-economictimes/articleshow.jpg","Mumbai: Shapoorji Pallonji Group chairman Shapoorji Pallonji Mistry on Friday welcomed the Reserve Bank of Indias decision requiring Tata Sons to comply with its listing obligations, as the Tata Trus… [+4512 chars]",2026-09-18T05:17:45Z,2026-09-18,2026-09-22T18:03:31Z
141,TCS.NS,"""Tata Consultancy Services"" OR TCS",BusinessLine,& BL Research Bureau,"Nifty Prediction Today – September 18, 2026: Nifty futures: Resistance ahead","Nifty 50 faces resistance at 23,400; potential drop to 23,200 signals cautious trading strategies for September futures.",https://www.thehindubusinessline.com/portfolio/technical-analysis/nifty-prediction-today-september-18-2026-nifty-futures-resistance-ahead/article71479489.ece,https://bl-i.thgim.com/public/incoming/pdjgxq/article71360508.ece/alternates/LANDSCAPE_1200/IMG_PO12_Buy_or_Sell_2_1_FODE0G6B.jpg,"Nifty 50 began todays session with a gap-up at 23,335 versus Thursdays close of 23,271. The index is now hovering around 23,300, up 0.15 per cent.
The advance/decline ratio of Nifty 50 now stands at… [+1439 chars]",2026-09-18T05:32:18Z,2026-09-18,2026-09-22T18:03:31Z
140,TCS.NS,"""Tata Consultancy Services"" OR TCS",NewsX,Khalid Qasid,"Stock Market Today: Sensex Gains 200 Points, Nifty Crosses 23,300 As Crude Prices Ease","Stock Market Today: Sensex and Nifty opened higher as crude oil prices eased, with Realty gaining and IT stocks dragging amid global market cues.",https://www.newsx.com/business/stock-market-today-sensex-gains-200-points-nifty-crosses-23300-as-crude-prices-ease-273200/,https://www.newsx.com/wp-content/uploads/2026/09/stock-market-today-16.jpg,"116Stock market today: Indian equity markets opened higher on Friday, with the Sensex gaining over 200 points and the Nifty crossing 23,300, as softer crude oil prices and gains across Asian markets … [+3268 chars]",2026-09-18T06:03:15Z,2026-09-18,2026-09-22T18:03:31Z
139,TCS.NS,"""Tata Consultancy Services"" OR TCS",BusinessLine,Madhu Balaji,"Sensex, Nifty gain as lower oil prices and global cues offset IT, Tata stocks drag","Equity benchmarks traded with marginal gains in the afternoon session on Friday, with lower oil prices and positive global market trends supporting sentiment despite weakness in IT companies and several Tata Group stocks.",https://www.thehindubusinessline.com/markets/sensex-nifty-gain-as-lower-oil-prices-and-global-cues-offset-it-tata-stocks-drag/article71479688.ece,https://bl-i.thgim.com/public/incoming/njo9n0/article71479705.ece/alternates/LANDSCAPE_1200/PO20_Stockmarket_eyeglasses.jpg,"Equity benchmarks traded with marginal gains in the afternoon session on Friday, with lower oil prices and positive global market trends supporting sentiment despite weakness in IT companies and seve… [+1963 chars]",2026-09-18T07:05:12Z,2026-09-18,2026-09-22T18:03:31Z
138,TCS.NS,"""Tata Consultancy Services"" OR TCS",Business Standard,Capital Market,"Nifty regains 23,300 mark, midcaps, smallcaps gain","The key equity barometers firmed up further in early afternoon trade, supported by easing crude oil prices and softer global bond yields. Market sentiment also received a boost after Moodys raised its India FY27 GDP growth forecast to 7%, citing the resilienc…",https://www.business-standard.com/markets/capital-market-news/nifty-regains-23-300-mark-midcaps-smallcaps-gain-126091800476_1.html,https://www.business-standard.com/assets/web-assets/images/Business_Standard_1_685x385.jpg,"The key equity barometers firmed up further in early afternoon trade, supported by easing crude oil prices and softer global bond yields. Market sentiment also received a boost after Moodys raised it… [+4008 chars]",2026-09-18T07:20:02Z,2026-09-18,2026-09-22T18:03:31Z
137,TCS.NS,"""Tata Consultancy Services"" OR TCS",Business Standard,Capital Market,Tata Group stocks under pressure amid Tata Sons listing dispute,"Tata Group stocks declined on Friday after advancing in the previous session, as investors reacted to fresh developments at the group's holding company, Tata Sons.",https://www.business-standard.com/markets/capital-market-news/tata-group-stocks-under-pressure-amid-tata-sons-listing-dispute-126091800481_1.html,https://www.business-standard.com/assets/web-assets/images/Business_Standard_1_685x385.jpg,"Tata Group stocks declined on Friday after advancing in the previous session, as investors reacted to fresh developments at the group's holding company, Tata Sons.
Tata Motors Passenger Vehicles dec… [+1704 chars]",2026-09-18T07:20:22Z,2026-09-18,2026-09-22T18:03:31Z
136,TCS.NS,"""Tata Consultancy Services"" OR TCS",The Times of India,Reuters,"Inside the Tata power struggle: Who controls the group, and who calls the shots?","Tata Sons' board reappointed its chairman, facing opposition from the controlling Tata Trusts.  The charity arm protested this decision, citing breaches of internal rules and potential harm.  Tata Trusts owns sixty-six percent of Tata Sons, influencing its op…",https://economictimes.indiatimes.com/news/company/corporate-trends/inside-the-tata-power-struggle-who-controls-the-group-and-who-calls-the-shots/articleshow/134330016.cms,"https://img.etimg.com/thumb/msid-134330085,width-1200,height-630,imgsize-1036500,overlay-economictimes/articleshow.jpg","Mumbai: India's Tata Group, which owns Jaguar Land Rover and Air India, is facing its worst crisis in years, pitting the board of its holding company against its controlling charity arm and raising q… [+4738 chars]",2026-09-18T08:24:49Z,2026-09-18,2026-09-22T18:03:31Z
135,TCS.NS,"""Tata Consultancy Services"" OR TCS",Business Standard,Capital Market,Benchmarks trade near the day's high; European markets trade lower,"The benchmark indices traded near the day's high in afternoon trade, supported by easing crude oil prices and softer global bond yields. Market sentiment also received a boost after Moodys raised its India FY27 GDP growth forecast to 7%, citing the resilience…",https://www.business-standard.com/markets/capital-market-news/benchmarks-trade-near-the-day-s-high-european-markets-trade-lower-126091800572_1.html,https://www.business-standard.com/assets/web-assets/images/Business_Standard_1_685x385.jpg,"The benchmark indices traded near the day's high in afternoon trade, supported by easing crude oil prices and softer global bond yields. Market sentiment also received a boost after Moodys raised its… [+4285 chars]",2026-09-18T08:34:02Z,2026-09-18,2026-09-22T18:03:31Z
134,TCS.NS,"""Tata Consultancy Services"" OR TCS",CNBC,Priyanka Salve,An intense boardroom battle is brewing at India's giant Tata Group,"In 10 years, India's leading multinational conglomerate, the Tata Group, is facing a new power struggle between the chairman of Tata Sons and Tata Trusts.",https://www.cnbc.com/2026/09/18/jlr-air-india-tata-iphone.html,https://image.cnbcfm.com/api/v1/image/108211579-1760409998231-gettyimages-2228175388-INDIA_TATA.jpeg?v=1785766135&w=1920&h=1080,"Signage for Tata Electronics Pvt Ltd. at the company's factory in Hosur, Tamil Nadu, India, on Tuesday, Aug. 5, 2025.
An intense boardroom dispute is brewing for control of Tata Group, the Indian mu… [+6029 chars]",2026-09-18T09:29:41Z,2026-09-18,2026-09-22T18:03:31Z
133,TCS.NS,"""Tata Consultancy Services"" OR TCS",BusinessLine,Shishir Sinha,Advance tax collection rises over 16%,"Data shows that advance tax from companies rose by 18%, while collections from non-corporate taxpayers increased by just over 9%",https://www.thehindubusinessline.com/economy/advance-tax-collection-rises-over-16/article71480132.ece,https://bl-i.thgim.com/public/incoming/7kprfg/article71480158.ece/alternates/LANDSCAPE_1200/iStock-1420789678.jpg,"With strong growth from corporate side, advance tax collection after the first two instalments jumped over 16 per cent, data made public by the Income Tax Department on Friday showed. Meanwhile, over… [+3010 chars]",2026-09-18T09:51:14Z,2026-09-18,2026-09-22T18:03:31Z
132,TCS.NS,"""Tata Consultancy Services"" OR TCS",BusinessLine,Reuters,Tata Group’s boardroom tussle: All you need to know,"Tata Sons and its controlling charity arm, Tata Trusts, have been ​at odds for months over issues including a potential listing of Tata Sons, Air India’s mounting losses and ⁠a planned exit of a minority shareholder",https://www.thehindubusinessline.com/companies/tata-groups-boardroom-tussle-all-you-need-to-know/article71480141.ece,https://bl-i.thgim.com/public/incoming/1tzvao/article71480189.ece/alternates/LANDSCAPE_1200/2026-05-11T163018Z_1647059540_RC2Z6LAEQDXP_RTRMADP_3_INDIA-BAJAJ.JPG,"Tata Group, which owns Jaguar Land Rover and Air India, is facing its worst crisis in years, pitting the board of its holding company against its controlling charity arm and raising questions about t… [+4573 chars]",2026-09-18T09:57:52Z,2026-09-18,2026-09-22T18:03:31Z
131,TCS.NS,"""Tata Consultancy Services"" OR TCS",autosport.com,Ed Hardy,Fortescue Zero purchases Team Penske for Formula E's Gen4 era,"Jaguar will have a new customer team in the 2026-27 Formula E campaign as Fortescue Zero has acquired the Team Penske operation for the Gen4 era.The Australian outfit will field two Jaguar-powered cars for the upcoming season that is due to start in December,…",https://www.autosport.com/formula-e/news/fortescue-zero-purchases-team-penske-for-formula-es-gen4-era/10856807/,https://cdn-7.motorsport.com/images/amp/2jEAMBg0/s6/jaguar-tcs-racing-and-fortescu.jpg,"Jaguar will have a new customer team in the 2026-27 Formula E campaign as Fortescue Zero has acquired the Team Penske operation for the Gen4 era.
The Australian outfit will field two Jaguar-powered … [+2547 chars]",2026-09-18T10:03:45Z,2026-09-18,2026-09-22T18:03:31Z
130,TCS.NS,"""Tata Consultancy Services"" OR TCS",The Times of India,Debaroti Adhikary,"CAS chaos continues: Sensex indicative price tumbles nearly 1,000 points in seconds, closes in red but Nifty ends above 23,300","Indian stock markets showed divergence as Sensex closed lower and Nifty ended higher.  Sharp swings occurred during the closing auction session, impacting both indices significantly.  Broader markets, including smallcap and midcap indices, significantly outpe…",https://economictimes.indiatimes.com/markets/stocks/news/cas-chaos-continues-sensex-indicative-price-tumbles-nearly-1000-points-closes-in-red-but-nifty-ends-above-23300/articleshow/134332368.cms,"https://img.etimg.com/thumb/msid-134332409,width-1200,height-630,imgsize-190328,overlay-etmarkets/articleshow.jpg","The Indian stock market saw divergence in its benchmark indices for the second consecutive session, with Sensex closing in the red and Nifty in the green following sharp swings during the closing auc… [+2036 chars]",2026-09-18T10:25:20Z,2026-09-18,2026-09-22T18:03:31Z
129,TCS.NS,"""Tata Consultancy Services"" OR TCS",The Times of India,Reuters,Tata's quiet man is staying amid 'all-out war' at Indian conglomerate,"Natarajan Chandrasekaran has agreed to stay as Tata Sons chairman for another five years after reversing his decision to leave in 2027. But his third term begins amid a rare public rupture with Tata Trusts, alongside challenges at Air India and Jaguar Land Ro…",https://economictimes.indiatimes.com/news/company/corporate-trends/n-chandrasekaran-tatas-quiet-man-is-staying-amid-all-out-war-at-indian-conglomerate/articleshow/134332525.cms,"https://img.etimg.com/thumb/msid-134332523,width-1200,height-630,imgsize-114310,overlay-economictimes/articleshow.jpg","NEW DELHI, Sept 18 - The quiet Tata Group insider was on his way out. Now Natarajan Chandrasekaran has agreed to five more years running India's largest conglomerate, backed by its board but facing o… [+4355 chars]",2026-09-18T10:30:35Z,2026-09-18,2026-09-22T18:03:31Z
128,TCS.NS,"""Tata Consultancy Services"" OR TCS",The Times of India,Kumar Gaurav,"Market wrap: Adani Ports, Adani Ports SEZ, TCS, Tata Motors PV top gainers and losers on Nifty and Sensex on Friday","Indian equities ended higher on September 18, led by softer crude prices and supportive Asian cues. Nifty gained 0.31%, while Sensex rose marginally. Midcaps and smallcaps advanced over 1%, volatility eased, and Adani Ports topped Nifty gainers with a 4.94% r…",https://economictimes.indiatimes.com/markets/stocks/news/market-wrap-adani-ports-adani-ports-sez-tcs-tata-motors-pv-top-gainers-and-losers-on-nifty-and-sensex-on-friday/articleshow/134332633.cms,"https://img.etimg.com/thumb/msid-134332633,width-1200,height-630,imgsize-168352,overlay-etmarkets/articleshow.jpg","Indian equities settled on a mixed-to-positive note on Friday, September 18, as softer crude prices and supportive Asian cues encouraged selective buying. The NSE Nifty 50 settled at 23,346.40, gaini… [+2207 chars]",2026-09-18T10:46:46Z,2026-09-18,2026-09-22T18:03:31Z
127,TCS.NS,"""Tata Consultancy Services"" OR TCS",BusinessLine,"Team BL, KS Badri Narayanan",Sensex today | Stock Market Highlights: Sensex slips but Nifty gains 75 points by closing as easing crude offers relief,"Sensex, Nifty, Share Prices Highlights: Indian benchmark indices ended mixed on Friday, with the Nifty 50 gaining over 75 points while the Sensex closed marginally lower, as easing crude oil prices provided some relief to domestic equities.",https://www.thehindubusinessline.com/markets/sensex-nifty50-today-stock-market-highlights-18th-september-2026/article71477821.ece,https://bl-i.thgim.com/public/incoming/fsw9oo/article71477827.ece/alternates/LANDSCAPE_1200/stock%20market%20graph.jpg,"<li></li>
September 18, 2026 16:05Rupee slips 0.3% on-week, traders reckon line in sand near 96/$ will hold
Rupee slips 0.3% on-week, traders reckon line in sand near 96/$ will hold
The rupee ende… [+59238 chars]",2026-09-18T10:48:57Z,2026-09-18,2026-09-22T18:03:31Z
126,TCS.NS,"""Tata Consultancy Services"" OR TCS",BusinessLine,Madhu Balaji,"Sensex, Nifty extend losses to 6th week, crude moderation offers little relief, IT & Tata group stocks weigh","On a weekly basis, the BSE Sensex declined 0.65%, while the NSE Nifty 50 slipped 0.2%, largely due to Tuesday’s fall",https://www.thehindubusinessline.com/markets/sensex-nifty-extend-losses-to-6th-week-crude-moderation-offers-little-relief-it-tata-group-stocks-weigh/article71480356.ece,https://bl-i.thgim.com/public/incoming/fsw9oo/article71477827.ece/alternates/LANDSCAPE_1200/stock%20market%20graph.jpg,"Equity markets ended their sixth straight week of decline on Friday, the longest losing streak since 2020, as crude prices above $100 per barrel and tighter global monetary policy weighed on sentimen… [+2910 chars]",2026-09-18T10:52:57Z,2026-09-18,2026-09-22T18:03:31Z
125,TCS.NS,"""Tata Consultancy Services"" OR TCS",Business Standard,Reuters,Tata Group firms shed $4 billion in market value amid holding company rift,"Shares of India's Tata Group companies lost $4 billion in market value on Friday, as investors reacted to heightened uncertainty over the potential listing and leadership of holding company Tata Sons",https://www.business-standard.com/markets/news/tata-group-firms-shed-4-billion-in-market-value-amid-holding-company-rift-126091800815_1.html,https://bsmedia.business-standard.com/_media/bs/img/article/2026-09/18/thumb/featurecrop/1200X628/1789728461-8501.jpg,"Shares of India's Tata Group companies lost $4 billion in market value on Friday, as investors reacted to heightened uncertainty over the potential listing and leadership of holding company Tata Sons… [+2040 chars]",2026-09-18T11:05:32Z,2026-09-18,2026-09-22T18:03:31Z
124,TCS.NS,"""Tata Consultancy Services"" OR TCS",Business Standard,Shilpa Rangarajan,Tata Group market capitalisation stumbles amid Noel Tata comments,"TCS led the decline, erasing ₹30,754 crore in market value, while shares of Tata Chemicals, Tata Technologies and Tata Elxsi also fell sharply on Friday amid the row",https://www.business-standard.com/markets/news/tata-group-market-capitalisation-stumbles-amid-noel-tata-comments-126091801263_1.html,https://bsmedia.business-standard.com/_media/bs/img/article/2026-09/13/thumb/fitandfill/1200X628/1789323114-4238.jpg,"TCS led the decline, erasing 30,754 crore in market value, while shares of Tata Chemicals, Tata Technologies and Tata Elxsi also fell sharply on Friday amid the row
Shilpa RangarajanMumbai2 min read… [+2150 chars]",2026-09-18T14:58:37Z,2026-09-18,2026-09-22T18:03:31Z
123,TCS.NS,"""Tata Consultancy Services"" OR TCS",Livemint,Sanchari Ghosh,"Your ITR says ‘verified’, but the refund hasn’t arrived? 5 reasons why your money could be stuck",Refunds may not be issued if bank details are incorrect or if the PAN is inoperative. Taxpayers should monitor their e-filing accounts for discrepancies and may need to correct details for a refund reissue request.,https://www.livemint.com/money/personal-finance/your-itr-says-verified-but-the-refund-hasn-t-arrived-5-reasons-why-your-money-could-be-stuck-11789745333254.html,https://www.livemint.com/lm-img/img/2026/09/18/1600x900/logo/itr_1789747404407_ojWS_1789747422497_7RPG_c9f43db7-4cdd-44e2-a1f6-8ee8806dbb5d_zJZU.png,"Income-tax refunds have risen sharply this year, but that does not mean every taxpayer who has already filed and verified an ITR has already received the money.
As per the Central Board of Direct Ta… [+2197 chars]",2026-09-18T16:05:03Z,2026-09-18,2026-09-22T18:03:31Z
122,TCS.NS,"""Tata Consultancy Services"" OR TCS",Business Standard,"Subrata Panda, Gulveen Aulakh",Asset restructuring among Tata Sons' options to avoid a public listing,"One possible route would be to reduce Tata Sons' relevant asset base below the ₹1 trillion threshold for classification as an upper-layer NBFC, according to a former regulatory official",https://www.business-standard.com/companies/news/asset-restructuring-among-tata-sons-options-to-avoid-a-public-listing-126091801498_1.html,https://bsmedia.business-standard.com/_media/bs/img/article/2026-09/09/thumb/fitandfill/1200X628/1788976506-5172.jpg,"Subrata PandaGulveen AulakhMumbai/New Delhi7 min read Last Updated : Sep 18 2026 | 11:39 PM IST
Tata Sons, the holding company of the Tata group, could explore several routes to avoid a public listi… [+7764 chars]",2026-09-18T17:56:00Z,2026-09-18,2026-09-22T18:03:31Z
121,TCS.NS,"""Tata Consultancy Services"" OR TCS",The Times of India,Prachi Verma and Tanay Sukumar,POSH reporting up in FY26 as trust in the system grows,"Excluding two companies for which comparable data is unavailable, the analysis shows that the number of complaints has been rising steadily over two years, by 6.3% in FY25 (over FY24) and 5.2% in FY26 (over FY25).",https://economictimes.indiatimes.com/news/company/corporate-trends/posh-reporting-up-in-fy26-as-trust-in-the-system-grows/articleshow/134342207.cms,"https://img.etimg.com/thumb/msid-134342404,width-1200,height-630,imgsize-104594,overlay-economictimes/articleshow.jpg","New Delhi: India's bellwether Nifty 50 companies reported a total of 1,327 complaints under the Prevention of Sexual Harassment (POSH) Act in FY26, a 4.6% rise from 1,269 reported in the previous fis… [+3244 chars]",2026-09-18T18:27:32Z,2026-09-18,2026-09-22T18:03:31Z
120,TCS.NS,"""Tata Consultancy Services"" OR TCS",The Times of India,ET Bureau,Tata Group stocks reel from aftershocks as Trusts opposes third term for N Chandra,"Tata stocks plummeted on Friday due to opposition from Tata Trusts, who contested the reappointment of N Chandrasekaran as chairman by the Tata Sons board. This leadership tug-of-war has raised concerns among investors, uncertain about its implications for mu…",https://economictimes.indiatimes.com/markets/stocks/news/tata-group-stocks-reel-from-aftershocks-as-trusts-opposes-third-term-for-n-chandra/articleshow/134347371.cms,"https://img.etimg.com/thumb/msid-134347387,width-1200,height-630,imgsize-293803,overlay-etmarkets/articleshow.jpg","Tata Group stocks plunged Friday, with Tata Chemicals heading the list of decliners, after Tata Trusts opposed the decision of the Tata Sons board to reappoint N Chandrasekaran as chairman and called… [+3537 chars]",2026-09-19T03:55:49Z,2026-09-19,2026-09-22T18:03:31Z
119,TCS.NS,"""Tata Consultancy Services"" OR TCS",The Times of India,Veer Sharma,"F&O Talk: 23,050 key Nifty support; Sudeep Shah outlines Tata stocks strategy, names 5 picks","Nifty’s 23,000-23,050 zone remains a crucial support as the index navigates a prolonged correction, while 23,500 is the key hurdle. SBI Securities’ Sudeep Shah outlines the outlook for Nifty, Bank Nifty and IT, shares technical views on Tata stocks, and names…",https://economictimes.indiatimes.com/markets/expert-view/fo-talk-23050-key-nifty-support-sudeep-shah-outlines-tata-stocks-strategy-names-5-picks/articleshow/134349624.cms,"https://img.etimg.com/thumb/msid-134349789,width-1200,height-630,imgsize-229140,overlay-etmarkets/articleshow.jpg","The Indian stock market saw divergence in its benchmark indices for the second consecutive session on Friday, with the Sensex closing in the red and the Nifty in the green following sharp swings duri… [+6680 chars]",2026-09-19T07:09:02Z,2026-09-19,2026-09-22T18:03:31Z
118,TCS.NS,"""Tata Consultancy Services"" OR TCS",The Times of India,Bloomberg,Inside the 24 hours that laid bare Tata’s brutal power struggle,A dramatic Tata Sons board meeting has exposed a deep split between chairman N Chandrasekaran and Tata Trusts chairman Noel Tata over leadership and a potential listing. While the board backed Chandrasekaran for another five years and steps towards regulatory…,https://economictimes.indiatimes.com/news/company/corporate-trends/inside-the-24-hours-that-laid-bare-tatas-brutal-power-struggle/articleshow/134350035.cms,"https://img.etimg.com/thumb/msid-134350091,width-1200,height-630,imgsize-1436188,overlay-economictimes/articleshow.jpg","Shortly before noon on Sept. 17, the directors of Tata Sons Pvt., the holding company for Indias biggest conglomerate, gathered in a sleek boardroom on the fourth floor of its headquarters for a meet… [+11277 chars]",2026-09-19T07:37:48Z,2026-09-19,2026-09-22T18:03:31Z
117,TCS.NS,"""Tata Consultancy Services"" OR TCS",Business Standard,Bloomberg,Inside the 24 hours that laid bare Tata's fight for control and its future,"Directors voted 4-1 to extend N Chandrasekaran's tenure by five years and advance listing plans, rebuffing Tata Trusts chairman Noel Tata's push to keep the group private",https://www.business-standard.com/companies/news/inside-the-24-hours-that-laid-bare-tata-s-fight-over-control-and-its-future-126091900375_1.html,https://bsmedia.business-standard.com/_media/bs/img/article/2026-09/19/thumb/fitandfill/1200X628/1789804137-6767.jpg,"Directors voted 4-1 to extend N Chandrasekaran's tenure by five years and advance listing plans, rebuffing Tata Trusts chairman Noel Tata's push to keep the group private
With both sides dug in, the… [+11654 chars]",2026-09-19T07:46:16Z,2026-09-19,2026-09-22T18:03:31Z
116,TCS.NS,"""Tata Consultancy Services"" OR TCS",Livemint,list.metadata.agency,Inside the 24 hours that laid bare Tata’s brutal power struggle,The push for Tata Sons listing and the return of Chairman Natarajan Chandrasekaran is set to fuel uncertainty for a company that's making iPhones in India and flying Air India globally.,https://www.livemint.com/companies/news/tata-sons-board-meeting-ipo-listing-chairman-natarajan-chandrasekaran-tata-trusts-noel-tata-11789804829713.html,https://www.livemint.com/lm-img/img/2026/09/19/1600x900/logo/Natarajan-Chandrasekaran-Noel-Tata_1789805524156_RwYG_1789805524656_l7rs_a3d93f69-f5ad-461f-b078-13b50631c264_D7a1.jpeg,"Shortly before noon on Sept. 17, the directors of Tata Sons Pvt., Ltd. the holding company for Indias biggest conglomerate, gathered in a sleek boardroom on the fourth floor of its headquarters for a… [+11118 chars]",2026-09-19T08:14:40Z,2026-09-19,2026-09-22T18:03:31Z
115,TCS.NS,"""Tata Consultancy Services"" OR TCS",BusinessLine,& BL Research Bureau,"Nifty, Sensex & FDs: The Great Indian Bull Market Paradox","Nifty and Sensex trailed SBI and Post Office deposits over three years, while 56% of stocks failed to beat the fixed-income hurdle.",https://www.thehindubusinessline.com/portfolio/great-indian-bull-market-paradox-nifty-sensex-fd-returns/article71484146.ece,https://bl-i.thgim.com/public/incoming/1k2w06/article71485636.ece/alternates/LANDSCAPE_1200/IMG_PO15_Bull_stock_2_1_IVDNH2BJ.jpg,"The ongoing bull market, now 2,370 days old, is the longest-running in India, yet it may not feel so for many who entered Dalal Street for the first time in recent years. For years, stock market inve… [+5304 chars]",2026-09-19T16:05:19Z,2026-09-19,2026-09-22T18:03:31Z
114,TCS.NS,"""Tata Consultancy Services"" OR TCS",WABC-TV,WABC,"13,000 runners hit the streets for 2026 New Balance Bronx 10 Mile","More than a dozen local Bronx run clubs took part in this year's race, including Bronx Burners Run Club, Bronx Sole, Boogie Down Bronx Runners, Run the Neck and Van Cortlandt Track Club.",https://abc7ny.com/post/2026-new-balance-bronx-10-mile-brings-13000-runners/19849344/,https://s.yimg.com/lo/mysterio/api/7ddffddb62f9669c401a5cf736efdc1e21728f74d34c6d84b4adcda224b6aac5/lightyear_networkapi/resizefill_w1200%3Bquality_80%3Bformat_webp/https%3A%2F%2Fmedia.zenfs.com%2Fen%2Fwabc_articles_804%2F702292400978234686116df68dff7f02.jpg,"Thousands of runners hit the streets of the Bronx Saturday morning for the sold-out 2026 New Balance Bronx 10 Mile.
About 13,000 runners took part in the New York Road Runners race, which began at 8… [+1845 chars]",2026-09-19T18:33:31Z,2026-09-20,2026-09-22T18:03:31Z
113,TCS.NS,"""Tata Consultancy Services"" OR TCS",Bringatrailer.com,bringatrailer,29k-Mile 2016 Subaru WRX STi,"This 2016 Subaru WRX STi has 29k miles and is powered by a turbocharged 2.5-liter flat-four linked with a six-speed manual transaxle, a Driver-Controlled Center Differential, and an all-wheel-drive system with limited-slip front and rear differentials. The ca…",https://bringatrailer.com/listing/2016-subaru-wrx-sti-53/,https://bringatrailer.com/wp-content/uploads/2026/08/DSC09302-copy-2026-09-03-ryj-61579.jpg,"This 2016 Subaru WRX STi has 29k miles and is powered by a turbocharged 2.5-liter flat-four linked with a six-speed manual transaxle, a Driver-Controlled Center Differential, and an all-wheel-drive s… [+2885 chars]",2026-09-19T20:15:09Z,2026-09-20,2026-09-22T18:03:31Z
112,TCS.NS,"""Tata Consultancy Services"" OR TCS",Scottaaronson.blog,Scott,Theory Beyond Theorems and Proofs: A Guest Post,"Scott’s foreword: I’m extremely grateful to my brilliant colleagues, Pravesh Kothari, Raghu Meka, and Prasad Raghavendra, for sharing the guest post below about how theoretical computer science (and in particlar, the STOC/FOCS/SODA conferences) should evolve …",https://scottaaronson.blog/?p=10116,https://s0.wp.com/_si/?t=eyJpbWciOiJodHRwczpcL1wvc2NvdHRhYXJvbnNvbi5ibG9nXC93cC1jb250ZW50XC91cGxvYWRzXC8yMDIxXC8xMFwvY3JvcHBlZC1KYWNrZXQuZ2lmIiwidHh0IjoiU2h0ZXRsLU9wdGltaXplZCIsInRlbXBsYXRlIjoiZWRnZSIsImZvbnQiOiIiLCJibG9nX2lkIjoxMjk1MjA1ODB9.siOtN7gHw4tefA_rZickBw4GfI6tPxGgOQ1AXr2ZoOQMQ,"Scott’s foreword: I’m extremely grateful to my brilliant colleagues, Pravesh Kothari, Raghu Meka, and Prasad Raghavendra, for sharing the guest post below about how theoretical computer science (and … [+8061 chars]",2026-09-19T22:34:01Z,2026-09-20,2026-09-22T18:03:31Z
111,TCS.NS,"""Tata Consultancy Services"" OR TCS",The Times of India,Debaroti Adhikary,Ahead of Market: 10 things that will decide stock market action on Monday,"Indian equities extended their recovery, with Nifty gaining 0.33% as moderation in crude and global yields supported sentiment. Sensex slipped 0.03%, while broader markets outperformed. Here are 10 key factors that could influence Friday’s market action.",https://economictimes.indiatimes.com/markets/stocks/news/ahead-of-market-10-things-that-will-decide-stock-market-action-on-monday/articleshow/134367341.cms,"https://img.etimg.com/thumb/msid-134367376,width-1200,height-630,imgsize-105340,overlay-etmarkets/articleshow.jpg","The Indian stock market saw divergence in its benchmark indices for the second consecutive session, with Sensex closing in the red and Nifty in the green following sharp swings during the closing auc… [+4828 chars]",2026-09-20T11:18:48Z,2026-09-20,2026-09-22T18:03:31Z
110,TCS.NS,"""Tata Consultancy Services"" OR TCS",Business Standard,Krishna Kant,"Losses mount at Tata Sons' unlisted firms, led by Air India in FY26",Seven out of its 16 unlisted subsidiaries reported a net loss in FY26 led by Air India,https://www.business-standard.com/markets/news/losses-mount-at-tata-sons-unlisted-firms-led-by-air-india-in-fy26-126091801309_1.html,https://bsmedia.business-standard.com/_media/bs/img/article/2026-09/09/thumb/fitandfill/1200X628/1788976506-5172.jpg,"Krishna KantMumbai4 min read Last Updated : Sep 20 2026 | 11:19 PM IST
The possible listing of Tata Sons is set to bring greater public scrutiny to the groups loss-making businesses, as well as its … [+4538 chars]",2026-09-20T17:48:01Z,2026-09-20,2026-09-22T18:03:31Z
109,TCS.NS,"""Tata Consultancy Services"" OR TCS",Livemint,"Satish John, Varun Sood",Four hours at Bombay House: How five Tata Sons directors outflanked Noel Tata,"The Tata scion left Bombay House believing Tata Sons had taken no decisions at last week’s crucial board meeting. Hours later, the board had reappointed N. Chandrasekaran as chair and moved towards RBI compliance.",https://www.livemint.com/companies/news/tata-sons-board-meeting-noel-tata-11789917014343.html,https://www.livemint.com/lm-img/img/2026/09/20/1600x900/logo/Noel_vs_Chandra_1789917401600_13Bd_1789917408156_wSu4_dfbce0b6-3597-4239-b3ab-bf7a3c525c3b_8PvG.png,"Sense of foreboding
The first hint of how the day would unfold came an hour before the board meeting.
Harish Manwani, former chief operating officer of Unilever Plc. and a Tata Sons board member, m… [+11489 chars]",2026-09-21T00:00:52Z,2026-09-21,2026-09-22T18:03:31Z
108,TCS.NS,"""Tata Consultancy Services"" OR TCS",The Times of India,Debaroti Adhikary,"Tata Chemicals, Tata Investment Corp shares fall up to 3% as boardroom battle likely to reach court","The dispute between Tata Trusts and Tata Sons over N Chandrasekaran’s reappointment escalated, with the matter potentially heading to court. Tata Sons recently approved a fresh five-year extension for Chandrasekaran and began preparations for its IPO, trigger…",https://economictimes.indiatimes.com/markets/stocks/news/tata-chemicals-tata-investment-corp-shares-fall-up-to-3-as-boardroom-battle-likely-to-reach-court/articleshow/134379458.cms,"https://img.etimg.com/thumb/msid-134379550,width-1200,height-630,imgsize-2391833,overlay-etmarkets/articleshow.jpg","Tata Group stocks dropped in early trade on Monday as the corporate battle between Tata Trusts and Tata Sons over the latters reappointment of N Chandrasekaran as Chairman intensified further, likely… [+4719 chars]",2026-09-21T04:07:35Z,2026-09-21,2026-09-22T18:03:31Z
107,TCS.NS,"""Tata Consultancy Services"" OR TCS",Business Standard,Saloni Goel,"Nifty's 6-week losing run: 9 stocks fall 10-14%; 6 defy trend, add ₹73K cr","Bogged down by crude oil prices trading above $100, the Nifty 50 index has lost 5 per cent during the six-week selloff, which is also its longest since 2020.",https://www.business-standard.com/markets/news/nifty-s-6-week-losing-run-9-stocks-fall-10-14-6-defy-trend-add-73k-cr-126092100326_1.html,https://bsmedia.business-standard.com/_media/bs/img/article/2026-07/12/thumb/fitandfill/1200X628/1783878541-5305.jpg,"Bogged down by crude oil prices trading above $100, the Nifty 50 index has lost 5 per cent during the six-week selloff, which is also its longest since 2020.
Illustration: Ajaya Mohanty
Saloni Goel… [+3376 chars]",2026-09-21T07:00:28Z,2026-09-21,2026-09-22T18:03:31Z
106,TCS.NS,"""Tata Consultancy Services"" OR TCS",The Times of India,Veer Sharma,"How to trade TCS, Tata Chemicals, other Tata stocks as boardroom battles could reach court","Tata Group stocks remain volatile amid the Tata Trusts-Tata Sons dispute over N Chandrasekaran's reappointment. Technical analysts highlight key resistance levels and bearish signals for Tata Chemicals, TCS, Tata Motors PV and Tata Investment Corp.",https://economictimes.indiatimes.com/markets/stocks/news/how-to-trade-tcs-tata-chemicals-other-tata-stocks-as-boardroom-battles-could-reach-court/articleshow/134383483.cms,"https://img.etimg.com/thumb/msid-134383593,width-1200,height-630,imgsize-2291168,overlay-etmarkets/articleshow.jpg","Shares of TCS, Tata Chemicals and other Tata Group companies have witnessed sharp swings over the past few sessions as the corporate tussle between Tata Trusts and Tata Sons over N Chandrasekaran's r… [+3981 chars]",2026-09-21T07:34:54Z,2026-09-21,2026-09-22T18:03:31Z
105,TCS.NS,"""Tata Consultancy Services"" OR TCS",BusinessLine,ANI,Tata Group stocks under pressure as Tata Trusts-Tata Sons rift deepens,The dispute also comes as Tata Sons faces renewed pressure over its potential listing after the RBIb rejected its request to surrender its registration and continue as a private company,https://www.thehindubusinessline.com/markets/stock-markets/tata-group-stocks-under-pressure-as-tata-trusts-tata-sons-rift-deepens/article71490535.ece,https://bl-i.thgim.com/public/todays-paper/tp-others/d6rtnc/article71485979.ece/alternates/LANDSCAPE_1200/PF_5col_lead_shGGDGI1R89.7.jpg.jpg,Most Tata Group stocks remained under pressure during the early hours of Monday's trading session as the dispute between Tata Trusts and Tata Sons over the leadership and future structure of the cong… [+2251 chars],2026-09-21T07:57:01Z,2026-09-21,2026-09-22T18:03:31Z
104,TCS.NS,"""Tata Consultancy Services"" OR TCS",Moneycontrol,Ayush Mishra,Tax audit deadline September 30: Professionals seek extension to October 31 on social media,"Tax professionals and taxpayers are seeking more time to complete tax audits, with posts on X calling for the September 30 deadline to be extended to October 31. However, no official extension has been announced yet",https://www.moneycontrol.com/news/business/personal-finance/tax-audit-deadline-september-30-professionals-seek-extension-to-october-31-on-social-media-14034470.html,https://images.moneycontrol.com/static-mcnews/2026/09/20260921072918_image.jpg,"Market Mastery
Webinar by Vishal Malkan
Find the weak links
in your portfolio by Vishal Malkan
The September 30 deadline for filing tax audit reports for AY 2026-27 is approaching, and the demand… [+3771 chars]",2026-09-21T09:07:02Z,2026-09-21,2026-09-22T18:03:31Z
103,TCS.NS,"""Tata Consultancy Services"" OR TCS",BusinessLine,BL Research Bureau,"Day Trading Guide for September 22, 2026: Intraday supports, resistances for Nifty50 stocks","Day Trading Guide gives you the key intraday supports and resistances to watch out for on the Nifty Futures and other widely traded stocks such as Reliance Industries, Infosys, HDFC Bank, TCS, SBI",https://www.thehindubusinessline.com/portfolio/day-trading-guide/day-trading-guide-for-september-22/article71491357.ece,https://bl-i.thgim.com/public/incoming/qezet7/article71491435.ece/alternates/LANDSCAPE_1200/PO16_Rising_chart.jpg,"Day Trading Guide gives you the key intraday supports and resistances to watch out for on the Nifty Futures and other widely traded stocks such as Reliance Industries, Infosys, HDFC Bank, TCS, SBI. B… [+2335 chars]",2026-09-21T13:17:27Z,2026-09-21,2026-09-22T18:03:31Z
102,TCS.NS,"""Tata Consultancy Services"" OR TCS",Biztoc.com,fastcompany.com,Becoming ‘AI native’ might not be as profitable as you think. Unless your company does it right,"AI is changing everything, from how employees work to what they are working on. 
But a new Fast Company report in collaboration with Tata Consultancy Services (TCS) revealed that only about 7% of companies are actually generating measurable value from artific…",https://biztoc.com/x/f605541087b8c6d5,https://biztoc.com/cdn/f605541087b8c6d5_s.webp,"AI is changing everything, from how employees work to what they are working on. But a new Fast Company report in collaboration with Tata Consultancy Services (TCS) revealed that only about 7% of comp… [+146 chars]",2026-09-21T13:41:56Z,2026-09-21,2026-09-22T18:03:31Z
101,TCS.NS,"""Tata Consultancy Services"" OR TCS",Plos.org,"Beibei Zhang, Shizhu Gou, Deqiang Wang, Xingjian Zhu, Yuhui Han, Yaqi Sun, Ying Li, Qinglei Hu, Xueying Liu",A sequential integrating virtual simulation and authentic video for preschool teacher candidates’ observational skills training: A design-based intervention study,"Professional observation ability is a foundational skill for preschool teachers, yet its cultivation has long faced the challenge of bridging theory and practice. Virtual simulation and authentic video offer new technological pathways to address this gap, but…",https://journals.plos.org/plosone/article?id=10.1371/journal.pone.0358951,https://journals.plos.org/plosone/article/figure/image?id=10.1371/journal.pone.0358951.g002&size=inline,"4.1. Differences in initial effects of VS and AV on observational skills performance and observation quality
4.1.1. Quantitative comparison of observational skills performance: based on group observ… [+43162 chars]",2026-09-21T14:00:00Z,2026-09-21,2026-09-22T18:03:31Z
100,TCS.NS,"""Tata Consultancy Services"" OR TCS",The Times of India,Trending Desk,"Techie starts with Rs 3.2 lakh at TCS, lands Rs 40 lakh Amazon role within a year","Sourabh Mishra’s reported career journey from a Tier-3 government college to Amazon has gained attention online. According to an X post, he began at TCS with a Rs 3.2 lakh annual package after prioritising GATE preparation during college. About a year later, …",https://economictimes.indiatimes.com/news/new-updates/techie-starts-with-rs-3-2-lakh-at-tcs-lands-rs-40-lakh-amazon-role-within-a-year/articleshow/134393909.cms,"https://img.etimg.com/thumb/msid-134394692,width-1200,height-630,imgsize-76718,overlay-economictimes/articleshow.jpg","A tech professionals journey from a Tier-3 government college to Amazon has drawn attention online, after his career reportedly took a sharp turn within a year of joining his first company.According … [+2581 chars]",2026-09-21T17:14:18Z,2026-09-21,2026-09-22T18:03:31Z
99,TCS.NS,"""Tata Consultancy Services"" OR TCS",The Times of India,Trending Desk,"‘This is why people stereotype India’: Indian traveller tries to cut in front of long queue at Vienna airport, people force him back","An X user claimed he witnessed an Indian traveller allegedly skip a baggage-drop queue at Vienna airport before being confronted by people waiting in line. The incident prompted discussion over queue etiquette and behaviour abroad, with some users criticising…",https://economictimes.indiatimes.com/news/new-updates/this-is-why-people-stereotype-india-indian-traveller-tries-to-cut-in-front-of-long-queue-at-vienna-airport-people-force-him-back/articleshow/134395116.cms,"https://img.etimg.com/thumb/msid-134395234,width-1200,height-630,imgsize-182489,overlay-economictimes/articleshow.jpg","An Indian traveller was allegedly confronted after skipping a baggage-drop queue at Vienna airport, according to an X user who said he witnessed the incident. The post has triggered a wider online di… [+4607 chars]",2026-09-21T17:41:28Z,2026-09-21,2026-09-22T18:03:31Z
